{
  "DLSVersion": "2.1.6",
  "Name": "1 BIT REG",
  "NameLocation": 0,
  "ChipType": 0,
  "Size": {
    "x": 1.475,
    "y": 0.75
  },
  "Colour": {
    "r": 0.416705,
    "g": 0.5327174,
    "b": 0.450233757,
    "a": 1
  },
  "InputPins":[
    {
      "Name":"LOAD",
      "ID":65989686,
      "Position":{
        "x":-8.88889,
        "y":0.85185
      },
      "BitCount":1,
      "Colour":0,
      "ValueDisplayMode":0
    },
    {
      "Name":"D",
      "ID":2144919375,
      "Position":{
        "x":-8.88889,
        "y":-1.1358
      },
      "BitCount":1,
      "Colour":0,
      "ValueDisplayMode":0
    },
    {
      "Name":"CLK",
      "ID":646245277,
      "Position":{
        "x":-8.88889,
        "y":-2.06173
      },
      "BitCount":1,
      "Colour":0,
      "ValueDisplayMode":0
    }
  ],
  "OutputPins":[
    {
      "Name":"Q",
      "ID":1909734702,
      "Position":{
        "x":8.88272,
        "y":-0.50617
      },
      "BitCount":1,
      "Colour":0,
      "ValueDisplayMode":0
    },
    {
      "Name":"Q'",
      "ID":1611911002,
      "Position":{
        "x":8.88272,
        "y":-1.02469
      },
      "BitCount":1,
      "Colour":0,
      "ValueDisplayMode":0
    }
  ],
  "SubChips":[
    {
      "Name":"AND",
      "ID":1119182452,
      "Label":"",
      "Position":{
        "x":-3.44444,
        "y":0.037039999999999997
      },
      "OutputPinColourInfo":[{"PinColour":0,"PinID":1834173622}],
      "InternalData":null
    },
    {
      "Name":"AND",
      "ID":1251490835,
      "Label":"",
      "Position":{
        "x":-3.4321,
        "y":-1.17284
      },
      "OutputPinColourInfo":[{"PinColour":0,"PinID":1834173622}],
      "InternalData":null
    },
    {
      "Name":"OR",
      "ID":546913846,
      "Label":"",
      "Position":{
        "x":-1.85185,
        "y":-0.51852
      },
      "OutputPinColourInfo":[{"PinColour":0,"PinID":1686933192}],
      "InternalData":null
    },
    {
      "Name":"D FLIP FLOP",
      "ID":276559086,
      "Label":"",
      "Position":{
        "x":0.34568,
        "y":-0.62963
      },
      "OutputPinColourInfo":[{"PinColour":0,"PinID":367800128},{"PinColour":0,"PinID":953604972}],
      "InternalData":null
    },
    {
      "Name":"NOT",
      "ID":1350665339,
      "Label":"",
      "Position":{
        "x":-5.08642,
        "y":-0.08642
      },
      "OutputPinColourInfo":[{"PinColour":0,"PinID":329703237}],
      "InternalData":null
    }
  ],
  "Wires":[
    {
      "SourcePinAddress":{
        "PinID":0,
        "PinOwnerID":65989686
      },
      "TargetPinAddress":{
        "PinID":592835066,
        "PinOwnerID":1350665339
      },
      "ConnectionType":0,
      "ConnectedWireIndex":-1,
      "ConnectedWireSegmentIndex":-1,
      "Points":[{"x":0.0,"y":0.0},{"x":-5.92593,"y":0.85185},{"x":-5.91557,"y":-0.08617},{"x":0.0,"y":0.0}]
    },
    {
      "SourcePinAddress":{
        "PinID":329703237,
        "PinOwnerID":1350665339
      },
      "TargetPinAddress":{
        "PinID":267671138,
        "PinOwnerID":1119182452
      },
      "ConnectionType":0,
      "ConnectedWireIndex":-1,
      "ConnectedWireSegmentIndex":-1,
      "Points":[{"x":0.0,"y":0.0},{"x":0.0,"y":0.0}]
    },
    {
      "SourcePinAddress":{
        "PinID":1834173622,
        "PinOwnerID":1251490835
      },
      "TargetPinAddress":{
        "PinID":643740030,
        "PinOwnerID":546913846
      },
      "ConnectionType":0,
      "ConnectedWireIndex":-1,
      "ConnectedWireSegmentIndex":-1,
      "Points":[{"x":0.0,"y":0.0},{"x":-2.60494,"y":-1.16049},{"x":-2.62963,"y":-0.62963},{"x":0.0,"y":0.0}]
    },
    {
      "SourcePinAddress":{
        "PinID":1834173622,
        "PinOwnerID":1119182452
      },
      "TargetPinAddress":{
        "PinID":977249482,
        "PinOwnerID":546913846
      },
      "ConnectionType":0,
      "ConnectedWireIndex":-1,
      "ConnectedWireSegmentIndex":-1,
      "Points":[{"x":0.0,"y":0.0},{"x":-2.66667,"y":0.02469},{"x":-2.67901,"y":-0.40741},{"x":0.0,"y":0.0}]
    },
    {
      "SourcePinAddress":{
        "PinID":1686933192,
        "PinOwnerID":546913846
      },
      "TargetPinAddress":{
        "PinID":934445199,
        "PinOwnerID":276559086
      },
      "ConnectionType":0,
      "ConnectedWireIndex":-1,
      "ConnectedWireSegmentIndex":-1,
      "Points":[{"x":0.0,"y":0.0},{"x":0.0,"y":0.0}]
    },
    {
      "SourcePinAddress":{
        "PinID":0,
        "PinOwnerID":646245277
      },
      "TargetPinAddress":{
        "PinID":999323316,
        "PinOwnerID":276559086
      },
      "ConnectionType":0,
      "ConnectedWireIndex":-1,
      "ConnectedWireSegmentIndex":-1,
      "Points":[{"x":0.0,"y":0.0},{"x":-0.77778,"y":-1.97531},{"x":-0.80247,"y":-0.74074},{"x":0.0,"y":0.0}]
    },
    {
      "SourcePinAddress":{
        "PinID":367800128,
        "PinOwnerID":276559086
      },
      "TargetPinAddress":{
        "PinID":0,
        "PinOwnerID":1909734702
      },
      "ConnectionType":0,
      "ConnectedWireIndex":-1,
      "ConnectedWireSegmentIndex":-1,
      "Points":[{"x":0.0,"y":0.0},{"x":0.0,"y":0.0}]
    },
    {
      "SourcePinAddress":{
        "PinID":953604972,
        "PinOwnerID":276559086
      },
      "TargetPinAddress":{
        "PinID":0,
        "PinOwnerID":1611911002
      },
      "ConnectionType":0,
      "ConnectedWireIndex":-1,
      "ConnectedWireSegmentIndex":-1,
      "Points":[{"x":0.0,"y":0.0},{"x":0.0,"y":0.0}]
    },
    {
      "SourcePinAddress":{
        "PinID":367800128,
        "PinOwnerID":276559086
      },
      "TargetPinAddress":{
        "PinID":1479226400,
        "PinOwnerID":1119182452
      },
      "ConnectionType":1,
      "ConnectedWireIndex":6,
      "ConnectedWireSegmentIndex":0,
      "Points":[{"x":1.57407,"y":-0.50477},{"x":1.53704,"y":1.7284},{"x":-4.04321,"y":1.66667},{"x":-4.00617,"y":0.19753},{"x":0.0,"y":0.0}]
    },
    {
      "SourcePinAddress":{
        "PinID":0,
        "PinOwnerID":2144919375
      },
      "TargetPinAddress":{
        "PinID":267671138,
        "PinOwnerID":1251490835
      },
      "ConnectionType":0,
      "ConnectedWireIndex":-1,
      "ConnectedWireSegmentIndex":-1,
      "Points":[{"x":0.0,"y":0.0},{"x":0.0,"y":0.0}]
    },
    {
      "SourcePinAddress":{
        "PinID":0,
        "PinOwnerID":65989686
      },
      "TargetPinAddress":{
        "PinID":1479226400,
        "PinOwnerID":1251490835
      },
      "ConnectionType":1,
      "ConnectedWireIndex":0,
      "ConnectedWireSegmentIndex":1,
      "Points":[{"x":-5.91557,"y":-0.08617},{"x":-5.8522,"y":-0.99381},{"x":0.0,"y":0.0}]
    }
  ],
  "Displays": null
}