{
  "DLSVersion": "2.1.6",
  "Name": "1x 4 bit RAM",
  "NameLocation": 0,
  "ChipType": 0,
  "Size": {
    "x": 1.25,
    "y": 1.75
  },
  "Colour": {
    "r": 0.8743977,
    "g": 0.714196742,
    "b": 0.543275535,
    "a": 1
  },
  "InputPins":[
    {
      "Name":"A3",
      "ID":394842305,
      "Position":{
        "x":-8.88889,
        "y":2.55556
      },
      "BitCount":1,
      "Colour":0,
      "ValueDisplayMode":0
    },
    {
      "Name":"A2",
      "ID":1232929246,
      "Position":{
        "x":-8.88889,
        "y":1.95062
      },
      "BitCount":1,
      "Colour":0,
      "ValueDisplayMode":0
    },
    {
      "Name":"A1",
      "ID":1673954194,
      "Position":{
        "x":-8.88889,
        "y":1.33333
      },
      "BitCount":1,
      "Colour":0,
      "ValueDisplayMode":0
    },
    {
      "Name":"A0",
      "ID":1947763524,
      "Position":{
        "x":-8.88889,
        "y":0.60494
      },
      "BitCount":1,
      "Colour":0,
      "ValueDisplayMode":0
    },
    {
      "Name":"LOAD",
      "ID":2076478179,
      "Position":{
        "x":-8.88889,
        "y":-0.67901
      },
      "BitCount":1,
      "Colour":0,
      "ValueDisplayMode":0
    },
    {
      "Name":"CLK",
      "ID":317352135,
      "Position":{
        "x":-8.88889,
        "y":-1.2963
      },
      "BitCount":1,
      "Colour":0,
      "ValueDisplayMode":0
    },
    {
      "Name":"1",
      "ID":290759835,
      "Position":{
        "x":-8.88889,
        "y":-2.19753
      },
      "BitCount":1,
      "Colour":0,
      "ValueDisplayMode":0
    }
  ],
  "OutputPins":[
    {
      "Name":"D3",
      "ID":986793394,
      "Position":{
        "x":8.88272,
        "y":2.44444
      },
      "BitCount":1,
      "Colour":0,
      "ValueDisplayMode":0
    },
    {
      "Name":"D2",
      "ID":534985748,
      "Position":{
        "x":8.88272,
        "y":1.22222
      },
      "BitCount":1,
      "Colour":0,
      "ValueDisplayMode":0
    },
    {
      "Name":"D1",
      "ID":527015756,
      "Position":{
        "x":8.88272,
        "y":-0.25926
      },
      "BitCount":1,
      "Colour":0,
      "ValueDisplayMode":0
    },
    {
      "Name":"D0",
      "ID":1515262402,
      "Position":{
        "x":8.85803,
        "y":-1.71605
      },
      "BitCount":1,
      "Colour":0,
      "ValueDisplayMode":0
    }
  ],
  "SubChips":[
    {
      "Name":"4 BIT REG",
      "ID":2080176222,
      "Label":"",
      "Position":{
        "x":-1.67901,
        "y":0.71605
      },
      "OutputPinColourInfo":[{"PinColour":0,"PinID":13869904},{"PinColour":0,"PinID":1983872400},{"PinColour":0,"PinID":1893517814},{"PinColour":0,"PinID":1350937073}],
      "InternalData":null
    },
    {
      "Name":"BUFFER",
      "ID":56966602,
      "Label":"",
      "Position":{
        "x":-0.1358,
        "y":0.39506
      },
      "OutputPinColourInfo":[{"PinColour":0,"PinID":1452807932},{"PinColour":0,"PinID":226763273},{"PinColour":0,"PinID":296717527},{"PinColour":0,"PinID":1357541311}],
      "InternalData":null
    }
  ],
  "Wires":[
    {
      "SourcePinAddress":{
        "PinID":13869904,
        "PinOwnerID":2080176222
      },
      "TargetPinAddress":{
        "PinID":1612656153,
        "PinOwnerID":56966602
      },
      "ConnectionType":0,
      "ConnectedWireIndex":-1,
      "ConnectedWireSegmentIndex":-1,
      "Points":[{"x":0.0,"y":0.0},{"x":0.0,"y":0.0}]
    },
    {
      "SourcePinAddress":{
        "PinID":1983872400,
        "PinOwnerID":2080176222
      },
      "TargetPinAddress":{
        "PinID":1957625802,
        "PinOwnerID":56966602
      },
      "ConnectionType":0,
      "ConnectedWireIndex":-1,
      "ConnectedWireSegmentIndex":-1,
      "Points":[{"x":0.0,"y":0.0},{"x":0.0,"y":0.0}]
    },
    {
      "SourcePinAddress":{
        "PinID":1893517814,
        "PinOwnerID":2080176222
      },
      "TargetPinAddress":{
        "PinID":2097091608,
        "PinOwnerID":56966602
      },
      "ConnectionType":0,
      "ConnectedWireIndex":-1,
      "ConnectedWireSegmentIndex":-1,
      "Points":[{"x":0.0,"y":0.0},{"x":0.0,"y":0.0}]
    },
    {
      "SourcePinAddress":{
        "PinID":1350937073,
        "PinOwnerID":2080176222
      },
      "TargetPinAddress":{
        "PinID":1308145196,
        "PinOwnerID":56966602
      },
      "ConnectionType":0,
      "ConnectedWireIndex":-1,
      "ConnectedWireSegmentIndex":-1,
      "Points":[{"x":0.0,"y":0.0},{"x":0.0,"y":0.0}]
    },
    {
      "SourcePinAddress":{
        "PinID":0,
        "PinOwnerID":394842305
      },
      "TargetPinAddress":{
        "PinID":217290371,
        "PinOwnerID":2080176222
      },
      "ConnectionType":0,
      "ConnectedWireIndex":-1,
      "ConnectedWireSegmentIndex":-1,
      "Points":[{"x":0.0,"y":0.0},{"x":0.0,"y":0.0}]
    },
    {
      "SourcePinAddress":{
        "PinID":0,
        "PinOwnerID":1232929246
      },
      "TargetPinAddress":{
        "PinID":385223175,
        "PinOwnerID":2080176222
      },
      "ConnectionType":0,
      "ConnectedWireIndex":-1,
      "ConnectedWireSegmentIndex":-1,
      "Points":[{"x":0.0,"y":0.0},{"x":0.0,"y":0.0}]
    },
    {
      "SourcePinAddress":{
        "PinID":0,
        "PinOwnerID":1673954194
      },
      "TargetPinAddress":{
        "PinID":464952480,
        "PinOwnerID":2080176222
      },
      "ConnectionType":0,
      "ConnectedWireIndex":-1,
      "ConnectedWireSegmentIndex":-1,
      "Points":[{"x":0.0,"y":0.0},{"x":0.0,"y":0.0}]
    },
    {
      "SourcePinAddress":{
        "PinID":0,
        "PinOwnerID":1947763524
      },
      "TargetPinAddress":{
        "PinID":236702342,
        "PinOwnerID":2080176222
      },
      "ConnectionType":0,
      "ConnectedWireIndex":-1,
      "ConnectedWireSegmentIndex":-1,
      "Points":[{"x":0.0,"y":0.0},{"x":0.0,"y":0.0}]
    },
    {
      "SourcePinAddress":{
        "PinID":0,
        "PinOwnerID":290759835
      },
      "TargetPinAddress":{
        "PinID":584552999,
        "PinOwnerID":56966602
      },
      "ConnectionType":0,
      "ConnectedWireIndex":-1,
      "ConnectedWireSegmentIndex":-1,
      "Points":[{"x":0.0,"y":0.0},{"x":-1.12346,"y":-2.16049},{"x":-1.18519,"y":-0.14815},{"x":0.0,"y":0.0}]
    },
    {
      "SourcePinAddress":{
        "PinID":0,
        "PinOwnerID":317352135
      },
      "TargetPinAddress":{
        "PinID":674377508,
        "PinOwnerID":2080176222
      },
      "ConnectionType":0,
      "ConnectedWireIndex":-1,
      "ConnectedWireSegmentIndex":-1,
      "Points":[{"x":0.0,"y":0.0},{"x":-2.4321,"y":-1.2716},{"x":-2.44444,"y":0.09877},{"x":0.0,"y":0.0}]
    },
    {
      "SourcePinAddress":{
        "PinID":0,
        "PinOwnerID":2076478179
      },
      "TargetPinAddress":{
        "PinID":1180692063,
        "PinOwnerID":2080176222
      },
      "ConnectionType":0,
      "ConnectedWireIndex":-1,
      "ConnectedWireSegmentIndex":-1,
      "Points":[{"x":0.0,"y":0.0},{"x":-2.80247,"y":-0.66667},{"x":-2.79012,"y":0.2963},{"x":0.0,"y":0.0}]
    },
    {
      "SourcePinAddress":{
        "PinID":1357541311,
        "PinOwnerID":56966602
      },
      "TargetPinAddress":{
        "PinID":0,
        "PinOwnerID":1515262402
      },
      "ConnectionType":0,
      "ConnectedWireIndex":-1,
      "ConnectedWireSegmentIndex":-1,
      "Points":[{"x":0.0,"y":0.0},{"x":0.0,"y":0.0}]
    },
    {
      "SourcePinAddress":{
        "PinID":296717527,
        "PinOwnerID":56966602
      },
      "TargetPinAddress":{
        "PinID":0,
        "PinOwnerID":527015756
      },
      "ConnectionType":0,
      "ConnectedWireIndex":-1,
      "ConnectedWireSegmentIndex":-1,
      "Points":[{"x":0.0,"y":0.0},{"x":0.0,"y":0.0}]
    },
    {
      "SourcePinAddress":{
        "PinID":226763273,
        "PinOwnerID":56966602
      },
      "TargetPinAddress":{
        "PinID":0,
        "PinOwnerID":534985748
      },
      "ConnectionType":0,
      "ConnectedWireIndex":-1,
      "ConnectedWireSegmentIndex":-1,
      "Points":[{"x":0.0,"y":0.0},{"x":0.0,"y":0.0}]
    },
    {
      "SourcePinAddress":{
        "PinID":1452807932,
        "PinOwnerID":56966602
      },
      "TargetPinAddress":{
        "PinID":0,
        "PinOwnerID":986793394
      },
      "ConnectionType":0,
      "ConnectedWireIndex":-1,
      "ConnectedWireSegmentIndex":-1,
      "Points":[{"x":0.0,"y":0.0},{"x":0.0,"y":0.0}]
    }
  ],
  "Displays": null
}