{
  "DLSVersion": "2.1.6",
  "Name": "4 BIT REG",
  "NameLocation": 0,
  "ChipType": 0,
  "Size": {
    "x": 1.025,
    "y": 1.5
  },
  "Colour": {
    "r": 0.508742869,
    "g": 0.557297766,
    "b": 0.694852233,
    "a": 1
  },
  "InputPins":[
    {
      "Name":"D3",
      "ID":217290371,
      "Position":{
        "x":-8.88889,
        "y":1.66667
      },
      "BitCount":1,
      "Colour":0,
      "ValueDisplayMode":0
    },
    {
      "Name":"D2",
      "ID":385223175,
      "Position":{
        "x":-8.88889,
        "y":1.18519
      },
      "BitCount":1,
      "Colour":0,
      "ValueDisplayMode":0
    },
    {
      "Name":"D1",
      "ID":464952480,
      "Position":{
        "x":-8.88889,
        "y":0.72839
      },
      "BitCount":1,
      "Colour":0,
      "ValueDisplayMode":0
    },
    {
      "Name":"D0",
      "ID":236702342,
      "Position":{
        "x":-8.88889,
        "y":0.14815
      },
      "BitCount":1,
      "Colour":0,
      "ValueDisplayMode":0
    },
    {
      "Name":"LOAD",
      "ID":1180692063,
      "Position":{
        "x":-8.88889,
        "y":-1.69136
      },
      "BitCount":1,
      "Colour":0,
      "ValueDisplayMode":0
    },
    {
      "Name":"CLK",
      "ID":674377508,
      "Position":{
        "x":-8.88889,
        "y":-2.32099
      },
      "BitCount":1,
      "Colour":0,
      "ValueDisplayMode":0
    }
  ],
  "OutputPins":[
    {
      "Name":"Q3",
      "ID":13869904,
      "Position":{
        "x":8.88272,
        "y":1.59259
      },
      "BitCount":1,
      "Colour":0,
      "ValueDisplayMode":0
    },
    {
      "Name":"Q2",
      "ID":1983872400,
      "Position":{
        "x":8.88272,
        "y":0.81481
      },
      "BitCount":1,
      "Colour":0,
      "ValueDisplayMode":0
    },
    {
      "Name":"Q1",
      "ID":1893517814,
      "Position":{
        "x":8.87037,
        "y":-0.1358
      },
      "BitCount":1,
      "Colour":0,
      "ValueDisplayMode":0
    },
    {
      "Name":"Q0",
      "ID":1350937073,
      "Position":{
        "x":8.88272,
        "y":-1.14815
      },
      "BitCount":1,
      "Colour":0,
      "ValueDisplayMode":0
    }
  ],
  "SubChips":[
    {
      "Name":"1 BIT REG",
      "ID":625556276,
      "Label":"",
      "Position":{
        "x":-1.45679,
        "y":1.44444
      },
      "OutputPinColourInfo":[{"PinColour":0,"PinID":1909734702},{"PinColour":0,"PinID":1611911002}],
      "InternalData":null
    },
    {
      "Name":"1 BIT REG",
      "ID":1127055249,
      "Label":"",
      "Position":{
        "x":-1.44444,
        "y":0.55556
      },
      "OutputPinColourInfo":[{"PinColour":0,"PinID":1909734702},{"PinColour":0,"PinID":1611911002}],
      "InternalData":null
    },
    {
      "Name":"1 BIT REG",
      "ID":1537705678,
      "Label":"",
      "Position":{
        "x":-1.40741,
        "y":-0.38272
      },
      "OutputPinColourInfo":[{"PinColour":0,"PinID":1909734702},{"PinColour":0,"PinID":1611911002}],
      "InternalData":null
    },
    {
      "Name":"1 BIT REG",
      "ID":648967636,
      "Label":"",
      "Position":{
        "x":-1.46914,
        "y":-1.32099
      },
      "OutputPinColourInfo":[{"PinColour":0,"PinID":1909734702},{"PinColour":0,"PinID":1611911002}],
      "InternalData":null
    }
  ],
  "Wires":[
    {
      "SourcePinAddress":{
        "PinID":0,
        "PinOwnerID":674377508
      },
      "TargetPinAddress":{
        "PinID":646245277,
        "PinOwnerID":625556276
      },
      "ConnectionType":0,
      "ConnectedWireIndex":-1,
      "ConnectedWireSegmentIndex":-1,
      "Points":[{"x":0.0,"y":0.0},{"x":-2.90123,"y":-2.33333},{"x":-2.88889,"y":1.23457},{"x":0.0,"y":0.0}]
    },
    {
      "SourcePinAddress":{
        "PinID":0,
        "PinOwnerID":674377508
      },
      "TargetPinAddress":{
        "PinID":646245277,
        "PinOwnerID":1127055249
      },
      "ConnectionType":1,
      "ConnectedWireIndex":0,
      "ConnectedWireSegmentIndex":1,
      "Points":[{"x":-2.89213,"y":0.29635},{"x":0.0,"y":0.0}]
    },
    {
      "SourcePinAddress":{
        "PinID":0,
        "PinOwnerID":674377508
      },
      "TargetPinAddress":{
        "PinID":646245277,
        "PinOwnerID":1537705678
      },
      "ConnectionType":1,
      "ConnectedWireIndex":0,
      "ConnectedWireSegmentIndex":1,
      "Points":[{"x":-2.89521,"y":-0.59249},{"x":0.0,"y":0.0}]
    },
    {
      "SourcePinAddress":{
        "PinID":0,
        "PinOwnerID":674377508
      },
      "TargetPinAddress":{
        "PinID":646245277,
        "PinOwnerID":648967636
      },
      "ConnectionType":1,
      "ConnectedWireIndex":0,
      "ConnectedWireSegmentIndex":1,
      "Points":[{"x":-2.89863,"y":-1.58034},{"x":0.0,"y":0.0}]
    },
    {
      "SourcePinAddress":{
        "PinID":0,
        "PinOwnerID":1180692063
      },
      "TargetPinAddress":{
        "PinID":65989686,
        "PinOwnerID":625556276
      },
      "ConnectionType":0,
      "ConnectedWireIndex":-1,
      "ConnectedWireSegmentIndex":-1,
      "Points":[{"x":0.0,"y":0.0},{"x":-3.37037,"y":-1.76543},{"x":-3.34568,"y":1.77778},{"x":0.0,"y":0.0}]
    },
    {
      "SourcePinAddress":{
        "PinID":0,
        "PinOwnerID":1180692063
      },
      "TargetPinAddress":{
        "PinID":65989686,
        "PinOwnerID":1127055249
      },
      "ConnectionType":1,
      "ConnectedWireIndex":4,
      "ConnectedWireSegmentIndex":1,
      "Points":[{"x":-3.35248,"y":0.80252},{"x":0.0,"y":0.0}]
    },
    {
      "SourcePinAddress":{
        "PinID":0,
        "PinOwnerID":1180692063
      },
      "TargetPinAddress":{
        "PinID":65989686,
        "PinOwnerID":1537705678
      },
      "ConnectionType":1,
      "ConnectedWireIndex":4,
      "ConnectedWireSegmentIndex":1,
      "Points":[{"x":-3.35867,"y":-0.08624},{"x":0.0,"y":0.0}]
    },
    {
      "SourcePinAddress":{
        "PinID":0,
        "PinOwnerID":1180692063
      },
      "TargetPinAddress":{
        "PinID":65989686,
        "PinOwnerID":648967636
      },
      "ConnectionType":1,
      "ConnectedWireIndex":4,
      "ConnectedWireSegmentIndex":1,
      "Points":[{"x":-3.36555,"y":-1.07402},{"x":0.0,"y":0.0}]
    },
    {
      "SourcePinAddress":{
        "PinID":0,
        "PinOwnerID":217290371
      },
      "TargetPinAddress":{
        "PinID":2144919375,
        "PinOwnerID":625556276
      },
      "ConnectionType":0,
      "ConnectedWireIndex":-1,
      "ConnectedWireSegmentIndex":-1,
      "Points":[{"x":0.0,"y":0.0},{"x":-3.77778,"y":1.66667},{"x":-3.77778,"y":1.48148},{"x":0.0,"y":0.0}]
    },
    {
      "SourcePinAddress":{
        "PinID":0,
        "PinOwnerID":385223175
      },
      "TargetPinAddress":{
        "PinID":2144919375,
        "PinOwnerID":1127055249
      },
      "ConnectionType":0,
      "ConnectedWireIndex":-1,
      "ConnectedWireSegmentIndex":-1,
      "Points":[{"x":0.0,"y":0.0},{"x":-3.81482,"y":1.20988},{"x":-3.79012,"y":0.61728},{"x":0.0,"y":0.0}]
    },
    {
      "SourcePinAddress":{
        "PinID":0,
        "PinOwnerID":464952480
      },
      "TargetPinAddress":{
        "PinID":2144919375,
        "PinOwnerID":1537705678
      },
      "ConnectionType":0,
      "ConnectedWireIndex":-1,
      "ConnectedWireSegmentIndex":-1,
      "Points":[{"x":0.0,"y":0.0},{"x":-4.09877,"y":0.72839},{"x":-4.08642,"y":-0.33333},{"x":0.0,"y":0.0}]
    },
    {
      "SourcePinAddress":{
        "PinID":0,
        "PinOwnerID":236702342
      },
      "TargetPinAddress":{
        "PinID":2144919375,
        "PinOwnerID":648967636
      },
      "ConnectionType":0,
      "ConnectedWireIndex":-1,
      "ConnectedWireSegmentIndex":-1,
      "Points":[{"x":0.0,"y":0.0},{"x":-4.33333,"y":0.08642},{"x":-4.27161,"y":-1.39506},{"x":0.0,"y":0.0}]
    },
    {
      "SourcePinAddress":{
        "PinID":1909734702,
        "PinOwnerID":625556276
      },
      "TargetPinAddress":{
        "PinID":0,
        "PinOwnerID":13869904
      },
      "ConnectionType":0,
      "ConnectedWireIndex":-1,
      "ConnectedWireSegmentIndex":-1,
      "Points":[{"x":0.0,"y":0.0},{"x":0.0,"y":0.0}]
    },
    {
      "SourcePinAddress":{
        "PinID":1909734702,
        "PinOwnerID":1127055249
      },
      "TargetPinAddress":{
        "PinID":0,
        "PinOwnerID":1983872400
      },
      "ConnectionType":0,
      "ConnectedWireIndex":-1,
      "ConnectedWireSegmentIndex":-1,
      "Points":[{"x":0.0,"y":0.0},{"x":0.0,"y":0.0}]
    },
    {
      "SourcePinAddress":{
        "PinID":1909734702,
        "PinOwnerID":1537705678
      },
      "TargetPinAddress":{
        "PinID":0,
        "PinOwnerID":1893517814
      },
      "ConnectionType":0,
      "ConnectedWireIndex":-1,
      "ConnectedWireSegmentIndex":-1,
      "Points":[{"x":0.0,"y":0.0},{"x":0.0,"y":0.0}]
    },
    {
      "SourcePinAddress":{
        "PinID":1909734702,
        "PinOwnerID":648967636
      },
      "TargetPinAddress":{
        "PinID":0,
        "PinOwnerID":1350937073
      },
      "ConnectionType":0,
      "ConnectedWireIndex":-1,
      "ConnectedWireSegmentIndex":-1,
      "Points":[{"x":0.0,"y":0.0},{"x":0.0,"y":0.0}]
    }
  ],
  "Displays": null
}