{
  "DLSVersion": "2.1.6",
  "Name": "7 SEG DRI",
  "NameLocation": 0,
  "ChipType": 0,
  "Size": {
    "x": 1.025,
    "y": 2.0
  },
  "Colour": {
    "r": 0.553448737,
    "g": 0.386900067,
    "b": 0.459952533,
    "a": 1
  },
  "InputPins":[
    {
      "Name":"A3",
      "ID":238284635,
      "Position":{
        "x":-8.88889,
        "y":2.81482
      },
      "BitCount":1,
      "Colour":0,
      "ValueDisplayMode":0
    },
    {
      "Name":"A2",
      "ID":1599371191,
      "Position":{
        "x":-8.88889,
        "y":1.92593
      },
      "BitCount":1,
      "Colour":0,
      "ValueDisplayMode":0
    },
    {
      "Name":"A1",
      "ID":1589711846,
      "Position":{
        "x":-8.88889,
        "y":1.11111
      },
      "BitCount":1,
      "Colour":0,
      "ValueDisplayMode":0
    },
    {
      "Name":"A0",
      "ID":1111418213,
      "Position":{
        "x":-8.88889,
        "y":0.16049
      },
      "BitCount":1,
      "Colour":0,
      "ValueDisplayMode":0
    }
  ],
  "OutputPins":[
    {
      "Name":"a",
      "ID":155634666,
      "Position":{
        "x":8.88272,
        "y":3.37037
      },
      "BitCount":1,
      "Colour":0,
      "ValueDisplayMode":0
    },
    {
      "Name":"b",
      "ID":1567897233,
      "Position":{
        "x":8.88272,
        "y":2.25926
      },
      "BitCount":1,
      "Colour":0,
      "ValueDisplayMode":0
    },
    {
      "Name":"c",
      "ID":1488803097,
      "Position":{
        "x":8.88272,
        "y":0.92593
      },
      "BitCount":1,
      "Colour":0,
      "ValueDisplayMode":0
    },
    {
      "Name":"d",
      "ID":1502059468,
      "Position":{
        "x":8.88272,
        "y":-0.1358
      },
      "BitCount":1,
      "Colour":0,
      "ValueDisplayMode":0
    },
    {
      "Name":"e",
      "ID":862521212,
      "Position":{
        "x":8.88272,
        "y":-1.17284
      },
      "BitCount":1,
      "Colour":0,
      "ValueDisplayMode":0
    },
    {
      "Name":"f",
      "ID":470223658,
      "Position":{
        "x":8.88272,
        "y":-2.22222
      },
      "BitCount":1,
      "Colour":0,
      "ValueDisplayMode":0
    },
    {
      "Name":"g",
      "ID":562953662,
      "Position":{
        "x":8.88272,
        "y":-3.19753
      },
      "BitCount":1,
      "Colour":0,
      "ValueDisplayMode":0
    }
  ],
  "SubChips":[
    {
      "Name":"NOT",
      "ID":1904086515,
      "Label":"",
      "Position":{
        "x":-5.60494,
        "y":1.4321
      },
      "OutputPinColourInfo":[{"PinColour":0,"PinID":329703237}],
      "InternalData":null
    },
    {
      "Name":"NOT",
      "ID":702477363,
      "Label":"",
      "Position":{
        "x":-5.60494,
        "y":0.50735
      },
      "OutputPinColourInfo":[{"PinColour":0,"PinID":329703237}],
      "InternalData":null
    },
    {
      "Name":"NOT",
      "ID":1414583998,
      "Label":"",
      "Position":{
        "x":-5.59259,
        "y":-0.40506
      },
      "OutputPinColourInfo":[{"PinColour":0,"PinID":329703237}],
      "InternalData":null
    },
    {
      "Name":"AND",
      "ID":296702388,
      "Label":"",
      "Position":{
        "x":-2.41975,
        "y":2.35802
      },
      "OutputPinColourInfo":[{"PinColour":0,"PinID":1834173622}],
      "InternalData":null
    },
    {
      "Name":"AND",
      "ID":476822585,
      "Label":"",
      "Position":{
        "x":-2.41975,
        "y":1.75272
      },
      "OutputPinColourInfo":[{"PinColour":0,"PinID":1834173622}],
      "InternalData":null
    },
    {
      "Name":"AND",
      "ID":1422480127,
      "Label":"",
      "Position":{
        "x":-2.41975,
        "y":0.93753
      },
      "OutputPinColourInfo":[{"PinColour":0,"PinID":1834173622}],
      "InternalData":null
    },
    {
      "Name":"AND",
      "ID":1840906267,
      "Label":"",
      "Position":{
        "x":-2.39506,
        "y":-0.05049
      },
      "OutputPinColourInfo":[{"PinColour":0,"PinID":1834173622}],
      "InternalData":null
    },
    {
      "Name":"AND",
      "ID":939735068,
      "Label":"",
      "Position":{
        "x":-2.40741,
        "y":-1.00148
      },
      "OutputPinColourInfo":[{"PinColour":0,"PinID":1834173622}],
      "InternalData":null
    },
    {
      "Name":"AND",
      "ID":229600933,
      "Label":"",
      "Position":{
        "x":-2.40741,
        "y":-1.63148
      },
      "OutputPinColourInfo":[{"PinColour":0,"PinID":1834173622}],
      "InternalData":null
    },
    {
      "Name":"AND",
      "ID":1442791851,
      "Label":"",
      "Position":{
        "x":-2.4321,
        "y":-3.16309
      },
      "OutputPinColourInfo":[{"PinColour":0,"PinID":1834173622}],
      "InternalData":null
    },
    {
      "Name":"AND",
      "ID":2117582871,
      "Label":"",
      "Position":{
        "x":-2.4321,
        "y":-3.79309
      },
      "OutputPinColourInfo":[{"PinColour":0,"PinID":1834173622}],
      "InternalData":null
    },
    {
      "Name":"OR 4",
      "ID":1192894543,
      "Label":"",
      "Position":{
        "x":1.95062,
        "y":3.48148
      },
      "OutputPinColourInfo":[{"PinColour":0,"PinID":1092352385}],
      "InternalData":null
    },
    {
      "Name":"OR 4",
      "ID":313323003,
      "Label":"",
      "Position":{
        "x":2.0,
        "y":2.35802
      },
      "OutputPinColourInfo":[{"PinColour":0,"PinID":1092352385}],
      "InternalData":null
    },
    {
      "Name":"OR 3",
      "ID":1429004535,
      "Label":"",
      "Position":{
        "x":2.04938,
        "y":1.20988
      },
      "OutputPinColourInfo":[{"PinColour":0,"PinID":787439702}],
      "InternalData":null
    },
    {
      "Name":"OR 5",
      "ID":713242567,
      "Label":"",
      "Position":{
        "x":2.03704,
        "y":0.0
      },
      "OutputPinColourInfo":[{"PinColour":0,"PinID":1990262230}],
      "InternalData":null
    },
    {
      "Name":"AND",
      "ID":341280244,
      "Label":"",
      "Position":{
        "x":2.02469,
        "y":-1.19753
      },
      "OutputPinColourInfo":[{"PinColour":0,"PinID":1834173622}],
      "InternalData":null
    },
    {
      "Name":"NOT",
      "ID":1606576630,
      "Label":"",
      "Position":{
        "x":1.0,
        "y":-1.37037
      },
      "OutputPinColourInfo":[{"PinColour":0,"PinID":329703237}],
      "InternalData":null
    },
    {
      "Name":"OR 4",
      "ID":1473624926,
      "Label":"",
      "Position":{
        "x":2.07407,
        "y":-2.20988
      },
      "OutputPinColourInfo":[{"PinColour":0,"PinID":1092352385}],
      "InternalData":null
    },
    {
      "Name":"OR 4",
      "ID":996480019,
      "Label":"",
      "Position":{
        "x":2.12346,
        "y":-3.49383
      },
      "OutputPinColourInfo":[{"PinColour":0,"PinID":1092352385}],
      "InternalData":null
    },
    {
      "Name":"AND 3",
      "ID":22000274,
      "Label":"",
      "Position":{
        "x":-2.1358,
        "y":-2.4321
      },
      "OutputPinColourInfo":[{"PinColour":0,"PinID":736417241}],
      "InternalData":null
    }
  ],
  "Wires":[
    {
      "SourcePinAddress":{
        "PinID":0,
        "PinOwnerID":238284635
      },
      "TargetPinAddress":{
        "PinID":3907582,
        "PinOwnerID":1192894543
      },
      "ConnectionType":0,
      "ConnectedWireIndex":-1,
      "ConnectedWireSegmentIndex":-1,
      "Points":[{"x":0.0,"y":0.0},{"x":-0.38889,"y":2.74074},{"x":-0.38889,"y":3.5679},{"x":0.0,"y":0.0}]
    },
    {
      "SourcePinAddress":{
        "PinID":0,
        "PinOwnerID":238284635
      },
      "TargetPinAddress":{
        "PinID":890670445,
        "PinOwnerID":996480019
      },
      "ConnectionType":1,
      "ConnectedWireIndex":0,
      "ConnectedWireSegmentIndex":0,
      "Points":[{"x":-0.43815,"y":2.74121},{"x":-0.33951,"y":-3.14815},{"x":0.0,"y":0.0}]
    },
    {
      "SourcePinAddress":{
        "PinID":0,
        "PinOwnerID":238284635
      },
      "TargetPinAddress":{
        "PinID":890670445,
        "PinOwnerID":1473624926
      },
      "ConnectionType":1,
      "ConnectedWireIndex":1,
      "ConnectedWireSegmentIndex":0,
      "Points":[{"x":-0.36082,"y":-1.87587},{"x":0.0,"y":0.0}]
    },
    {
      "SourcePinAddress":{
        "PinID":0,
        "PinOwnerID":238284635
      },
      "TargetPinAddress":{
        "PinID":1850269520,
        "PinOwnerID":713242567
      },
      "ConnectionType":1,
      "ConnectedWireIndex":1,
      "ConnectedWireSegmentIndex":0,
      "Points":[{"x":-0.40196,"y":0.58044},{"x":0.0,"y":0.0}]
    },
    {
      "SourcePinAddress":{
        "PinID":0,
        "PinOwnerID":238284635
      },
      "TargetPinAddress":{
        "PinID":3907582,
        "PinOwnerID":313323003
      },
      "ConnectionType":1,
      "ConnectedWireIndex":1,
      "ConnectedWireSegmentIndex":0,
      "Points":[{"x":-0.43463,"y":2.53093},{"x":0.0,"y":0.0}]
    },
    {
      "SourcePinAddress":{
        "PinID":0,
        "PinOwnerID":1599371191
      },
      "TargetPinAddress":{
        "PinID":1479226400,
        "PinOwnerID":2117582871
      },
      "ConnectionType":0,
      "ConnectedWireIndex":-1,
      "ConnectedWireSegmentIndex":-1,
      "Points":[{"x":0.0,"y":0.0},{"x":-3.08025,"y":1.8642},{"x":-3.10494,"y":-3.65432},{"x":0.0,"y":0.0}]
    },
    {
      "SourcePinAddress":{
        "PinID":0,
        "PinOwnerID":1599371191
      },
      "TargetPinAddress":{
        "PinID":1479226400,
        "PinOwnerID":476822585
      },
      "ConnectionType":1,
      "ConnectedWireIndex":5,
      "ConnectedWireSegmentIndex":1,
      "Points":[{"x":-3.08036,"y":1.8394},{"x":0.0,"y":0.0}]
    },
    {
      "SourcePinAddress":{
        "PinID":0,
        "PinOwnerID":1599371191
      },
      "TargetPinAddress":{
        "PinID":1116892438,
        "PinOwnerID":1429004535
      },
      "ConnectionType":1,
      "ConnectedWireIndex":5,
      "ConnectedWireSegmentIndex":1,
      "Points":[{"x":-3.08671,"y":0.41989},{"x":-0.77161,"y":0.38272},{"x":-0.78395,"y":1.48148},{"x":0.0,"y":0.0}]
    },
    {
      "SourcePinAddress":{
        "PinID":0,
        "PinOwnerID":1599371191
      },
      "TargetPinAddress":{
        "PinID":1479226400,
        "PinOwnerID":1422480127
      },
      "ConnectionType":1,
      "ConnectedWireIndex":5,
      "ConnectedWireSegmentIndex":1,
      "Points":[{"x":-3.08384,"y":1.0618},{"x":0.0,"y":0.0}]
    },
    {
      "SourcePinAddress":{
        "PinID":0,
        "PinOwnerID":1599371191
      },
      "TargetPinAddress":{
        "PinID":592835066,
        "PinOwnerID":1904086515
      },
      "ConnectionType":1,
      "ConnectedWireIndex":5,
      "ConnectedWireSegmentIndex":0,
      "Points":[{"x":-6.51274,"y":1.90608},{"x":-6.53704,"y":1.45679},{"x":0.0,"y":0.0}]
    },
    {
      "SourcePinAddress":{
        "PinID":329703237,
        "PinOwnerID":1904086515
      },
      "TargetPinAddress":{
        "PinID":1479226400,
        "PinOwnerID":1442791851
      },
      "ConnectionType":0,
      "ConnectedWireIndex":-1,
      "ConnectedWireSegmentIndex":-1,
      "Points":[{"x":0.0,"y":0.0},{"x":-4.74691,"y":1.44444},{"x":-4.74691,"y":-3.01235},{"x":0.0,"y":0.0}]
    },
    {
      "SourcePinAddress":{
        "PinID":329703237,
        "PinOwnerID":1904086515
      },
      "TargetPinAddress":{
        "PinID":1479226400,
        "PinOwnerID":296702388
      },
      "ConnectionType":1,
      "ConnectedWireIndex":10,
      "ConnectedWireSegmentIndex":0,
      "Points":[{"x":-4.79654,"y":1.44335},{"x":-4.7963,"y":2.48148},{"x":0.0,"y":0.0}]
    },
    {
      "SourcePinAddress":{
        "PinID":329703237,
        "PinOwnerID":1904086515
      },
      "TargetPinAddress":{
        "PinID":890670445,
        "PinOwnerID":313323003
      },
      "ConnectionType":1,
      "ConnectedWireIndex":10,
      "ConnectedWireSegmentIndex":0,
      "Points":[{"x":-4.796,"y":1.44336},{"x":-0.99383,"y":1.41975},{"x":-1.01852,"y":2.64198},{"x":0.0,"y":0.0}]
    },
    {
      "SourcePinAddress":{
        "PinID":0,
        "PinOwnerID":1589711846
      },
      "TargetPinAddress":{
        "PinID":1479226400,
        "PinOwnerID":1840906267
      },
      "ConnectionType":0,
      "ConnectedWireIndex":-1,
      "ConnectedWireSegmentIndex":-1,
      "Points":[{"x":0.0,"y":0.0},{"x":-4.42593,"y":1.07407},{"x":-4.41358,"y":0.08642},{"x":0.0,"y":0.0}]
    },
    {
      "SourcePinAddress":{
        "PinID":0,
        "PinOwnerID":1589711846
      },
      "TargetPinAddress":{
        "PinID":1001885611,
        "PinOwnerID":1192894543
      },
      "ConnectionType":1,
      "ConnectedWireIndex":13,
      "ConnectedWireSegmentIndex":0,
      "Points":[{"x":-4.43827,"y":1.0742},{"x":-4.46296,"y":1.2963},{"x":-1.10494,"y":1.22222},{"x":-1.15432,"y":3.01235},{"x":0.0,"y":0.0}]
    },
    {
      "SourcePinAddress":{
        "PinID":0,
        "PinOwnerID":1589711846
      },
      "TargetPinAddress":{
        "PinID":267671138,
        "PinOwnerID":1442791851
      },
      "ConnectionType":1,
      "ConnectedWireIndex":13,
      "ConnectedWireSegmentIndex":2,
      "Points":[{"x":-3.68513,"y":0.08138},{"x":-3.64815,"y":-3.22222},{"x":0.0,"y":0.0}]
    },
    {
      "SourcePinAddress":{
        "PinID":0,
        "PinOwnerID":1589711846
      },
      "TargetPinAddress":{
        "PinID":1479226400,
        "PinOwnerID":229600933
      },
      "ConnectionType":1,
      "ConnectedWireIndex":15,
      "ConnectedWireSegmentIndex":0,
      "Points":[{"x":-3.66778,"y":-1.4688},{"x":0.0,"y":0.0}]
    },
    {
      "SourcePinAddress":{
        "PinID":0,
        "PinOwnerID":1589711846
      },
      "TargetPinAddress":{
        "PinID":592835066,
        "PinOwnerID":702477363
      },
      "ConnectionType":1,
      "ConnectedWireIndex":13,
      "ConnectedWireSegmentIndex":0,
      "Points":[{"x":-7.0432,"y":1.10018},{"x":-7.04321,"y":0.53086},{"x":0.0,"y":0.0}]
    },
    {
      "SourcePinAddress":{
        "PinID":329703237,
        "PinOwnerID":702477363
      },
      "TargetPinAddress":{
        "PinID":267671138,
        "PinOwnerID":2117582871
      },
      "ConnectionType":0,
      "ConnectedWireIndex":-1,
      "ConnectedWireSegmentIndex":-1,
      "Points":[{"x":0.0,"y":0.0},{"x":-5.0679,"y":0.49383},{"x":-5.0679,"y":-3.85185},{"x":0.0,"y":0.0}]
    },
    {
      "SourcePinAddress":{
        "PinID":0,
        "PinOwnerID":1599371191
      },
      "TargetPinAddress":{
        "PinID":241641952,
        "PinOwnerID":22000274
      },
      "ConnectionType":1,
      "ConnectedWireIndex":5,
      "ConnectedWireSegmentIndex":1,
      "Points":[{"x":-3.09809,"y":-2.1234},{"x":0.0,"y":0.0}]
    },
    {
      "SourcePinAddress":{
        "PinID":329703237,
        "PinOwnerID":702477363
      },
      "TargetPinAddress":{
        "PinID":1053466565,
        "PinOwnerID":22000274
      },
      "ConnectionType":1,
      "ConnectedWireIndex":18,
      "ConnectedWireSegmentIndex":1,
      "Points":[{"x":-5.0679,"y":-2.35802},{"x":0.0,"y":0.0}]
    },
    {
      "SourcePinAddress":{
        "PinID":329703237,
        "PinOwnerID":702477363
      },
      "TargetPinAddress":{
        "PinID":1479226400,
        "PinOwnerID":939735068
      },
      "ConnectionType":1,
      "ConnectedWireIndex":18,
      "ConnectedWireSegmentIndex":1,
      "Points":[{"x":-5.0679,"y":-0.8642},{"x":0.0,"y":0.0}]
    },
    {
      "SourcePinAddress":{
        "PinID":0,
        "PinOwnerID":1111418213
      },
      "TargetPinAddress":{
        "PinID":267671138,
        "PinOwnerID":476822585
      },
      "ConnectionType":0,
      "ConnectedWireIndex":-1,
      "ConnectedWireSegmentIndex":-1,
      "Points":[{"x":0.0,"y":0.0},{"x":-4.01235,"y":0.19753},{"x":-4.02469,"y":1.65432},{"x":0.0,"y":0.0}]
    },
    {
      "SourcePinAddress":{
        "PinID":0,
        "PinOwnerID":1111418213
      },
      "TargetPinAddress":{
        "PinID":1236949195,
        "PinOwnerID":22000274
      },
      "ConnectionType":1,
      "ConnectedWireIndex":22,
      "ConnectedWireSegmentIndex":0,
      "Points":[{"x":-4.01235,"y":0.19753},{"x":-4.07407,"y":-2.59259},{"x":0.0,"y":0.0}]
    },
    {
      "SourcePinAddress":{
        "PinID":0,
        "PinOwnerID":1111418213
      },
      "TargetPinAddress":{
        "PinID":267671138,
        "PinOwnerID":1840906267
      },
      "ConnectionType":1,
      "ConnectedWireIndex":23,
      "ConnectedWireSegmentIndex":0,
      "Points":[{"x":-4.02025,"y":-0.15977},{"x":0.0,"y":0.0}]
    },
    {
      "SourcePinAddress":{
        "PinID":0,
        "PinOwnerID":1111418213
      },
      "TargetPinAddress":{
        "PinID":1042965712,
        "PinOwnerID":1429004535
      },
      "ConnectionType":1,
      "ConnectedWireIndex":22,
      "ConnectedWireSegmentIndex":1,
      "Points":[{"x":-4.0135,"y":0.33343},{"x":-0.60494,"y":0.28395},{"x":-0.59259,"y":0.91358},{"x":0.0,"y":0.0}]
    },
    {
      "SourcePinAddress":{
        "PinID":0,
        "PinOwnerID":1111418213
      },
      "TargetPinAddress":{
        "PinID":592835066,
        "PinOwnerID":1414583998
      },
      "ConnectionType":1,
      "ConnectedWireIndex":22,
      "ConnectedWireSegmentIndex":0,
      "Points":[{"x":-6.9506,"y":0.17116},{"x":-6.97531,"y":-0.38272},{"x":0.0,"y":0.0}]
    },
    {
      "SourcePinAddress":{
        "PinID":329703237,
        "PinOwnerID":1414583998
      },
      "TargetPinAddress":{
        "PinID":267671138,
        "PinOwnerID":296702388
      },
      "ConnectionType":0,
      "ConnectedWireIndex":-1,
      "ConnectedWireSegmentIndex":-1,
      "Points":[{"x":0.0,"y":0.0},{"x":-3.41975,"y":-0.4321},{"x":-3.44444,"y":2.20988},{"x":0.0,"y":0.0}]
    },
    {
      "SourcePinAddress":{
        "PinID":329703237,
        "PinOwnerID":1414583998
      },
      "TargetPinAddress":{
        "PinID":267671138,
        "PinOwnerID":1422480127
      },
      "ConnectionType":1,
      "ConnectedWireIndex":27,
      "ConnectedWireSegmentIndex":1,
      "Points":[{"x":-3.43152,"y":0.82705},{"x":0.0,"y":0.0}]
    },
    {
      "SourcePinAddress":{
        "PinID":329703237,
        "PinOwnerID":1414583998
      },
      "TargetPinAddress":{
        "PinID":1479226400,
        "PinOwnerID":341280244
      },
      "ConnectionType":1,
      "ConnectedWireIndex":27,
      "ConnectedWireSegmentIndex":0,
      "Points":[{"x":-3.4321,"y":-0.43192},{"x":-3.40741,"y":-1.92593},{"x":-0.81481,"y":-1.95062},{"x":-0.85185,"y":-1.09877},{"x":0.0,"y":0.0}]
    },
    {
      "SourcePinAddress":{
        "PinID":329703237,
        "PinOwnerID":1414583998
      },
      "TargetPinAddress":{
        "PinID":267671138,
        "PinOwnerID":229600933
      },
      "ConnectionType":1,
      "ConnectedWireIndex":29,
      "ConnectedWireSegmentIndex":0,
      "Points":[{"x":-3.41046,"y":-1.7412},{"x":0.0,"y":0.0}]
    },
    {
      "SourcePinAddress":{
        "PinID":329703237,
        "PinOwnerID":1414583998
      },
      "TargetPinAddress":{
        "PinID":267671138,
        "PinOwnerID":939735068
      },
      "ConnectionType":1,
      "ConnectedWireIndex":29,
      "ConnectedWireSegmentIndex":0,
      "Points":[{"x":-3.42046,"y":-1.13622},{"x":0.0,"y":0.0}]
    },
    {
      "SourcePinAddress":{
        "PinID":1834173622,
        "PinOwnerID":296702388
      },
      "TargetPinAddress":{
        "PinID":890670445,
        "PinOwnerID":1192894543
      },
      "ConnectionType":0,
      "ConnectedWireIndex":-1,
      "ConnectedWireSegmentIndex":-1,
      "Points":[{"x":0.0,"y":0.0},{"x":-1.45679,"y":2.33333},{"x":-1.4321,"y":3.92593},{"x":0.0,"y":0.0}]
    },
    {
      "SourcePinAddress":{
        "PinID":1834173622,
        "PinOwnerID":296702388
      },
      "TargetPinAddress":{
        "PinID":1640667339,
        "PinOwnerID":713242567
      },
      "ConnectionType":1,
      "ConnectedWireIndex":32,
      "ConnectedWireSegmentIndex":0,
      "Points":[{"x":-1.48236,"y":2.33428},{"x":-1.44444,"y":0.17284},{"x":0.0,"y":0.0}]
    },
    {
      "SourcePinAddress":{
        "PinID":1834173622,
        "PinOwnerID":476822585
      },
      "TargetPinAddress":{
        "PinID":637317229,
        "PinOwnerID":1192894543
      },
      "ConnectionType":0,
      "ConnectedWireIndex":-1,
      "ConnectedWireSegmentIndex":-1,
      "Points":[{"x":0.0,"y":0.0},{"x":0.28395,"y":1.75309},{"x":0.28395,"y":3.38272},{"x":0.0,"y":0.0}]
    },
    {
      "SourcePinAddress":{
        "PinID":1834173622,
        "PinOwnerID":1422480127
      },
      "TargetPinAddress":{
        "PinID":3907582,
        "PinOwnerID":1473624926
      },
      "ConnectionType":0,
      "ConnectedWireIndex":-1,
      "ConnectedWireSegmentIndex":-1,
      "Points":[{"x":0.0,"y":0.0},{"x":-1.11111,"y":0.91358},{"x":-1.09877,"y":-2.1358},{"x":0.0,"y":0.0}]
    },
    {
      "SourcePinAddress":{
        "PinID":1834173622,
        "PinOwnerID":1840906267
      },
      "TargetPinAddress":{
        "PinID":637317229,
        "PinOwnerID":313323003
      },
      "ConnectionType":0,
      "ConnectedWireIndex":-1,
      "ConnectedWireSegmentIndex":-1,
      "Points":[{"x":0.0,"y":0.0},{"x":-0.09877,"y":-0.037039999999999997},{"x":-0.11111,"y":2.23457},{"x":0.0,"y":0.0}]
    },
    {
      "SourcePinAddress":{
        "PinID":1834173622,
        "PinOwnerID":939735068
      },
      "TargetPinAddress":{
        "PinID":637317229,
        "PinOwnerID":1473624926
      },
      "ConnectionType":0,
      "ConnectedWireIndex":-1,
      "ConnectedWireSegmentIndex":-1,
      "Points":[{"x":0.0,"y":0.0},{"x":0.18519,"y":-0.95062},{"x":0.17284,"y":-2.40741},{"x":0.0,"y":0.0}]
    },
    {
      "SourcePinAddress":{
        "PinID":1834173622,
        "PinOwnerID":939735068
      },
      "TargetPinAddress":{
        "PinID":1001885611,
        "PinOwnerID":313323003
      },
      "ConnectionType":1,
      "ConnectedWireIndex":37,
      "ConnectedWireSegmentIndex":1,
      "Points":[{"x":0.18498,"y":-0.97541},{"x":0.12346,"y":2.06173},{"x":0.0,"y":0.0}]
    },
    {
      "SourcePinAddress":{
        "PinID":1834173622,
        "PinOwnerID":939735068
      },
      "TargetPinAddress":{
        "PinID":851630336,
        "PinOwnerID":1429004535
      },
      "ConnectionType":1,
      "ConnectedWireIndex":38,
      "ConnectedWireSegmentIndex":0,
      "Points":[{"x":0.14046,"y":1.22232},{"x":0.0,"y":0.0}]
    },
    {
      "SourcePinAddress":{
        "PinID":1834173622,
        "PinOwnerID":229600933
      },
      "TargetPinAddress":{
        "PinID":229401287,
        "PinOwnerID":713242567
      },
      "ConnectionType":0,
      "ConnectedWireIndex":-1,
      "ConnectedWireSegmentIndex":-1,
      "Points":[{"x":0.0,"y":0.0},{"x":-1.2963,"y":-1.62963},{"x":-1.30864,"y":-0.16049},{"x":0.34568,"y":-0.18519},{"x":0.35802,"y":0.04938},{"x":0.0,"y":0.0}]
    },
    {
      "SourcePinAddress":{
        "PinID":1834173622,
        "PinOwnerID":229600933
      },
      "TargetPinAddress":{
        "PinID":3907582,
        "PinOwnerID":996480019
      },
      "ConnectionType":1,
      "ConnectedWireIndex":40,
      "ConnectedWireSegmentIndex":3,
      "Points":[{"x":0.34571,"y":-0.18454},{"x":0.39506,"y":-3.39506},{"x":0.0,"y":0.0}]
    },
    {
      "SourcePinAddress":{
        "PinID":736417241,
        "PinOwnerID":22000274
      },
      "TargetPinAddress":{
        "PinID":1359044023,
        "PinOwnerID":713242567
      },
      "ConnectionType":0,
      "ConnectedWireIndex":-1,
      "ConnectedWireSegmentIndex":-1,
      "Points":[{"x":0.0,"y":0.0},{"x":-0.62963,"y":-2.45679},{"x":-0.65432,"y":-0.30864},{"x":0.0,"y":0.0}]
    },
    {
      "SourcePinAddress":{
        "PinID":1834173622,
        "PinOwnerID":1442791851
      },
      "TargetPinAddress":{
        "PinID":637317229,
        "PinOwnerID":996480019
      },
      "ConnectionType":0,
      "ConnectedWireIndex":-1,
      "ConnectedWireSegmentIndex":-1,
      "Points":[{"x":0.0,"y":0.0},{"x":-0.55556,"y":-3.17284},{"x":-0.5679,"y":-3.67901},{"x":0.0,"y":0.0}]
    },
    {
      "SourcePinAddress":{
        "PinID":1834173622,
        "PinOwnerID":1442791851
      },
      "TargetPinAddress":{
        "PinID":300851848,
        "PinOwnerID":713242567
      },
      "ConnectionType":1,
      "ConnectedWireIndex":43,
      "ConnectedWireSegmentIndex":1,
      "Points":[{"x":-0.55617,"y":-3.19812},{"x":-0.51852,"y":-0.44444},{"x":0.0,"y":0.0}]
    },
    {
      "SourcePinAddress":{
        "PinID":1834173622,
        "PinOwnerID":2117582871
      },
      "TargetPinAddress":{
        "PinID":1001885611,
        "PinOwnerID":996480019
      },
      "ConnectionType":0,
      "ConnectedWireIndex":-1,
      "ConnectedWireSegmentIndex":-1,
      "Points":[{"x":0.0,"y":0.0},{"x":-0.82716,"y":-3.79012},{"x":-0.82716,"y":-3.95062},{"x":0.0,"y":0.0}]
    },
    {
      "SourcePinAddress":{
        "PinID":1834173622,
        "PinOwnerID":2117582871
      },
      "TargetPinAddress":{
        "PinID":1001885611,
        "PinOwnerID":1473624926
      },
      "ConnectionType":1,
      "ConnectedWireIndex":45,
      "ConnectedWireSegmentIndex":0,
      "Points":[{"x":-0.82716,"y":-3.79012},{"x":-0.85185,"y":-2.55556},{"x":0.0,"y":0.0}]
    },
    {
      "SourcePinAddress":{
        "PinID":1834173622,
        "PinOwnerID":2117582871
      },
      "TargetPinAddress":{
        "PinID":592835066,
        "PinOwnerID":1606576630
      },
      "ConnectionType":1,
      "ConnectedWireIndex":46,
      "ConnectedWireSegmentIndex":0,
      "Points":[{"x":-0.85161,"y":-2.56765},{"x":-0.98765,"y":-2.58025},{"x":-0.97531,"y":-1.32099},{"x":0.0,"y":0.0}]
    },
    {
      "SourcePinAddress":{
        "PinID":329703237,
        "PinOwnerID":1606576630
      },
      "TargetPinAddress":{
        "PinID":267671138,
        "PinOwnerID":341280244
      },
      "ConnectionType":0,
      "ConnectedWireIndex":-1,
      "ConnectedWireSegmentIndex":-1,
      "Points":[{"x":0.0,"y":0.0},{"x":0.0,"y":0.0}]
    },
    {
      "SourcePinAddress":{
        "PinID":1834173622,
        "PinOwnerID":341280244
      },
      "TargetPinAddress":{
        "PinID":0,
        "PinOwnerID":862521212
      },
      "ConnectionType":0,
      "ConnectedWireIndex":-1,
      "ConnectedWireSegmentIndex":-1,
      "Points":[{"x":0.0,"y":0.0},{"x":0.0,"y":0.0}]
    },
    {
      "SourcePinAddress":{
        "PinID":1092352385,
        "PinOwnerID":1473624926
      },
      "TargetPinAddress":{
        "PinID":0,
        "PinOwnerID":470223658
      },
      "ConnectionType":0,
      "ConnectedWireIndex":-1,
      "ConnectedWireSegmentIndex":-1,
      "Points":[{"x":0.0,"y":0.0},{"x":0.0,"y":0.0}]
    },
    {
      "SourcePinAddress":{
        "PinID":1092352385,
        "PinOwnerID":996480019
      },
      "TargetPinAddress":{
        "PinID":0,
        "PinOwnerID":562953662
      },
      "ConnectionType":0,
      "ConnectedWireIndex":-1,
      "ConnectedWireSegmentIndex":-1,
      "Points":[{"x":0.0,"y":0.0},{"x":0.0,"y":0.0}]
    },
    {
      "SourcePinAddress":{
        "PinID":1990262230,
        "PinOwnerID":713242567
      },
      "TargetPinAddress":{
        "PinID":0,
        "PinOwnerID":1502059468
      },
      "ConnectionType":0,
      "ConnectedWireIndex":-1,
      "ConnectedWireSegmentIndex":-1,
      "Points":[{"x":0.0,"y":0.0},{"x":0.0,"y":0.0}]
    },
    {
      "SourcePinAddress":{
        "PinID":787439702,
        "PinOwnerID":1429004535
      },
      "TargetPinAddress":{
        "PinID":0,
        "PinOwnerID":1488803097
      },
      "ConnectionType":0,
      "ConnectedWireIndex":-1,
      "ConnectedWireSegmentIndex":-1,
      "Points":[{"x":0.0,"y":0.0},{"x":0.0,"y":0.0}]
    },
    {
      "SourcePinAddress":{
        "PinID":1092352385,
        "PinOwnerID":313323003
      },
      "TargetPinAddress":{
        "PinID":0,
        "PinOwnerID":1567897233
      },
      "ConnectionType":0,
      "ConnectedWireIndex":-1,
      "ConnectedWireSegmentIndex":-1,
      "Points":[{"x":0.0,"y":0.0},{"x":0.0,"y":0.0}]
    },
    {
      "SourcePinAddress":{
        "PinID":1092352385,
        "PinOwnerID":1192894543
      },
      "TargetPinAddress":{
        "PinID":0,
        "PinOwnerID":155634666
      },
      "ConnectionType":0,
      "ConnectedWireIndex":-1,
      "ConnectedWireSegmentIndex":-1,
      "Points":[{"x":0.0,"y":0.0},{"x":0.0,"y":0.0}]
    }
  ],
  "Displays": null
}