{
  "DLSVersion": "2.1.6",
  "Name": "ABS",
  "NameLocation": 0,
  "ChipType": 0,
  "Size": {
    "x": 0.575,
    "y": 1.25
  },
  "Colour": {
    "r": 0.31468454,
    "g": 0.6826621,
    "b": 0.862429261,
    "a": 1
  },
  "InputPins":[
    {
      "Name":"A3",
      "ID":1869241283,
      "Position":{
        "x":-17.62102,
        "y":0.13501
      },
      "BitCount":1,
      "Colour":0,
      "ValueDisplayMode":0
    },
    {
      "Name":"A2",
      "ID":1584041931,
      "Position":{
        "x":-17.62102,
        "y":-0.42254
      },
      "BitCount":1,
      "Colour":0,
      "ValueDisplayMode":0
    },
    {
      "Name":"A1",
      "ID":1299486443,
      "Position":{
        "x":-17.62102,
        "y":-0.93489
      },
      "BitCount":1,
      "Colour":0,
      "ValueDisplayMode":0
    },
    {
      "Name":"A0",
      "ID":1772334717,
      "Position":{
        "x":-17.62102,
        "y":-1.52257
      },
      "BitCount":1,
      "Colour":0,
      "ValueDisplayMode":0
    }
  ],
  "OutputPins":[
    {
      "Name":"OUT",
      "ID":1405713112,
      "Position":{
        "x":6.55643,
        "y":-1.78806
      },
      "BitCount":1,
      "Colour":0,
      "ValueDisplayMode":0
    },
    {
      "Name":"OUT",
      "ID":150175538,
      "Position":{
        "x":6.55643,
        "y":-2.94836
      },
      "BitCount":1,
      "Colour":0,
      "ValueDisplayMode":0
    },
    {
      "Name":"OUT",
      "ID":483662794,
      "Position":{
        "x":6.55643,
        "y":-3.97305
      },
      "BitCount":1,
      "Colour":0,
      "ValueDisplayMode":0
    },
    {
      "Name":"OUT",
      "ID":1480660715,
      "Position":{
        "x":6.55643,
        "y":-5.19363
      },
      "BitCount":1,
      "Colour":0,
      "ValueDisplayMode":0
    }
  ],
  "SubChips":[
    {
      "Name":"COMPARATOR 4 BIT",
      "ID":771813564,
      "Label":"",
      "Position":{
        "x":-9.22764,
        "y":-2.12533
      },
      "OutputPinColourInfo":[{"PinColour":0,"PinID":1667074561},{"PinColour":0,"PinID":140950673},{"PinColour":0,"PinID":1587013633}],
      "InternalData":null
    },
    {
      "Name":"AND BITWISE",
      "ID":988430372,
      "Label":"",
      "Position":{
        "x":-13.71817,
        "y":-1.68833
      },
      "OutputPinColourInfo":[{"PinColour":0,"PinID":1186771929},{"PinColour":0,"PinID":963837535},{"PinColour":0,"PinID":1836406637},{"PinColour":0,"PinID":1531595500}],
      "InternalData":null
    },
    {
      "Name":"OR",
      "ID":748313109,
      "Label":"",
      "Position":{
        "x":-6.66592,
        "y":-1.4623
      },
      "OutputPinColourInfo":[{"PinColour":0,"PinID":1686933192}],
      "InternalData":null
    },
    {
      "Name":"NOT BITWISE",
      "ID":790892010,
      "Label":"",
      "Position":{
        "x":-4.93206,
        "y":0.01566
      },
      "OutputPinColourInfo":[{"PinColour":0,"PinID":1038340227},{"PinColour":0,"PinID":806949144},{"PinColour":0,"PinID":837217946},{"PinColour":0,"PinID":369662199}],
      "InternalData":null
    },
    {
      "Name":"Arithmetic Unit",
      "ID":583039159,
      "Label":"",
      "Position":{
        "x":-2.42743,
        "y":-0.98269
      },
      "OutputPinColourInfo":[{"PinColour":0,"PinID":426483396},{"PinColour":0,"PinID":367722995},{"PinColour":0,"PinID":1040189176},{"PinColour":0,"PinID":2047237266},{"PinColour":0,"PinID":792021152}],
      "InternalData":null
    },
    {
      "Name":"BUFFER",
      "ID":365243832,
      "Label":"",
      "Position":{
        "x":0.45731,
        "y":-2.12768
      },
      "OutputPinColourInfo":[{"PinColour":0,"PinID":1452807932},{"PinColour":0,"PinID":226763273},{"PinColour":0,"PinID":296717527},{"PinColour":0,"PinID":1357541311}],
      "InternalData":null
    },
    {
      "Name":"OR",
      "ID":206479801,
      "Label":"",
      "Position":{
        "x":3.5645,
        "y":-2.53401
      },
      "OutputPinColourInfo":[{"PinColour":0,"PinID":1686933192}],
      "InternalData":null
    },
    {
      "Name":"OR",
      "ID":1246823850,
      "Label":"",
      "Position":{
        "x":3.5645,
        "y":-3.10764
      },
      "OutputPinColourInfo":[{"PinColour":0,"PinID":1686933192}],
      "InternalData":null
    },
    {
      "Name":"OR",
      "ID":1660579997,
      "Label":"",
      "Position":{
        "x":3.5645,
        "y":-3.73764
      },
      "OutputPinColourInfo":[{"PinColour":0,"PinID":1686933192}],
      "InternalData":null
    },
    {
      "Name":"OR",
      "ID":1159547115,
      "Label":"",
      "Position":{
        "x":3.5645,
        "y":-4.36764
      },
      "OutputPinColourInfo":[{"PinColour":0,"PinID":1686933192}],
      "InternalData":null
    },
    {
      "Name":"BUFFER",
      "ID":813248753,
      "Label":"",
      "Position":{
        "x":0.52901,
        "y":-5.5695
      },
      "OutputPinColourInfo":[{"PinColour":0,"PinID":1452807932},{"PinColour":0,"PinID":226763273},{"PinColour":0,"PinID":296717527},{"PinColour":0,"PinID":1357541311}],
      "InternalData":null
    },
    {
      "Name":"CONST",
      "ID":965385573,
      "Label":"",
      "Position":{
        "x":-14.88918,
        "y":-4.0731
      },
      "OutputPinColourInfo":[{"PinColour":0,"PinID":318973679}],
      "InternalData":null
    }
  ],
  "Wires":[
    {
      "SourcePinAddress":{
        "PinID":0,
        "PinOwnerID":1869241283
      },
      "TargetPinAddress":{
        "PinID":861207914,
        "PinOwnerID":988430372
      },
      "ConnectionType":0,
      "ConnectedWireIndex":-1,
      "ConnectedWireSegmentIndex":-1,
      "Points":[{"x":0.0,"y":0.0},{"x":0.0,"y":0.0}]
    },
    {
      "SourcePinAddress":{
        "PinID":0,
        "PinOwnerID":1584041931
      },
      "TargetPinAddress":{
        "PinID":166927238,
        "PinOwnerID":988430372
      },
      "ConnectionType":0,
      "ConnectedWireIndex":-1,
      "ConnectedWireSegmentIndex":-1,
      "Points":[{"x":0.0,"y":0.0},{"x":0.0,"y":0.0}]
    },
    {
      "SourcePinAddress":{
        "PinID":0,
        "PinOwnerID":1299486443
      },
      "TargetPinAddress":{
        "PinID":1933987713,
        "PinOwnerID":988430372
      },
      "ConnectionType":0,
      "ConnectedWireIndex":-1,
      "ConnectedWireSegmentIndex":-1,
      "Points":[{"x":0.0,"y":0.0},{"x":0.0,"y":0.0}]
    },
    {
      "SourcePinAddress":{
        "PinID":0,
        "PinOwnerID":1772334717
      },
      "TargetPinAddress":{
        "PinID":24400614,
        "PinOwnerID":988430372
      },
      "ConnectionType":0,
      "ConnectedWireIndex":-1,
      "ConnectedWireSegmentIndex":-1,
      "Points":[{"x":0.0,"y":0.0},{"x":0.0,"y":0.0}]
    },
    {
      "SourcePinAddress":{
        "PinID":1186771929,
        "PinOwnerID":988430372
      },
      "TargetPinAddress":{
        "PinID":159472689,
        "PinOwnerID":771813564
      },
      "ConnectionType":0,
      "ConnectedWireIndex":-1,
      "ConnectedWireSegmentIndex":-1,
      "Points":[{"x":0.0,"y":0.0},{"x":0.0,"y":0.0}]
    },
    {
      "SourcePinAddress":{
        "PinID":963837535,
        "PinOwnerID":988430372
      },
      "TargetPinAddress":{
        "PinID":1936710830,
        "PinOwnerID":771813564
      },
      "ConnectionType":0,
      "ConnectedWireIndex":-1,
      "ConnectedWireSegmentIndex":-1,
      "Points":[{"x":0.0,"y":0.0},{"x":0.0,"y":0.0}]
    },
    {
      "SourcePinAddress":{
        "PinID":1836406637,
        "PinOwnerID":988430372
      },
      "TargetPinAddress":{
        "PinID":49565832,
        "PinOwnerID":771813564
      },
      "ConnectionType":0,
      "ConnectedWireIndex":-1,
      "ConnectedWireSegmentIndex":-1,
      "Points":[{"x":0.0,"y":0.0},{"x":0.0,"y":0.0}]
    },
    {
      "SourcePinAddress":{
        "PinID":1531595500,
        "PinOwnerID":988430372
      },
      "TargetPinAddress":{
        "PinID":746017140,
        "PinOwnerID":771813564
      },
      "ConnectionType":0,
      "ConnectedWireIndex":-1,
      "ConnectedWireSegmentIndex":-1,
      "Points":[{"x":0.0,"y":0.0},{"x":0.0,"y":0.0}]
    },
    {
      "SourcePinAddress":{
        "PinID":1667074561,
        "PinOwnerID":771813564
      },
      "TargetPinAddress":{
        "PinID":977249482,
        "PinOwnerID":748313109
      },
      "ConnectionType":0,
      "ConnectedWireIndex":-1,
      "ConnectedWireSegmentIndex":-1,
      "Points":[{"x":0.0,"y":0.0},{"x":0.0,"y":0.0}]
    },
    {
      "SourcePinAddress":{
        "PinID":140950673,
        "PinOwnerID":771813564
      },
      "TargetPinAddress":{
        "PinID":643740030,
        "PinOwnerID":748313109
      },
      "ConnectionType":0,
      "ConnectedWireIndex":-1,
      "ConnectedWireSegmentIndex":-1,
      "Points":[{"x":0.0,"y":0.0},{"x":0.0,"y":0.0}]
    },
    {
      "SourcePinAddress":{
        "PinID":0,
        "PinOwnerID":1772334717
      },
      "TargetPinAddress":{
        "PinID":1265068252,
        "PinOwnerID":790892010
      },
      "ConnectionType":1,
      "ConnectedWireIndex":3,
      "ConnectedWireSegmentIndex":0,
      "Points":[{"x":-14.80982,"y":-1.55594},{"x":-14.79295,"y":-0.31712},{"x":0.0,"y":0.0}]
    },
    {
      "SourcePinAddress":{
        "PinID":0,
        "PinOwnerID":1299486443
      },
      "TargetPinAddress":{
        "PinID":377036759,
        "PinOwnerID":790892010
      },
      "ConnectionType":1,
      "ConnectedWireIndex":2,
      "ConnectedWireSegmentIndex":0,
      "Points":[{"x":-15.05272,"y":-1.20819},{"x":-14.98562,"y":-0.10694},{"x":0.0,"y":0.0}]
    },
    {
      "SourcePinAddress":{
        "PinID":0,
        "PinOwnerID":1584041931
      },
      "TargetPinAddress":{
        "PinID":62350480,
        "PinOwnerID":790892010
      },
      "ConnectionType":1,
      "ConnectedWireIndex":1,
      "ConnectedWireSegmentIndex":0,
      "Points":[{"x":-15.32501,"y":-0.816},{"x":-15.30089,"y":0.05069},{"x":0.0,"y":0.0}]
    },
    {
      "SourcePinAddress":{
        "PinID":0,
        "PinOwnerID":1869241283
      },
      "TargetPinAddress":{
        "PinID":1960453321,
        "PinOwnerID":790892010
      },
      "ConnectionType":1,
      "ConnectedWireIndex":0,
      "ConnectedWireSegmentIndex":0,
      "Points":[{"x":-15.59603,"y":-0.34521},{"x":-15.63367,"y":0.2959},{"x":0.0,"y":0.0}]
    },
    {
      "SourcePinAddress":{
        "PinID":1038340227,
        "PinOwnerID":790892010
      },
      "TargetPinAddress":{
        "PinID":1776459928,
        "PinOwnerID":583039159
      },
      "ConnectionType":0,
      "ConnectedWireIndex":-1,
      "ConnectedWireSegmentIndex":-1,
      "Points":[{"x":0.0,"y":0.0},{"x":0.0,"y":0.0}]
    },
    {
      "SourcePinAddress":{
        "PinID":806949144,
        "PinOwnerID":790892010
      },
      "TargetPinAddress":{
        "PinID":464751950,
        "PinOwnerID":583039159
      },
      "ConnectionType":0,
      "ConnectedWireIndex":-1,
      "ConnectedWireSegmentIndex":-1,
      "Points":[{"x":0.0,"y":0.0},{"x":0.0,"y":0.0}]
    },
    {
      "SourcePinAddress":{
        "PinID":837217946,
        "PinOwnerID":790892010
      },
      "TargetPinAddress":{
        "PinID":1599957694,
        "PinOwnerID":583039159
      },
      "ConnectionType":0,
      "ConnectedWireIndex":-1,
      "ConnectedWireSegmentIndex":-1,
      "Points":[{"x":0.0,"y":0.0},{"x":0.0,"y":0.0}]
    },
    {
      "SourcePinAddress":{
        "PinID":369662199,
        "PinOwnerID":790892010
      },
      "TargetPinAddress":{
        "PinID":1463258462,
        "PinOwnerID":583039159
      },
      "ConnectionType":0,
      "ConnectedWireIndex":-1,
      "ConnectedWireSegmentIndex":-1,
      "Points":[{"x":0.0,"y":0.0},{"x":0.0,"y":0.0}]
    },
    {
      "SourcePinAddress":{
        "PinID":1686933192,
        "PinOwnerID":748313109
      },
      "TargetPinAddress":{
        "PinID":584552999,
        "PinOwnerID":365243832
      },
      "ConnectionType":0,
      "ConnectedWireIndex":-1,
      "ConnectedWireSegmentIndex":-1,
      "Points":[{"x":0.0,"y":0.0},{"x":-6.1395,"y":-1.50624},{"x":-6.1634,"y":-2.77302},{"x":0.0,"y":0.0}]
    },
    {
      "SourcePinAddress":{
        "PinID":792021152,
        "PinOwnerID":583039159
      },
      "TargetPinAddress":{
        "PinID":1308145196,
        "PinOwnerID":365243832
      },
      "ConnectionType":0,
      "ConnectedWireIndex":-1,
      "ConnectedWireSegmentIndex":-1,
      "Points":[{"x":0.0,"y":0.0},{"x":0.0,"y":0.0}]
    },
    {
      "SourcePinAddress":{
        "PinID":2047237266,
        "PinOwnerID":583039159
      },
      "TargetPinAddress":{
        "PinID":2097091608,
        "PinOwnerID":365243832
      },
      "ConnectionType":0,
      "ConnectedWireIndex":-1,
      "ConnectedWireSegmentIndex":-1,
      "Points":[{"x":0.0,"y":0.0},{"x":0.0,"y":0.0}]
    },
    {
      "SourcePinAddress":{
        "PinID":1040189176,
        "PinOwnerID":583039159
      },
      "TargetPinAddress":{
        "PinID":1957625802,
        "PinOwnerID":365243832
      },
      "ConnectionType":0,
      "ConnectedWireIndex":-1,
      "ConnectedWireSegmentIndex":-1,
      "Points":[{"x":0.0,"y":0.0},{"x":0.0,"y":0.0}]
    },
    {
      "SourcePinAddress":{
        "PinID":367722995,
        "PinOwnerID":583039159
      },
      "TargetPinAddress":{
        "PinID":1612656153,
        "PinOwnerID":365243832
      },
      "ConnectionType":0,
      "ConnectedWireIndex":-1,
      "ConnectedWireSegmentIndex":-1,
      "Points":[{"x":0.0,"y":0.0},{"x":0.0,"y":0.0}]
    },
    {
      "SourcePinAddress":{
        "PinID":1587013633,
        "PinOwnerID":771813564
      },
      "TargetPinAddress":{
        "PinID":584552999,
        "PinOwnerID":813248753
      },
      "ConnectionType":0,
      "ConnectedWireIndex":-1,
      "ConnectedWireSegmentIndex":-1,
      "Points":[{"x":0.0,"y":0.0},{"x":-8.36234,"y":-6.16703},{"x":0.0,"y":0.0}]
    },
    {
      "SourcePinAddress":{
        "PinID":0,
        "PinOwnerID":1869241283
      },
      "TargetPinAddress":{
        "PinID":1612656153,
        "PinOwnerID":813248753
      },
      "ConnectionType":1,
      "ConnectedWireIndex":0,
      "ConnectedWireSegmentIndex":0,
      "Points":[{"x":-16.30054,"y":-0.07986},{"x":-16.32154,"y":-5.5934},{"x":0.0,"y":0.0}]
    },
    {
      "SourcePinAddress":{
        "PinID":0,
        "PinOwnerID":1584041931
      },
      "TargetPinAddress":{
        "PinID":1957625802,
        "PinOwnerID":813248753
      },
      "ConnectionType":1,
      "ConnectedWireIndex":1,
      "ConnectedWireSegmentIndex":0,
      "Points":[{"x":-16.12203,"y":-0.61316},{"x":-16.15423,"y":-5.73681},{"x":0.0,"y":0.0}]
    },
    {
      "SourcePinAddress":{
        "PinID":0,
        "PinOwnerID":1299486443
      },
      "TargetPinAddress":{
        "PinID":2097091608,
        "PinOwnerID":813248753
      },
      "ConnectionType":1,
      "ConnectedWireIndex":2,
      "ConnectedWireSegmentIndex":0,
      "Points":[{"x":-15.98571,"y":-1.06795},{"x":-15.91522,"y":-6.04753},{"x":0.0,"y":0.0}]
    },
    {
      "SourcePinAddress":{
        "PinID":0,
        "PinOwnerID":1772334717
      },
      "TargetPinAddress":{
        "PinID":1308145196,
        "PinOwnerID":813248753
      },
      "ConnectionType":1,
      "ConnectedWireIndex":3,
      "ConnectedWireSegmentIndex":0,
      "Points":[{"x":-15.77236,"y":-1.54036},{"x":-15.6523,"y":-6.28654},{"x":0.0,"y":0.0}]
    },
    {
      "SourcePinAddress":{
        "PinID":1452807932,
        "PinOwnerID":365243832
      },
      "TargetPinAddress":{
        "PinID":977249482,
        "PinOwnerID":206479801
      },
      "ConnectionType":0,
      "ConnectedWireIndex":-1,
      "ConnectedWireSegmentIndex":-1,
      "Points":[{"x":0.0,"y":0.0},{"x":0.0,"y":0.0}]
    },
    {
      "SourcePinAddress":{
        "PinID":1452807932,
        "PinOwnerID":813248753
      },
      "TargetPinAddress":{
        "PinID":643740030,
        "PinOwnerID":206479801
      },
      "ConnectionType":0,
      "ConnectedWireIndex":-1,
      "ConnectedWireSegmentIndex":-1,
      "Points":[{"x":0.0,"y":0.0},{"x":0.0,"y":0.0}]
    },
    {
      "SourcePinAddress":{
        "PinID":226763273,
        "PinOwnerID":365243832
      },
      "TargetPinAddress":{
        "PinID":977249482,
        "PinOwnerID":1246823850
      },
      "ConnectionType":0,
      "ConnectedWireIndex":-1,
      "ConnectedWireSegmentIndex":-1,
      "Points":[{"x":0.0,"y":0.0},{"x":0.0,"y":0.0}]
    },
    {
      "SourcePinAddress":{
        "PinID":226763273,
        "PinOwnerID":813248753
      },
      "TargetPinAddress":{
        "PinID":643740030,
        "PinOwnerID":1246823850
      },
      "ConnectionType":0,
      "ConnectedWireIndex":-1,
      "ConnectedWireSegmentIndex":-1,
      "Points":[{"x":0.0,"y":0.0},{"x":0.0,"y":0.0}]
    },
    {
      "SourcePinAddress":{
        "PinID":296717527,
        "PinOwnerID":813248753
      },
      "TargetPinAddress":{
        "PinID":643740030,
        "PinOwnerID":1660579997
      },
      "ConnectionType":0,
      "ConnectedWireIndex":-1,
      "ConnectedWireSegmentIndex":-1,
      "Points":[{"x":0.0,"y":0.0},{"x":0.0,"y":0.0}]
    },
    {
      "SourcePinAddress":{
        "PinID":296717527,
        "PinOwnerID":365243832
      },
      "TargetPinAddress":{
        "PinID":977249482,
        "PinOwnerID":1660579997
      },
      "ConnectionType":0,
      "ConnectedWireIndex":-1,
      "ConnectedWireSegmentIndex":-1,
      "Points":[{"x":0.0,"y":0.0},{"x":0.0,"y":0.0}]
    },
    {
      "SourcePinAddress":{
        "PinID":1357541311,
        "PinOwnerID":365243832
      },
      "TargetPinAddress":{
        "PinID":977249482,
        "PinOwnerID":1159547115
      },
      "ConnectionType":0,
      "ConnectedWireIndex":-1,
      "ConnectedWireSegmentIndex":-1,
      "Points":[{"x":0.0,"y":0.0},{"x":0.0,"y":0.0}]
    },
    {
      "SourcePinAddress":{
        "PinID":1357541311,
        "PinOwnerID":813248753
      },
      "TargetPinAddress":{
        "PinID":643740030,
        "PinOwnerID":1159547115
      },
      "ConnectionType":0,
      "ConnectedWireIndex":-1,
      "ConnectedWireSegmentIndex":-1,
      "Points":[{"x":0.0,"y":0.0},{"x":0.0,"y":0.0}]
    },
    {
      "SourcePinAddress":{
        "PinID":1686933192,
        "PinOwnerID":206479801
      },
      "TargetPinAddress":{
        "PinID":0,
        "PinOwnerID":1405713112
      },
      "ConnectionType":0,
      "ConnectedWireIndex":-1,
      "ConnectedWireSegmentIndex":-1,
      "Points":[{"x":0.0,"y":0.0},{"x":0.0,"y":0.0}]
    },
    {
      "SourcePinAddress":{
        "PinID":1686933192,
        "PinOwnerID":1246823850
      },
      "TargetPinAddress":{
        "PinID":0,
        "PinOwnerID":150175538
      },
      "ConnectionType":0,
      "ConnectedWireIndex":-1,
      "ConnectedWireSegmentIndex":-1,
      "Points":[{"x":0.0,"y":0.0},{"x":0.0,"y":0.0}]
    },
    {
      "SourcePinAddress":{
        "PinID":1686933192,
        "PinOwnerID":1660579997
      },
      "TargetPinAddress":{
        "PinID":0,
        "PinOwnerID":483662794
      },
      "ConnectionType":0,
      "ConnectedWireIndex":-1,
      "ConnectedWireSegmentIndex":-1,
      "Points":[{"x":0.0,"y":0.0},{"x":0.0,"y":0.0}]
    },
    {
      "SourcePinAddress":{
        "PinID":1686933192,
        "PinOwnerID":1159547115
      },
      "TargetPinAddress":{
        "PinID":0,
        "PinOwnerID":1480660715
      },
      "ConnectionType":0,
      "ConnectedWireIndex":-1,
      "ConnectedWireSegmentIndex":-1,
      "Points":[{"x":0.0,"y":0.0},{"x":0.0,"y":0.0}]
    },
    {
      "SourcePinAddress":{
        "PinID":0,
        "PinOwnerID":1772334717
      },
      "TargetPinAddress":{
        "PinID":1586349065,
        "PinOwnerID":965385573
      },
      "ConnectionType":1,
      "ConnectedWireIndex":27,
      "ConnectedWireSegmentIndex":0,
      "Points":[{"x":-15.71017,"y":-3.99894},{"x":0.0,"y":0.0}]
    },
    {
      "SourcePinAddress":{
        "PinID":0,
        "PinOwnerID":1772334717
      },
      "TargetPinAddress":{
        "PinID":2076189384,
        "PinOwnerID":965385573
      },
      "ConnectionType":1,
      "ConnectedWireIndex":27,
      "ConnectedWireSegmentIndex":0,
      "Points":[{"x":-15.7045,"y":-4.22287},{"x":0.0,"y":0.0}]
    },
    {
      "SourcePinAddress":{
        "PinID":318973679,
        "PinOwnerID":965385573
      },
      "TargetPinAddress":{
        "PinID":1322951763,
        "PinOwnerID":988430372
      },
      "ConnectionType":0,
      "ConnectedWireIndex":-1,
      "ConnectedWireSegmentIndex":-1,
      "Points":[{"x":0.0,"y":0.0},{"x":-14.09878,"y":-4.10293},{"x":-14.06895,"y":-3.71519},{"x":-15.00848,"y":-3.58097},{"x":0.0,"y":0.0}]
    },
    {
      "SourcePinAddress":{
        "PinID":318973679,
        "PinOwnerID":965385573
      },
      "TargetPinAddress":{
        "PinID":548560972,
        "PinOwnerID":771813564
      },
      "ConnectionType":1,
      "ConnectedWireIndex":42,
      "ConnectedWireSegmentIndex":1,
      "Points":[{"x":-14.07685,"y":-3.81783},{"x":-10.26608,"y":-3.78976},{"x":0.0,"y":0.0}]
    },
    {
      "SourcePinAddress":{
        "PinID":318973679,
        "PinOwnerID":965385573
      },
      "TargetPinAddress":{
        "PinID":426625479,
        "PinOwnerID":583039159
      },
      "ConnectionType":1,
      "ConnectedWireIndex":43,
      "ConnectedWireSegmentIndex":1,
      "Points":[{"x":-10.19117,"y":-3.45837},{"x":-3.9578,"y":-3.44675},{"x":-4.12184,"y":-2.1493},{"x":0.0,"y":0.0}]
    }
  ],
  "Displays": null
}