{
  "DLSVersion": "2.1.6",
  "Name": "ADD SUB",
  "NameLocation": 0,
  "ChipType": 0,
  "Size": {
    "x": 1.025,
    "y": 2.5
  },
  "Colour": {
    "r": 0.5286787,
    "g": 0.7155417,
    "b": 0.623877764,
    "a": 1
  },
  "InputPins":[
    {
      "Name":"A3",
      "ID":1658478171,
      "Position":{
        "x":-8.88889,
        "y":2.51852
      },
      "BitCount":1,
      "Colour":0,
      "ValueDisplayMode":0
    },
    {
      "Name":"A2",
      "ID":545255946,
      "Position":{
        "x":-8.88889,
        "y":2.06173
      },
      "BitCount":1,
      "Colour":0,
      "ValueDisplayMode":0
    },
    {
      "Name":"A1",
      "ID":459994894,
      "Position":{
        "x":-8.88889,
        "y":1.58025
      },
      "BitCount":1,
      "Colour":0,
      "ValueDisplayMode":0
    },
    {
      "Name":"A0",
      "ID":610025391,
      "Position":{
        "x":-8.88889,
        "y":1.06173
      },
      "BitCount":1,
      "Colour":0,
      "ValueDisplayMode":0
    },
    {
      "Name":"B3",
      "ID":1905827120,
      "Position":{
        "x":-8.88889,
        "y":-0.037039999999999997
      },
      "BitCount":1,
      "Colour":0,
      "ValueDisplayMode":0
    },
    {
      "Name":"B2",
      "ID":2135722694,
      "Position":{
        "x":-8.88889,
        "y":-0.53086
      },
      "BitCount":1,
      "Colour":0,
      "ValueDisplayMode":0
    },
    {
      "Name":"B1",
      "ID":34702864,
      "Position":{
        "x":-8.88889,
        "y":-1.07407
      },
      "BitCount":1,
      "Colour":0,
      "ValueDisplayMode":0
    },
    {
      "Name":"B0",
      "ID":398828051,
      "Position":{
        "x":-8.88889,
        "y":-1.64198
      },
      "BitCount":1,
      "Colour":0,
      "ValueDisplayMode":0
    },
    {
      "Name":"SUB",
      "ID":1247881580,
      "Position":{
        "x":-8.91891,
        "y":-3.44781
      },
      "BitCount":1,
      "Colour":0,
      "ValueDisplayMode":0
    },
    {
      "Name":"CIN",
      "ID":1703225859,
      "Position":{
        "x":-8.88889,
        "y":-3.9717
      },
      "BitCount":1,
      "Colour":0,
      "ValueDisplayMode":0
    }
  ],
  "OutputPins":[
    {
      "Name":"CARRY",
      "ID":1954873597,
      "Position":{
        "x":8.9321,
        "y":1.03704
      },
      "BitCount":1,
      "Colour":0,
      "ValueDisplayMode":0
    },
    {
      "Name":"D3",
      "ID":2139376697,
      "Position":{
        "x":8.88272,
        "y":0.37037
      },
      "BitCount":1,
      "Colour":0,
      "ValueDisplayMode":0
    },
    {
      "Name":"D2",
      "ID":1664116527,
      "Position":{
        "x":8.90741,
        "y":-0.1358
      },
      "BitCount":1,
      "Colour":0,
      "ValueDisplayMode":0
    },
    {
      "Name":"D1",
      "ID":343205061,
      "Position":{
        "x":8.88272,
        "y":-0.62963
      },
      "BitCount":1,
      "Colour":0,
      "ValueDisplayMode":0
    },
    {
      "Name":"D0",
      "ID":311084031,
      "Position":{
        "x":8.87037,
        "y":-1.17284
      },
      "BitCount":1,
      "Colour":0,
      "ValueDisplayMode":0
    }
  ],
  "SubChips":[
    {
      "Name":"RP ADDER",
      "ID":1149083228,
      "Label":"",
      "Position":{
        "x":1.55556,
        "y":-0.06173
      },
      "OutputPinColourInfo":[{"PinColour":0,"PinID":1465023680},{"PinColour":0,"PinID":2064048675},{"PinColour":0,"PinID":1968386399},{"PinColour":0,"PinID":2083528427},{"PinColour":0,"PinID":761792802}],
      "InternalData":null
    },
    {
      "Name":"XOR",
      "ID":1681076486,
      "Label":"",
      "Position":{
        "x":-4.4091,
        "y":0.36802
      },
      "OutputPinColourInfo":[{"PinColour":0,"PinID":1205674528}],
      "InternalData":null
    },
    {
      "Name":"XOR",
      "ID":1569470415,
      "Label":"",
      "Position":{
        "x":-4.42145,
        "y":-0.23692
      },
      "OutputPinColourInfo":[{"PinColour":0,"PinID":1205674528}],
      "InternalData":null
    },
    {
      "Name":"XOR",
      "ID":931249548,
      "Label":"",
      "Position":{
        "x":-4.42145,
        "y":-0.8542
      },
      "OutputPinColourInfo":[{"PinColour":0,"PinID":1205674528}],
      "InternalData":null
    },
    {
      "Name":"XOR",
      "ID":2147337535,
      "Label":"",
      "Position":{
        "x":-4.44614,
        "y":-1.48383
      },
      "OutputPinColourInfo":[{"PinColour":0,"PinID":1205674528}],
      "InternalData":null
    },
    {
      "Name":"OR",
      "ID":2034421453,
      "Label":"",
      "Position":{
        "x":-1.86699,
        "y":-2.97966
      },
      "OutputPinColourInfo":[{"PinColour":0,"PinID":1686933192}],
      "InternalData":null
    }
  ],
  "Wires":[
    {
      "SourcePinAddress":{
        "PinID":1686933192,
        "PinOwnerID":2034421453
      },
      "TargetPinAddress":{
        "PinID":1172401749,
        "PinOwnerID":1149083228
      },
      "ConnectionType":0,
      "ConnectedWireIndex":-1,
      "ConnectedWireSegmentIndex":-1,
      "Points":[{"x":0.0,"y":0.0},{"x":0.35802,"y":-3.01235},{"x":0.35802,"y":-1.06173},{"x":0.0,"y":0.0}]
    },
    {
      "SourcePinAddress":{
        "PinID":1465023680,
        "PinOwnerID":1149083228
      },
      "TargetPinAddress":{
        "PinID":0,
        "PinOwnerID":1954873597
      },
      "ConnectionType":0,
      "ConnectedWireIndex":-1,
      "ConnectedWireSegmentIndex":-1,
      "Points":[{"x":0.0,"y":0.0},{"x":0.0,"y":0.0}]
    },
    {
      "SourcePinAddress":{
        "PinID":2064048675,
        "PinOwnerID":1149083228
      },
      "TargetPinAddress":{
        "PinID":0,
        "PinOwnerID":2139376697
      },
      "ConnectionType":0,
      "ConnectedWireIndex":-1,
      "ConnectedWireSegmentIndex":-1,
      "Points":[{"x":0.0,"y":0.0},{"x":0.0,"y":0.0}]
    },
    {
      "SourcePinAddress":{
        "PinID":1968386399,
        "PinOwnerID":1149083228
      },
      "TargetPinAddress":{
        "PinID":0,
        "PinOwnerID":1664116527
      },
      "ConnectionType":0,
      "ConnectedWireIndex":-1,
      "ConnectedWireSegmentIndex":-1,
      "Points":[{"x":0.0,"y":0.0},{"x":0.0,"y":0.0}]
    },
    {
      "SourcePinAddress":{
        "PinID":2083528427,
        "PinOwnerID":1149083228
      },
      "TargetPinAddress":{
        "PinID":0,
        "PinOwnerID":343205061
      },
      "ConnectionType":0,
      "ConnectedWireIndex":-1,
      "ConnectedWireSegmentIndex":-1,
      "Points":[{"x":0.0,"y":0.0},{"x":0.0,"y":0.0}]
    },
    {
      "SourcePinAddress":{
        "PinID":761792802,
        "PinOwnerID":1149083228
      },
      "TargetPinAddress":{
        "PinID":0,
        "PinOwnerID":311084031
      },
      "ConnectionType":0,
      "ConnectedWireIndex":-1,
      "ConnectedWireSegmentIndex":-1,
      "Points":[{"x":0.0,"y":0.0},{"x":0.0,"y":0.0}]
    },
    {
      "SourcePinAddress":{
        "PinID":0,
        "PinOwnerID":1247881580
      },
      "TargetPinAddress":{
        "PinID":977249482,
        "PinOwnerID":2034421453
      },
      "ConnectionType":0,
      "ConnectedWireIndex":-1,
      "ConnectedWireSegmentIndex":-1,
      "Points":[{"x":0.0,"y":0.0},{"x":-5.89523,"y":-3.42778},{"x":-5.89511,"y":-3.41129},{"x":-2.82779,"y":-3.5014},{"x":-2.82779,"y":-2.78084},{"x":0.0,"y":0.0}]
    },
    {
      "SourcePinAddress":{
        "PinID":0,
        "PinOwnerID":1703225859
      },
      "TargetPinAddress":{
        "PinID":643740030,
        "PinOwnerID":2034421453
      },
      "ConnectionType":0,
      "ConnectedWireIndex":-1,
      "ConnectedWireSegmentIndex":-1,
      "Points":[{"x":0.0,"y":0.0},{"x":-2.36243,"y":-3.99678},{"x":-2.42247,"y":-3.09608},{"x":0.0,"y":0.0}]
    },
    {
      "SourcePinAddress":{
        "PinID":0,
        "PinOwnerID":1905827120
      },
      "TargetPinAddress":{
        "PinID":1741978370,
        "PinOwnerID":1681076486
      },
      "ConnectionType":0,
      "ConnectedWireIndex":-1,
      "ConnectedWireSegmentIndex":-1,
      "Points":[{"x":0.0,"y":0.0},{"x":0.0,"y":0.0}]
    },
    {
      "SourcePinAddress":{
        "PinID":0,
        "PinOwnerID":2135722694
      },
      "TargetPinAddress":{
        "PinID":1741978370,
        "PinOwnerID":1569470415
      },
      "ConnectionType":0,
      "ConnectedWireIndex":-1,
      "ConnectedWireSegmentIndex":-1,
      "Points":[{"x":0.0,"y":0.0},{"x":0.0,"y":0.0}]
    },
    {
      "SourcePinAddress":{
        "PinID":0,
        "PinOwnerID":34702864
      },
      "TargetPinAddress":{
        "PinID":1741978370,
        "PinOwnerID":931249548
      },
      "ConnectionType":0,
      "ConnectedWireIndex":-1,
      "ConnectedWireSegmentIndex":-1,
      "Points":[{"x":0.0,"y":0.0},{"x":0.0,"y":0.0}]
    },
    {
      "SourcePinAddress":{
        "PinID":0,
        "PinOwnerID":398828051
      },
      "TargetPinAddress":{
        "PinID":1741978370,
        "PinOwnerID":2147337535
      },
      "ConnectionType":0,
      "ConnectedWireIndex":-1,
      "ConnectedWireSegmentIndex":-1,
      "Points":[{"x":0.0,"y":0.0},{"x":0.0,"y":0.0}]
    },
    {
      "SourcePinAddress":{
        "PinID":0,
        "PinOwnerID":1247881580
      },
      "TargetPinAddress":{
        "PinID":676270038,
        "PinOwnerID":1681076486
      },
      "ConnectionType":1,
      "ConnectedWireIndex":6,
      "ConnectedWireSegmentIndex":2,
      "Points":[{"x":-5.52796,"y":-3.42208},{"x":-5.54236,"y":0.1414},{"x":0.0,"y":0.0}]
    },
    {
      "SourcePinAddress":{
        "PinID":0,
        "PinOwnerID":1247881580
      },
      "TargetPinAddress":{
        "PinID":676270038,
        "PinOwnerID":1569470415
      },
      "ConnectionType":1,
      "ConnectedWireIndex":12,
      "ConnectedWireSegmentIndex":0,
      "Points":[{"x":-5.53961,"y":-0.53883},{"x":0.0,"y":0.0}]
    },
    {
      "SourcePinAddress":{
        "PinID":0,
        "PinOwnerID":1247881580
      },
      "TargetPinAddress":{
        "PinID":676270038,
        "PinOwnerID":931249548
      },
      "ConnectionType":1,
      "ConnectedWireIndex":12,
      "ConnectedWireSegmentIndex":0,
      "Points":[{"x":-5.53762,"y":-1.03112},{"x":0.0,"y":0.0}]
    },
    {
      "SourcePinAddress":{
        "PinID":0,
        "PinOwnerID":1247881580
      },
      "TargetPinAddress":{
        "PinID":676270038,
        "PinOwnerID":2147337535
      },
      "ConnectionType":1,
      "ConnectedWireIndex":12,
      "ConnectedWireSegmentIndex":0,
      "Points":[{"x":-5.53528,"y":-1.61025},{"x":0.0,"y":0.0}]
    },
    {
      "SourcePinAddress":{
        "PinID":1205674528,
        "PinOwnerID":1681076486
      },
      "TargetPinAddress":{
        "PinID":1791504816,
        "PinOwnerID":1149083228
      },
      "ConnectionType":0,
      "ConnectedWireIndex":-1,
      "ConnectedWireSegmentIndex":-1,
      "Points":[{"x":0.0,"y":0.0},{"x":0.0,"y":0.0}]
    },
    {
      "SourcePinAddress":{
        "PinID":1205674528,
        "PinOwnerID":1569470415
      },
      "TargetPinAddress":{
        "PinID":1675619274,
        "PinOwnerID":1149083228
      },
      "ConnectionType":0,
      "ConnectedWireIndex":-1,
      "ConnectedWireSegmentIndex":-1,
      "Points":[{"x":0.0,"y":0.0},{"x":0.0,"y":0.0}]
    },
    {
      "SourcePinAddress":{
        "PinID":1205674528,
        "PinOwnerID":931249548
      },
      "TargetPinAddress":{
        "PinID":837874400,
        "PinOwnerID":1149083228
      },
      "ConnectionType":0,
      "ConnectedWireIndex":-1,
      "ConnectedWireSegmentIndex":-1,
      "Points":[{"x":0.0,"y":0.0},{"x":0.0,"y":0.0}]
    },
    {
      "SourcePinAddress":{
        "PinID":1205674528,
        "PinOwnerID":2147337535
      },
      "TargetPinAddress":{
        "PinID":1727459797,
        "PinOwnerID":1149083228
      },
      "ConnectionType":0,
      "ConnectedWireIndex":-1,
      "ConnectedWireSegmentIndex":-1,
      "Points":[{"x":0.0,"y":0.0},{"x":0.0,"y":0.0}]
    },
    {
      "SourcePinAddress":{
        "PinID":0,
        "PinOwnerID":1658478171
      },
      "TargetPinAddress":{
        "PinID":271959078,
        "PinOwnerID":1149083228
      },
      "ConnectionType":0,
      "ConnectedWireIndex":-1,
      "ConnectedWireSegmentIndex":-1,
      "Points":[{"x":0.0,"y":0.0},{"x":0.0,"y":0.0}]
    },
    {
      "SourcePinAddress":{
        "PinID":0,
        "PinOwnerID":545255946
      },
      "TargetPinAddress":{
        "PinID":565061291,
        "PinOwnerID":1149083228
      },
      "ConnectionType":0,
      "ConnectedWireIndex":-1,
      "ConnectedWireSegmentIndex":-1,
      "Points":[{"x":0.0,"y":0.0},{"x":0.0,"y":0.0}]
    },
    {
      "SourcePinAddress":{
        "PinID":0,
        "PinOwnerID":459994894
      },
      "TargetPinAddress":{
        "PinID":270699534,
        "PinOwnerID":1149083228
      },
      "ConnectionType":0,
      "ConnectedWireIndex":-1,
      "ConnectedWireSegmentIndex":-1,
      "Points":[{"x":0.0,"y":0.0},{"x":0.0,"y":0.0}]
    },
    {
      "SourcePinAddress":{
        "PinID":0,
        "PinOwnerID":610025391
      },
      "TargetPinAddress":{
        "PinID":1006121700,
        "PinOwnerID":1149083228
      },
      "ConnectionType":0,
      "ConnectedWireIndex":-1,
      "ConnectedWireSegmentIndex":-1,
      "Points":[{"x":0.0,"y":0.0},{"x":0.0,"y":0.0}]
    }
  ],
  "Displays": null
}