{
  "DLSVersion": "2.1.6",
  "Name": "ALU",
  "NameLocation": 0,
  "ChipType": 0,
  "Size": {
    "x": 0.575,
    "y": 3.5
  },
  "Colour": {
    "r": 0.651013732,
    "g": 0.382514477,
    "b": 0.353185683,
    "a": 1
  },
  "InputPins":[
    {
      "Name":"A3",
      "ID":449622665,
      "Position":{
        "x":-8.88889,
        "y":4.16049
      },
      "BitCount":1,
      "Colour":0,
      "ValueDisplayMode":0
    },
    {
      "Name":"A2",
      "ID":1895106682,
      "Position":{
        "x":-8.88889,
        "y":3.67901
      },
      "BitCount":1,
      "Colour":0,
      "ValueDisplayMode":0
    },
    {
      "Name":"A1",
      "ID":877221774,
      "Position":{
        "x":-8.88889,
        "y":3.20988
      },
      "BitCount":1,
      "Colour":0,
      "ValueDisplayMode":0
    },
    {
      "Name":"A0",
      "ID":1771744508,
      "Position":{
        "x":-8.90123,
        "y":2.71605
      },
      "BitCount":1,
      "Colour":0,
      "ValueDisplayMode":0
    },
    {
      "Name":"ENB",
      "ID":531035360,
      "Position":{
        "x":-8.88889,
        "y":2.0
      },
      "BitCount":1,
      "Colour":0,
      "ValueDisplayMode":0
    },
    {
      "Name":"STORE A",
      "ID":2052415587,
      "Position":{
        "x":-8.91358,
        "y":1.08642
      },
      "BitCount":1,
      "Colour":1,
      "ValueDisplayMode":0
    },
    {
      "Name":"STORE B",
      "ID":327843192,
      "Position":{
        "x":-8.88889,
        "y":0.5679
      },
      "BitCount":1,
      "Colour":1,
      "ValueDisplayMode":0
    },
    {
      "Name":"ADD",
      "ID":1453267084,
      "Position":{
        "x":-8.88889,
        "y":-0.08642
      },
      "BitCount":1,
      "Colour":1,
      "ValueDisplayMode":0
    },
    {
      "Name":"SUB",
      "ID":448456284,
      "Position":{
        "x":-8.90124,
        "y":-0.5679
      },
      "BitCount":1,
      "Colour":1,
      "ValueDisplayMode":0
    },
    {
      "Name":"MUL",
      "ID":1719532386,
      "Position":{
        "x":-8.88889,
        "y":-1.23457
      },
      "BitCount":1,
      "Colour":1,
      "ValueDisplayMode":0
    },
    {
      "Name":"DIV",
      "ID":1412423724,
      "Position":{
        "x":-8.88889,
        "y":-1.71605
      },
      "BitCount":1,
      "Colour":1,
      "ValueDisplayMode":0
    },
    {
      "Name":"RAM STORE",
      "ID":1885853133,
      "Position":{
        "x":-8.8642,
        "y":-2.46914
      },
      "BitCount":1,
      "Colour":5,
      "ValueDisplayMode":0
    },
    {
      "Name":"RAM OUT",
      "ID":472781320,
      "Position":{
        "x":-8.88889,
        "y":-2.95062
      },
      "BitCount":1,
      "Colour":5,
      "ValueDisplayMode":0
    },
    {
      "Name":"CLK",
      "ID":1189533853,
      "Position":{
        "x":-8.88889,
        "y":-3.48148
      },
      "BitCount":1,
      "Colour":3,
      "ValueDisplayMode":0
    }
  ],
  "OutputPins":[
    {
      "Name":"D3",
      "ID":467600816,
      "Position":{
        "x":9.43014,
        "y":1.93046
      },
      "BitCount":1,
      "Colour":0,
      "ValueDisplayMode":0
    },
    {
      "Name":"D2",
      "ID":117268506,
      "Position":{
        "x":9.47203,
        "y":1.42768
      },
      "BitCount":1,
      "Colour":0,
      "ValueDisplayMode":0
    },
    {
      "Name":"D1",
      "ID":933893019,
      "Position":{
        "x":9.51393,
        "y":0.94586
      },
      "BitCount":1,
      "Colour":0,
      "ValueDisplayMode":0
    },
    {
      "Name":"D0",
      "ID":1640437117,
      "Position":{
        "x":9.51393,
        "y":0.42214
      },
      "BitCount":1,
      "Colour":0,
      "ValueDisplayMode":0
    },
    {
      "Name":"DONE",
      "ID":1415609234,
      "Position":{
        "x":9.59416,
        "y":-2.22192
      },
      "BitCount":1,
      "Colour":0,
      "ValueDisplayMode":0
    }
  ],
  "SubChips":[
    {
      "Name":"Arithmetic Unit",
      "ID":1300579069,
      "Label":"",
      "Position":{
        "x":-0.13772,
        "y":-0.27141
      },
      "OutputPinColourInfo":[{"PinColour":0,"PinID":426483396},{"PinColour":0,"PinID":367722995},{"PinColour":0,"PinID":1040189176},{"PinColour":0,"PinID":2047237266},{"PinColour":0,"PinID":792021152}],
      "InternalData":null
    },
    {
      "Name":"4 BIT REG",
      "ID":240832499,
      "Label":"",
      "Position":{
        "x":-2.75309,
        "y":2.71605
      },
      "OutputPinColourInfo":[{"PinColour":0,"PinID":13869904},{"PinColour":0,"PinID":1983872400},{"PinColour":0,"PinID":1893517814},{"PinColour":0,"PinID":1350937073}],
      "InternalData":null
    },
    {
      "Name":"4 BIT REG",
      "ID":600152322,
      "Label":"",
      "Position":{
        "x":-0.54492,
        "y":2.70651
      },
      "OutputPinColourInfo":[{"PinColour":0,"PinID":13869904},{"PinColour":0,"PinID":1983872400},{"PinColour":0,"PinID":1893517814},{"PinColour":0,"PinID":1350937073}],
      "InternalData":null
    },
    {
      "Name":"1x 4 bit RAM",
      "ID":1876399364,
      "Label":"",
      "Position":{
        "x":-3.44444,
        "y":-2.09877
      },
      "OutputPinColourInfo":[{"PinColour":0,"PinID":986793394},{"PinColour":0,"PinID":534985748},{"PinColour":0,"PinID":527015756},{"PinColour":0,"PinID":1515262402}],
      "InternalData":null
    },
    {
      "Name":"BUFFER",
      "ID":59414940,
      "Label":"",
      "Position":{
        "x":-6.81201,
        "y":3.50729
      },
      "OutputPinColourInfo":[{"PinColour":0,"PinID":1452807932},{"PinColour":0,"PinID":226763273},{"PinColour":0,"PinID":296717527},{"PinColour":0,"PinID":1357541311}],
      "InternalData":null
    },
    {
      "Name":"OR",
      "ID":1397993896,
      "Label":"",
      "Position":{
        "x":-7.14815,
        "y":-2.77778
      },
      "OutputPinColourInfo":[{"PinColour":0,"PinID":1686933192}],
      "InternalData":null
    },
    {
      "Name":"BUFFER",
      "ID":366686050,
      "Label":"",
      "Position":{
        "x":2.7841,
        "y":-0.50659
      },
      "OutputPinColourInfo":[{"PinColour":0,"PinID":1452807932},{"PinColour":0,"PinID":226763273},{"PinColour":0,"PinID":296717527},{"PinColour":0,"PinID":1357541311}],
      "InternalData":null
    },
    {
      "Name":"BUFFER",
      "ID":956669195,
      "Label":"",
      "Position":{
        "x":-1.61787,
        "y":-2.6697
      },
      "OutputPinColourInfo":[{"PinColour":0,"PinID":1452807932},{"PinColour":0,"PinID":226763273},{"PinColour":0,"PinID":296717527},{"PinColour":0,"PinID":1357541311}],
      "InternalData":null
    },
    {
      "Name":"OR",
      "ID":597769539,
      "Label":"",
      "Position":{
        "x":1.25342,
        "y":-2.01516
      },
      "OutputPinColourInfo":[{"PinColour":0,"PinID":1686933192}],
      "InternalData":null
    },
    {
      "Name":"BUS-1",
      "ID":905086054,
      "Label":"",
      "Position":{
        "x":-8.75021,
        "y":5.71059
      },
      "OutputPinColourInfo":null,
      "InternalData":[220687110,0]
    },
    {
      "Name":"BUS-TERMINUS-1",
      "ID":220687110,
      "Label":"",
      "Position":{
        "x":-8.80377,
        "y":-4.95878
      },
      "OutputPinColourInfo":null,
      "InternalData":[905086054,1]
    },
    {
      "Name":"BUS-1",
      "ID":1499307240,
      "Label":"",
      "Position":{
        "x":-8.80038,
        "y":-4.52397
      },
      "OutputPinColourInfo":null,
      "InternalData":[356945793,0]
    },
    {
      "Name":"BUS-TERMINUS-1",
      "ID":356945793,
      "Label":"",
      "Position":{
        "x":-8.77032,
        "y":5.32596
      },
      "OutputPinColourInfo":null,
      "InternalData":[1499307240,1]
    },
    {
      "Name":"BUS-1",
      "ID":1052412058,
      "Label":"",
      "Position":{
        "x":-8.83383,
        "y":-5.66951
      },
      "OutputPinColourInfo":null,
      "InternalData":[552390349,0]
    },
    {
      "Name":"BUS-TERMINUS-1",
      "ID":552390349,
      "Label":"",
      "Position":{
        "x":-8.772,
        "y":6.48989
      },
      "OutputPinColourInfo":null,
      "InternalData":[1052412058,1]
    },
    {
      "Name":"BUS-1",
      "ID":514012074,
      "Label":"",
      "Position":{
        "x":-8.79704,
        "y":-5.33209
      },
      "OutputPinColourInfo":null,
      "InternalData":[1492935542,0]
    },
    {
      "Name":"BUS-TERMINUS-1",
      "ID":1492935542,
      "Label":"",
      "Position":{
        "x":-8.772,
        "y":6.12828
      },
      "OutputPinColourInfo":null,
      "InternalData":[514012074,1]
    },
    {
      "Name":"MDU",
      "ID":1798075178,
      "Label":"",
      "Position":{
        "x":2.89603,
        "y":3.05952
      },
      "OutputPinColourInfo":[{"PinColour":0,"PinID":1441097142},{"PinColour":0,"PinID":169156880},{"PinColour":0,"PinID":1780853066},{"PinColour":0,"PinID":657459046},{"PinColour":0,"PinID":85183620}],
      "InternalData":null
    },
    {
      "Name":"BUFFER",
      "ID":1097138281,
      "Label":"",
      "Position":{
        "x":4.55663,
        "y":3.56203
      },
      "OutputPinColourInfo":[{"PinColour":0,"PinID":1452807932},{"PinColour":0,"PinID":226763273},{"PinColour":0,"PinID":296717527},{"PinColour":0,"PinID":1357541311}],
      "InternalData":null
    },
    {
      "Name":"OR",
      "ID":311549911,
      "Label":"",
      "Position":{
        "x":2.7252,
        "y":0.66809
      },
      "OutputPinColourInfo":[{"PinColour":0,"PinID":1686933192}],
      "InternalData":null
    },
    {
      "Name":"OR",
      "ID":770948650,
      "Label":"",
      "Position":{
        "x":-3.77912,
        "y":0.35422
      },
      "OutputPinColourInfo":[{"PinColour":0,"PinID":1686933192}],
      "InternalData":null
    },
    {
      "Name":"OR 3",
      "ID":1294735325,
      "Label":"",
      "Position":{
        "x":7.75674,
        "y":-2.12004
      },
      "OutputPinColourInfo":[{"PinColour":0,"PinID":787439702}],
      "InternalData":null
    },
    {
      "Name":"OR",
      "ID":1860446486,
      "Label":"",
      "Position":{
        "x":8.50091,
        "y":-2.99189
      },
      "OutputPinColourInfo":[{"PinColour":0,"PinID":1686933192}],
      "InternalData":null
    }
  ],
  "Wires":[
    {
      "SourcePinAddress":{
        "PinID":0,
        "PinOwnerID":449622665
      },
      "TargetPinAddress":{
        "PinID":1612656153,
        "PinOwnerID":59414940
      },
      "ConnectionType":0,
      "ConnectedWireIndex":-1,
      "ConnectedWireSegmentIndex":-1,
      "Points":[{"x":0.0,"y":0.0},{"x":0.0,"y":0.0}]
    },
    {
      "SourcePinAddress":{
        "PinID":0,
        "PinOwnerID":1895106682
      },
      "TargetPinAddress":{
        "PinID":1957625802,
        "PinOwnerID":59414940
      },
      "ConnectionType":0,
      "ConnectedWireIndex":-1,
      "ConnectedWireSegmentIndex":-1,
      "Points":[{"x":0.0,"y":0.0},{"x":0.0,"y":0.0}]
    },
    {
      "SourcePinAddress":{
        "PinID":0,
        "PinOwnerID":877221774
      },
      "TargetPinAddress":{
        "PinID":2097091608,
        "PinOwnerID":59414940
      },
      "ConnectionType":0,
      "ConnectedWireIndex":-1,
      "ConnectedWireSegmentIndex":-1,
      "Points":[{"x":0.0,"y":0.0},{"x":0.0,"y":0.0}]
    },
    {
      "SourcePinAddress":{
        "PinID":0,
        "PinOwnerID":1771744508
      },
      "TargetPinAddress":{
        "PinID":1308145196,
        "PinOwnerID":59414940
      },
      "ConnectionType":0,
      "ConnectedWireIndex":-1,
      "ConnectedWireSegmentIndex":-1,
      "Points":[{"x":0.0,"y":0.0},{"x":0.0,"y":0.0}]
    },
    {
      "SourcePinAddress":{
        "PinID":0,
        "PinOwnerID":531035360
      },
      "TargetPinAddress":{
        "PinID":584552999,
        "PinOwnerID":59414940
      },
      "ConnectionType":0,
      "ConnectedWireIndex":-1,
      "ConnectedWireSegmentIndex":-1,
      "Points":[{"x":0.0,"y":0.0},{"x":0.0,"y":0.0}]
    },
    {
      "SourcePinAddress":{
        "PinID":0,
        "PinOwnerID":472781320
      },
      "TargetPinAddress":{
        "PinID":643740030,
        "PinOwnerID":1397993896
      },
      "ConnectionType":0,
      "ConnectedWireIndex":-1,
      "ConnectedWireSegmentIndex":-1,
      "Points":[{"x":0.0,"y":0.0},{"x":0.0,"y":0.0}]
    },
    {
      "SourcePinAddress":{
        "PinID":0,
        "PinOwnerID":1885853133
      },
      "TargetPinAddress":{
        "PinID":977249482,
        "PinOwnerID":1397993896
      },
      "ConnectionType":0,
      "ConnectedWireIndex":-1,
      "ConnectedWireSegmentIndex":-1,
      "Points":[{"x":0.0,"y":0.0},{"x":0.0,"y":0.0}]
    },
    {
      "SourcePinAddress":{
        "PinID":1686933192,
        "PinOwnerID":1397993896
      },
      "TargetPinAddress":{
        "PinID":290759835,
        "PinOwnerID":1876399364
      },
      "ConnectionType":0,
      "ConnectedWireIndex":-1,
      "ConnectedWireSegmentIndex":-1,
      "Points":[{"x":0.0,"y":0.0},{"x":0.0,"y":0.0}]
    },
    {
      "SourcePinAddress":{
        "PinID":0,
        "PinOwnerID":1885853133
      },
      "TargetPinAddress":{
        "PinID":2076478179,
        "PinOwnerID":1876399364
      },
      "ConnectionType":1,
      "ConnectedWireIndex":6,
      "ConnectedWireSegmentIndex":0,
      "Points":[{"x":-7.62875,"y":-2.58903},{"x":-7.60494,"y":-2.30864},{"x":0.0,"y":0.0}]
    },
    {
      "SourcePinAddress":{
        "PinID":0,
        "PinOwnerID":1189533853
      },
      "TargetPinAddress":{
        "PinID":317352135,
        "PinOwnerID":1876399364
      },
      "ConnectionType":0,
      "ConnectedWireIndex":-1,
      "ConnectedWireSegmentIndex":-1,
      "Points":[{"x":0.0,"y":0.0},{"x":-4.54321,"y":-3.51852},{"x":-4.54321,"y":-2.60494},{"x":0.0,"y":0.0}]
    },
    {
      "SourcePinAddress":{
        "PinID":0,
        "PinOwnerID":1189533853
      },
      "TargetPinAddress":{
        "PinID":674377508,
        "PinOwnerID":600152322
      },
      "ConnectionType":1,
      "ConnectedWireIndex":9,
      "ConnectedWireSegmentIndex":1,
      "Points":[{"x":-4.54321,"y":-2.64198},{"x":-4.55556,"y":1.75309},{"x":-1.17284,"y":1.77778},{"x":-1.18519,"y":2.03704},{"x":0.0,"y":0.0}]
    },
    {
      "SourcePinAddress":{
        "PinID":0,
        "PinOwnerID":1189533853
      },
      "TargetPinAddress":{
        "PinID":674377508,
        "PinOwnerID":240832499
      },
      "ConnectionType":1,
      "ConnectedWireIndex":10,
      "ConnectedWireSegmentIndex":1,
      "Points":[{"x":-3.34592,"y":1.76192},{"x":-3.35802,"y":2.07407},{"x":0.0,"y":0.0}]
    },
    {
      "SourcePinAddress":{
        "PinID":0,
        "PinOwnerID":1453267084
      },
      "TargetPinAddress":{
        "PinID":1609165897,
        "PinOwnerID":1300579069
      },
      "ConnectionType":0,
      "ConnectedWireIndex":-1,
      "ConnectedWireSegmentIndex":-1,
      "Points":[{"x":0.0,"y":0.0},{"x":-2.08642,"y":-0.037039999999999997},{"x":-2.07407,"y":-0.77778},{"x":0.0,"y":0.0}]
    },
    {
      "SourcePinAddress":{
        "PinID":0,
        "PinOwnerID":448456284
      },
      "TargetPinAddress":{
        "PinID":239529415,
        "PinOwnerID":1300579069
      },
      "ConnectionType":0,
      "ConnectedWireIndex":-1,
      "ConnectedWireSegmentIndex":-1,
      "Points":[{"x":0.0,"y":0.0},{"x":-2.35803,"y":-0.38272},{"x":-2.35803,"y":-1.03704},{"x":0.0,"y":0.0}]
    },
    {
      "SourcePinAddress":{
        "PinID":13869904,
        "PinOwnerID":600152322
      },
      "TargetPinAddress":{
        "PinID":1776459928,
        "PinOwnerID":1300579069
      },
      "ConnectionType":0,
      "ConnectedWireIndex":-1,
      "ConnectedWireSegmentIndex":-1,
      "Points":[{"x":0.0,"y":0.0},{"x":0.65432,"y":3.33333},{"x":0.65432,"y":1.55556},{"x":-1.2963,"y":1.54321},{"x":-1.2963,"y":1.14815},{"x":0.0,"y":0.0}]
    },
    {
      "SourcePinAddress":{
        "PinID":1983872400,
        "PinOwnerID":600152322
      },
      "TargetPinAddress":{
        "PinID":464751950,
        "PinOwnerID":1300579069
      },
      "ConnectionType":0,
      "ConnectedWireIndex":-1,
      "ConnectedWireSegmentIndex":-1,
      "Points":[{"x":0.0,"y":0.0},{"x":0.58025,"y":2.91358},{"x":0.58025,"y":1.61728},{"x":-1.34568,"y":1.61728},{"x":-1.37037,"y":1.60494},{"x":-1.37037,"y":0.90123},{"x":0.0,"y":0.0}]
    },
    {
      "SourcePinAddress":{
        "PinID":1893517814,
        "PinOwnerID":600152322
      },
      "TargetPinAddress":{
        "PinID":1599957694,
        "PinOwnerID":1300579069
      },
      "ConnectionType":0,
      "ConnectedWireIndex":-1,
      "ConnectedWireSegmentIndex":-1,
      "Points":[{"x":0.0,"y":0.0},{"x":0.51852,"y":2.49383},{"x":0.50617,"y":1.71605},{"x":0.50617,"y":1.67901},{"x":-1.4321,"y":1.69136},{"x":-1.44444,"y":0.65432},{"x":0.0,"y":0.0}]
    },
    {
      "SourcePinAddress":{
        "PinID":1350937073,
        "PinOwnerID":600152322
      },
      "TargetPinAddress":{
        "PinID":1463258462,
        "PinOwnerID":1300579069
      },
      "ConnectionType":0,
      "ConnectedWireIndex":-1,
      "ConnectedWireSegmentIndex":-1,
      "Points":[{"x":0.0,"y":0.0},{"x":0.44444,"y":2.06173},{"x":0.44444,"y":1.74074},{"x":-0.97531,"y":1.76543},{"x":-0.98765,"y":1.35802},{"x":-1.53086,"y":1.35802},{"x":-1.53086,"y":0.38272},{"x":0.0,"y":0.0}]
    },
    {
      "SourcePinAddress":{
        "PinID":1893517814,
        "PinOwnerID":240832499
      },
      "TargetPinAddress":{
        "PinID":1293416321,
        "PinOwnerID":1300579069
      },
      "ConnectionType":0,
      "ConnectedWireIndex":-1,
      "ConnectedWireSegmentIndex":-1,
      "Points":[{"x":0.0,"y":0.0},{"x":-1.85185,"y":2.50617},{"x":-1.85185,"y":-0.44444},{"x":0.0,"y":0.0}]
    },
    {
      "SourcePinAddress":{
        "PinID":1983872400,
        "PinOwnerID":240832499
      },
      "TargetPinAddress":{
        "PinID":1029876460,
        "PinOwnerID":1300579069
      },
      "ConnectionType":0,
      "ConnectedWireIndex":-1,
      "ConnectedWireSegmentIndex":-1,
      "Points":[{"x":0.0,"y":0.0},{"x":-1.76543,"y":2.91358},{"x":-1.74074,"y":-0.19753},{"x":0.0,"y":0.0}]
    },
    {
      "SourcePinAddress":{
        "PinID":13869904,
        "PinOwnerID":240832499
      },
      "TargetPinAddress":{
        "PinID":1310157209,
        "PinOwnerID":1300579069
      },
      "ConnectionType":0,
      "ConnectedWireIndex":-1,
      "ConnectedWireSegmentIndex":-1,
      "Points":[{"x":0.0,"y":0.0},{"x":-1.67901,"y":3.33333},{"x":-1.64198,"y":0.09877},{"x":0.0,"y":0.0}]
    },
    {
      "SourcePinAddress":{
        "PinID":1350937073,
        "PinOwnerID":240832499
      },
      "TargetPinAddress":{
        "PinID":458808894,
        "PinOwnerID":1300579069
      },
      "ConnectionType":0,
      "ConnectedWireIndex":-1,
      "ConnectedWireSegmentIndex":-1,
      "Points":[{"x":0.0,"y":0.0},{"x":-1.97531,"y":2.08642},{"x":-1.98765,"y":-0.61728},{"x":0.0,"y":0.0}]
    },
    {
      "SourcePinAddress":{
        "PinID":986793394,
        "PinOwnerID":1876399364
      },
      "TargetPinAddress":{
        "PinID":1612656153,
        "PinOwnerID":956669195
      },
      "ConnectionType":0,
      "ConnectedWireIndex":-1,
      "ConnectedWireSegmentIndex":-1,
      "Points":[{"x":0.0,"y":0.0},{"x":0.0,"y":0.0}]
    },
    {
      "SourcePinAddress":{
        "PinID":534985748,
        "PinOwnerID":1876399364
      },
      "TargetPinAddress":{
        "PinID":1957625802,
        "PinOwnerID":956669195
      },
      "ConnectionType":0,
      "ConnectedWireIndex":-1,
      "ConnectedWireSegmentIndex":-1,
      "Points":[{"x":0.0,"y":0.0},{"x":0.0,"y":0.0}]
    },
    {
      "SourcePinAddress":{
        "PinID":527015756,
        "PinOwnerID":1876399364
      },
      "TargetPinAddress":{
        "PinID":2097091608,
        "PinOwnerID":956669195
      },
      "ConnectionType":0,
      "ConnectedWireIndex":-1,
      "ConnectedWireSegmentIndex":-1,
      "Points":[{"x":0.0,"y":0.0},{"x":0.0,"y":0.0}]
    },
    {
      "SourcePinAddress":{
        "PinID":1515262402,
        "PinOwnerID":1876399364
      },
      "TargetPinAddress":{
        "PinID":1308145196,
        "PinOwnerID":956669195
      },
      "ConnectionType":0,
      "ConnectedWireIndex":-1,
      "ConnectedWireSegmentIndex":-1,
      "Points":[{"x":0.0,"y":0.0},{"x":0.0,"y":0.0}]
    },
    {
      "SourcePinAddress":{
        "PinID":367722995,
        "PinOwnerID":1300579069
      },
      "TargetPinAddress":{
        "PinID":1612656153,
        "PinOwnerID":366686050
      },
      "ConnectionType":0,
      "ConnectedWireIndex":-1,
      "ConnectedWireSegmentIndex":-1,
      "Points":[{"x":0.0,"y":0.0},{"x":0.0,"y":0.0}]
    },
    {
      "SourcePinAddress":{
        "PinID":1040189176,
        "PinOwnerID":1300579069
      },
      "TargetPinAddress":{
        "PinID":1957625802,
        "PinOwnerID":366686050
      },
      "ConnectionType":0,
      "ConnectedWireIndex":-1,
      "ConnectedWireSegmentIndex":-1,
      "Points":[{"x":0.0,"y":0.0},{"x":0.0,"y":0.0}]
    },
    {
      "SourcePinAddress":{
        "PinID":2047237266,
        "PinOwnerID":1300579069
      },
      "TargetPinAddress":{
        "PinID":2097091608,
        "PinOwnerID":366686050
      },
      "ConnectionType":0,
      "ConnectedWireIndex":-1,
      "ConnectedWireSegmentIndex":-1,
      "Points":[{"x":0.0,"y":0.0},{"x":0.0,"y":0.0}]
    },
    {
      "SourcePinAddress":{
        "PinID":792021152,
        "PinOwnerID":1300579069
      },
      "TargetPinAddress":{
        "PinID":1308145196,
        "PinOwnerID":366686050
      },
      "ConnectionType":0,
      "ConnectedWireIndex":-1,
      "ConnectedWireSegmentIndex":-1,
      "Points":[{"x":0.0,"y":0.0},{"x":0.0,"y":0.0}]
    },
    {
      "SourcePinAddress":{
        "PinID":0,
        "PinOwnerID":472781320
      },
      "TargetPinAddress":{
        "PinID":584552999,
        "PinOwnerID":956669195
      },
      "ConnectionType":1,
      "ConnectedWireIndex":5,
      "ConnectedWireSegmentIndex":0,
      "Points":[{"x":-7.67761,"y":-2.9219},{"x":-7.67533,"y":-3.21936},{"x":0.0,"y":0.0}]
    },
    {
      "SourcePinAddress":{
        "PinID":0,
        "PinOwnerID":2052415587
      },
      "TargetPinAddress":{
        "PinID":1180692063,
        "PinOwnerID":600152322
      },
      "ConnectionType":0,
      "ConnectedWireIndex":-1,
      "ConnectedWireSegmentIndex":-1,
      "Points":[{"x":0.0,"y":0.0},{"x":-4.89868,"y":1.02947},{"x":-4.88005,"y":3.71294},{"x":-1.50707,"y":3.71294},{"x":-1.4698,"y":2.2594},{"x":0.0,"y":0.0}]
    },
    {
      "SourcePinAddress":{
        "PinID":0,
        "PinOwnerID":327843192
      },
      "TargetPinAddress":{
        "PinID":1180692063,
        "PinOwnerID":240832499
      },
      "ConnectionType":0,
      "ConnectedWireIndex":-1,
      "ConnectedWireSegmentIndex":-1,
      "Points":[{"x":0.0,"y":0.0},{"x":-4.76824,"y":0.56359},{"x":-4.76824,"y":2.44575},{"x":0.0,"y":0.0}]
    },
    {
      "SourcePinAddress":{
        "PinID":1,
        "PinOwnerID":1052412058
      },
      "TargetPinAddress":{
        "PinID":0,
        "PinOwnerID":552390349
      },
      "ConnectionType":0,
      "ConnectedWireIndex":-1,
      "ConnectedWireSegmentIndex":-1,
      "Points":[{"x":0.0,"y":0.0},{"x":6.6685,"y":-5.815},{"x":6.61331,"y":6.43637},{"x":0.0,"y":0.0}]
    },
    {
      "SourcePinAddress":{
        "PinID":1,
        "PinOwnerID":514012074
      },
      "TargetPinAddress":{
        "PinID":0,
        "PinOwnerID":1492935542
      },
      "ConnectionType":0,
      "ConnectedWireIndex":-1,
      "ConnectedWireSegmentIndex":-1,
      "Points":[{"x":0.0,"y":0.0},{"x":6.31899,"y":-5.46549},{"x":6.33738,"y":6.17884},{"x":0.0,"y":0.0}]
    },
    {
      "SourcePinAddress":{
        "PinID":1,
        "PinOwnerID":905086054
      },
      "TargetPinAddress":{
        "PinID":0,
        "PinOwnerID":220687110
      },
      "ConnectionType":0,
      "ConnectedWireIndex":-1,
      "ConnectedWireSegmentIndex":-1,
      "Points":[{"x":0.0,"y":0.0},{"x":6.09824,"y":5.84772},{"x":6.06145,"y":-5.15276},{"x":0.0,"y":0.0}]
    },
    {
      "SourcePinAddress":{
        "PinID":1,
        "PinOwnerID":1499307240
      },
      "TargetPinAddress":{
        "PinID":0,
        "PinOwnerID":356945793
      },
      "ConnectionType":0,
      "ConnectedWireIndex":-1,
      "ConnectedWireSegmentIndex":-1,
      "Points":[{"x":0.0,"y":0.0},{"x":5.60156,"y":-4.67448},{"x":5.63835,"y":5.47981},{"x":0.0,"y":0.0}]
    },
    {
      "SourcePinAddress":{
        "PinID":1452807932,
        "PinOwnerID":59414940
      },
      "TargetPinAddress":{
        "PinID":0,
        "PinOwnerID":1052412058
      },
      "ConnectionType":2,
      "ConnectedWireIndex":33,
      "ConnectedWireSegmentIndex":2,
      "Points":[{"x":0.0,"y":0.0},{"x":-5.91399,"y":3.98978},{"x":-5.89551,"y":6.48027}]
    },
    {
      "SourcePinAddress":{
        "PinID":226763273,
        "PinOwnerID":59414940
      },
      "TargetPinAddress":{
        "PinID":0,
        "PinOwnerID":514012074
      },
      "ConnectionType":2,
      "ConnectedWireIndex":34,
      "ConnectedWireSegmentIndex":2,
      "Points":[{"x":0.0,"y":0.0},{"x":-5.67485,"y":3.65866},{"x":-5.6012,"y":6.13853}]
    },
    {
      "SourcePinAddress":{
        "PinID":296717527,
        "PinOwnerID":59414940
      },
      "TargetPinAddress":{
        "PinID":0,
        "PinOwnerID":905086054
      },
      "ConnectionType":2,
      "ConnectedWireIndex":35,
      "ConnectedWireSegmentIndex":0,
      "Points":[{"x":0.0,"y":0.0},{"x":-5.38052,"y":3.32754},{"x":-5.34377,"y":5.74108}]
    },
    {
      "SourcePinAddress":{
        "PinID":1357541311,
        "PinOwnerID":59414940
      },
      "TargetPinAddress":{
        "PinID":0,
        "PinOwnerID":1499307240
      },
      "ConnectionType":2,
      "ConnectedWireIndex":36,
      "ConnectedWireSegmentIndex":2,
      "Points":[{"x":0.0,"y":0.0},{"x":-5.19657,"y":2.99642},{"x":-5.1967,"y":5.36302}]
    },
    {
      "SourcePinAddress":{
        "PinID":1,
        "PinOwnerID":1052412058
      },
      "TargetPinAddress":{
        "PinID":217290371,
        "PinOwnerID":240832499
      },
      "ConnectionType":1,
      "ConnectedWireIndex":33,
      "ConnectedWireSegmentIndex":2,
      "Points":[{"x":-3.65142,"y":6.47239},{"x":-3.55937,"y":3.38273},{"x":0.0,"y":0.0}]
    },
    {
      "SourcePinAddress":{
        "PinID":1,
        "PinOwnerID":514012074
      },
      "TargetPinAddress":{
        "PinID":385223175,
        "PinOwnerID":240832499
      },
      "ConnectionType":1,
      "ConnectedWireIndex":34,
      "ConnectedWireSegmentIndex":2,
      "Points":[{"x":-3.83544,"y":6.14449},{"x":-3.72493,"y":3.14359},{"x":0.0,"y":0.0}]
    },
    {
      "SourcePinAddress":{
        "PinID":1,
        "PinOwnerID":905086054
      },
      "TargetPinAddress":{
        "PinID":464952480,
        "PinOwnerID":240832499
      },
      "ConnectionType":1,
      "ConnectedWireIndex":35,
      "ConnectedWireSegmentIndex":0,
      "Points":[{"x":-4.00084,"y":5.7536},{"x":-3.90889,"y":2.94124},{"x":0.0,"y":0.0}]
    },
    {
      "SourcePinAddress":{
        "PinID":1,
        "PinOwnerID":1499307240
      },
      "TargetPinAddress":{
        "PinID":236702342,
        "PinOwnerID":240832499
      },
      "ConnectionType":1,
      "ConnectedWireIndex":36,
      "ConnectedWireSegmentIndex":2,
      "Points":[{"x":-4.16608,"y":5.37413},{"x":-4.07444,"y":2.64691},{"x":0.0,"y":0.0}]
    },
    {
      "SourcePinAddress":{
        "PinID":1,
        "PinOwnerID":1052412058
      },
      "TargetPinAddress":{
        "PinID":217290371,
        "PinOwnerID":600152322
      },
      "ConnectionType":1,
      "ConnectedWireIndex":33,
      "ConnectedWireSegmentIndex":2,
      "Points":[{"x":-1.29676,"y":6.46413},{"x":-1.29673,"y":3.34593},{"x":0.0,"y":0.0}]
    },
    {
      "SourcePinAddress":{
        "PinID":1,
        "PinOwnerID":514012074
      },
      "TargetPinAddress":{
        "PinID":385223175,
        "PinOwnerID":600152322
      },
      "ConnectionType":1,
      "ConnectedWireIndex":34,
      "ConnectedWireSegmentIndex":2,
      "Points":[{"x":-1.44381,"y":6.15257},{"x":-1.4255,"y":3.10679},{"x":0.0,"y":0.0}]
    },
    {
      "SourcePinAddress":{
        "PinID":1,
        "PinOwnerID":905086054
      },
      "TargetPinAddress":{
        "PinID":464952480,
        "PinOwnerID":600152322
      },
      "ConnectionType":1,
      "ConnectedWireIndex":35,
      "ConnectedWireSegmentIndex":0,
      "Points":[{"x":-1.64609,"y":5.77554},{"x":-1.57266,"y":3.23556},{"x":-1.33352,"y":2.86765},{"x":0.0,"y":0.0}]
    },
    {
      "SourcePinAddress":{
        "PinID":1,
        "PinOwnerID":1499307240
      },
      "TargetPinAddress":{
        "PinID":236702342,
        "PinOwnerID":600152322
      },
      "ConnectionType":1,
      "ConnectedWireIndex":36,
      "ConnectedWireSegmentIndex":2,
      "Points":[{"x":-1.85608,"y":5.39903},{"x":-1.77088,"y":3.2034},{"x":-1.36633,"y":2.63915},{"x":0.0,"y":0.0}]
    },
    {
      "SourcePinAddress":{
        "PinID":1452807932,
        "PinOwnerID":366686050
      },
      "TargetPinAddress":{
        "PinID":0,
        "PinOwnerID":1052412058
      },
      "ConnectionType":2,
      "ConnectedWireIndex":33,
      "ConnectedWireSegmentIndex":1,
      "Points":[{"x":0.0,"y":0.0},{"x":6.64257,"y":-0.05824}]
    },
    {
      "SourcePinAddress":{
        "PinID":226763273,
        "PinOwnerID":366686050
      },
      "TargetPinAddress":{
        "PinID":0,
        "PinOwnerID":514012074
      },
      "ConnectionType":2,
      "ConnectedWireIndex":34,
      "ConnectedWireSegmentIndex":1,
      "Points":[{"x":0.0,"y":0.0},{"x":6.32702,"y":-0.37899}]
    },
    {
      "SourcePinAddress":{
        "PinID":296717527,
        "PinOwnerID":366686050
      },
      "TargetPinAddress":{
        "PinID":0,
        "PinOwnerID":905086054
      },
      "ConnectionType":2,
      "ConnectedWireIndex":35,
      "ConnectedWireSegmentIndex":1,
      "Points":[{"x":0.0,"y":0.0},{"x":6.07615,"y":-0.75624}]
    },
    {
      "SourcePinAddress":{
        "PinID":1357541311,
        "PinOwnerID":366686050
      },
      "TargetPinAddress":{
        "PinID":0,
        "PinOwnerID":1499307240
      },
      "ConnectionType":2,
      "ConnectedWireIndex":36,
      "ConnectedWireSegmentIndex":1,
      "Points":[{"x":0.0,"y":0.0},{"x":5.61425,"y":-1.17127}]
    },
    {
      "SourcePinAddress":{
        "PinID":1,
        "PinOwnerID":1052412058
      },
      "TargetPinAddress":{
        "PinID":394842305,
        "PinOwnerID":1876399364
      },
      "ConnectionType":1,
      "ConnectedWireIndex":33,
      "ConnectedWireSegmentIndex":0,
      "Points":[{"x":-5.32518,"y":-5.70145},{"x":-5.19295,"y":-1.28429},{"x":0.0,"y":0.0}]
    },
    {
      "SourcePinAddress":{
        "PinID":1,
        "PinOwnerID":514012074
      },
      "TargetPinAddress":{
        "PinID":1232929246,
        "PinOwnerID":1876399364
      },
      "ConnectionType":1,
      "ConnectedWireIndex":34,
      "ConnectedWireSegmentIndex":0,
      "Points":[{"x":-5.19333,"y":-5.36298},{"x":-5.11751,"y":-1.49176},{"x":0.0,"y":0.0}]
    },
    {
      "SourcePinAddress":{
        "PinID":1,
        "PinOwnerID":905086054
      },
      "TargetPinAddress":{
        "PinID":1673954194,
        "PinOwnerID":1876399364
      },
      "ConnectionType":1,
      "ConnectedWireIndex":35,
      "ConnectedWireSegmentIndex":2,
      "Points":[{"x":-5.07987,"y":-5.00604},{"x":-5.00434,"y":-1.79352},{"x":0.0,"y":0.0}]
    },
    {
      "SourcePinAddress":{
        "PinID":1,
        "PinOwnerID":1499307240
      },
      "TargetPinAddress":{
        "PinID":1947763524,
        "PinOwnerID":1876399364
      },
      "ConnectionType":1,
      "ConnectedWireIndex":36,
      "ConnectedWireSegmentIndex":0,
      "Points":[{"x":-4.96699,"y":-4.56299},{"x":-4.91004,"y":-2.03871},{"x":0.0,"y":0.0}]
    },
    {
      "SourcePinAddress":{
        "PinID":1452807932,
        "PinOwnerID":956669195
      },
      "TargetPinAddress":{
        "PinID":0,
        "PinOwnerID":1052412058
      },
      "ConnectionType":2,
      "ConnectedWireIndex":33,
      "ConnectedWireSegmentIndex":0,
      "Points":[{"x":0.0,"y":0.0},{"x":0.31428,"y":-2.18959},{"x":0.33313,"y":-5.75502}]
    },
    {
      "SourcePinAddress":{
        "PinID":226763273,
        "PinOwnerID":956669195
      },
      "TargetPinAddress":{
        "PinID":0,
        "PinOwnerID":514012074
      },
      "ConnectionType":2,
      "ConnectedWireIndex":34,
      "ConnectedWireSegmentIndex":0,
      "Points":[{"x":0.0,"y":0.0},{"x":0.20111,"y":-2.52908},{"x":0.18247,"y":-5.41085}]
    },
    {
      "SourcePinAddress":{
        "PinID":296717527,
        "PinOwnerID":956669195
      },
      "TargetPinAddress":{
        "PinID":0,
        "PinOwnerID":905086054
      },
      "ConnectionType":2,
      "ConnectedWireIndex":35,
      "ConnectedWireSegmentIndex":2,
      "Points":[{"x":0.0,"y":0.0},{"x":0.06909,"y":-2.8497},{"x":0.03139,"y":-5.07335}]
    },
    {
      "SourcePinAddress":{
        "PinID":1357541311,
        "PinOwnerID":956669195
      },
      "TargetPinAddress":{
        "PinID":0,
        "PinOwnerID":1499307240
      },
      "ConnectionType":2,
      "ConnectedWireIndex":36,
      "ConnectedWireSegmentIndex":0,
      "Points":[{"x":0.0,"y":0.0},{"x":-0.06293,"y":-3.22691},{"x":-0.06325,"y":-4.61472}]
    },
    {
      "SourcePinAddress":{
        "PinID":1,
        "PinOwnerID":1052412058
      },
      "TargetPinAddress":{
        "PinID":0,
        "PinOwnerID":467600816
      },
      "ConnectionType":1,
      "ConnectedWireIndex":33,
      "ConnectedWireSegmentIndex":1,
      "Points":[{"x":6.63342,"y":1.9724},{"x":0.0,"y":0.0}]
    },
    {
      "SourcePinAddress":{
        "PinID":1,
        "PinOwnerID":514012074
      },
      "TargetPinAddress":{
        "PinID":0,
        "PinOwnerID":117268506
      },
      "ConnectionType":1,
      "ConnectedWireIndex":34,
      "ConnectedWireSegmentIndex":1,
      "Points":[{"x":6.32994,"y":1.46961},{"x":0.0,"y":0.0}]
    },
    {
      "SourcePinAddress":{
        "PinID":1,
        "PinOwnerID":905086054
      },
      "TargetPinAddress":{
        "PinID":0,
        "PinOwnerID":933893019
      },
      "ConnectionType":1,
      "ConnectedWireIndex":35,
      "ConnectedWireSegmentIndex":1,
      "Points":[{"x":6.08178,"y":0.92476},{"x":0.0,"y":0.0}]
    },
    {
      "SourcePinAddress":{
        "PinID":1,
        "PinOwnerID":1499307240
      },
      "TargetPinAddress":{
        "PinID":0,
        "PinOwnerID":1640437117
      },
      "ConnectionType":1,
      "ConnectedWireIndex":36,
      "ConnectedWireSegmentIndex":1,
      "Points":[{"x":5.62025,"y":0.4849},{"x":0.0,"y":0.0}]
    },
    {
      "SourcePinAddress":{
        "PinID":0,
        "PinOwnerID":1453267084
      },
      "TargetPinAddress":{
        "PinID":977249482,
        "PinOwnerID":597769539
      },
      "ConnectionType":1,
      "ConnectedWireIndex":12,
      "ConnectedWireSegmentIndex":2,
      "Points":[{"x":-1.24686,"y":-0.86895},{"x":-1.22682,"y":-1.8162},{"x":0.0,"y":0.0}]
    },
    {
      "SourcePinAddress":{
        "PinID":0,
        "PinOwnerID":448456284
      },
      "TargetPinAddress":{
        "PinID":643740030,
        "PinOwnerID":597769539
      },
      "ConnectionType":1,
      "ConnectedWireIndex":13,
      "ConnectedWireSegmentIndex":2,
      "Points":[{"x":-1.45092,"y":-1.10997},{"x":-1.47737,"y":-1.90731},{"x":0.0,"y":0.0}]
    },
    {
      "SourcePinAddress":{
        "PinID":13869904,
        "PinOwnerID":600152322
      },
      "TargetPinAddress":{
        "PinID":397810940,
        "PinOwnerID":1798075178
      },
      "ConnectionType":1,
      "ConnectedWireIndex":14,
      "ConnectedWireSegmentIndex":0,
      "Points":[{"x":0.65,"y":3.33332},{"x":0.0,"y":0.0}]
    },
    {
      "SourcePinAddress":{
        "PinID":1983872400,
        "PinOwnerID":600152322
      },
      "TargetPinAddress":{
        "PinID":641788663,
        "PinOwnerID":1798075178
      },
      "ConnectionType":1,
      "ConnectedWireIndex":15,
      "ConnectedWireSegmentIndex":0,
      "Points":[{"x":0.47842,"y":2.91379},{"x":0.0,"y":0.0}]
    },
    {
      "SourcePinAddress":{
        "PinID":1893517814,
        "PinOwnerID":600152322
      },
      "TargetPinAddress":{
        "PinID":1836350685,
        "PinOwnerID":1798075178
      },
      "ConnectionType":1,
      "ConnectedWireIndex":16,
      "ConnectedWireSegmentIndex":0,
      "Points":[{"x":0.46907,"y":2.49423},{"x":0.0,"y":0.0}]
    },
    {
      "SourcePinAddress":{
        "PinID":1350937073,
        "PinOwnerID":600152322
      },
      "TargetPinAddress":{
        "PinID":1216235487,
        "PinOwnerID":1798075178
      },
      "ConnectionType":1,
      "ConnectedWireIndex":17,
      "ConnectedWireSegmentIndex":0,
      "Points":[{"x":0.3834,"y":2.06432},{"x":0.0,"y":0.0}]
    },
    {
      "SourcePinAddress":{
        "PinID":13869904,
        "PinOwnerID":240832499
      },
      "TargetPinAddress":{
        "PinID":1800361820,
        "PinOwnerID":1798075178
      },
      "ConnectionType":1,
      "ConnectedWireIndex":20,
      "ConnectedWireSegmentIndex":0,
      "Points":[{"x":-2.10599,"y":3.3393099999999998},{"x":-2.13415,"y":4.401},{"x":1.54627,"y":4.38193},{"x":0.0,"y":0.0}]
    },
    {
      "SourcePinAddress":{
        "PinID":1983872400,
        "PinOwnerID":240832499
      },
      "TargetPinAddress":{
        "PinID":980260600,
        "PinOwnerID":1798075178
      },
      "ConnectionType":1,
      "ConnectedWireIndex":19,
      "ConnectedWireSegmentIndex":0,
      "Points":[{"x":-1.99145,"y":2.91883},{"x":-2.00066,"y":4.23891},{"x":1.43185,"y":4.22937},{"x":0.0,"y":0.0}]
    },
    {
      "SourcePinAddress":{
        "PinID":1893517814,
        "PinOwnerID":240832499
      },
      "TargetPinAddress":{
        "PinID":1128832261,
        "PinOwnerID":1798075178
      },
      "ConnectionType":1,
      "ConnectedWireIndex":18,
      "ConnectedWireSegmentIndex":0,
      "Points":[{"x":-1.86724,"y":2.50623},{"x":-1.89578,"y":4.12449},{"x":1.33651,"y":4.12449},{"x":0.0,"y":0.0}]
    },
    {
      "SourcePinAddress":{
        "PinID":1350937073,
        "PinOwnerID":240832499
      },
      "TargetPinAddress":{
        "PinID":2060628594,
        "PinOwnerID":1798075178
      },
      "ConnectionType":1,
      "ConnectedWireIndex":21,
      "ConnectedWireSegmentIndex":0,
      "Points":[{"x":-2.02019,"y":2.08723},{"x":-1.50486,"y":2.06498},{"x":-0.99951,"y":4.01961},{"x":1.26023,"y":3.99101},{"x":0.0,"y":0.0}]
    },
    {
      "SourcePinAddress":{
        "PinID":0,
        "PinOwnerID":1189533853
      },
      "TargetPinAddress":{
        "PinID":946175532,
        "PinOwnerID":1798075178
      },
      "ConnectionType":1,
      "ConnectedWireIndex":9,
      "ConnectedWireSegmentIndex":0,
      "Points":[{"x":-4.59421,"y":-3.51799},{"x":3.72165,"y":-3.50434},{"x":3.67171,"y":1.09054},{"x":2.14841,"y":1.04059},{"x":2.07349,"y":1.68987},{"x":0.0,"y":0.0}]
    },
    {
      "SourcePinAddress":{
        "PinID":0,
        "PinOwnerID":1719532386
      },
      "TargetPinAddress":{
        "PinID":912822951,
        "PinOwnerID":1798075178
      },
      "ConnectionType":0,
      "ConnectedWireIndex":-1,
      "ConnectedWireSegmentIndex":-1,
      "Points":[{"x":0.0,"y":0.0},{"x":-5.47444,"y":-1.29253},{"x":-5.53541,"y":-4.03653},{"x":1.76159,"y":-4.13816},{"x":1.74127,"y":2.40679},{"x":0.0,"y":0.0}]
    },
    {
      "SourcePinAddress":{
        "PinID":0,
        "PinOwnerID":1412423724
      },
      "TargetPinAddress":{
        "PinID":246291218,
        "PinOwnerID":1798075178
      },
      "ConnectionType":0,
      "ConnectedWireIndex":-1,
      "ConnectedWireSegmentIndex":-1,
      "Points":[{"x":0.0,"y":0.0},{"x":-5.6777,"y":-1.7397},{"x":-5.77932,"y":-4.30076},{"x":1.9242,"y":-4.34142},{"x":1.88355,"y":2.24418},{"x":0.0,"y":0.0}]
    },
    {
      "SourcePinAddress":{
        "PinID":1452807932,
        "PinOwnerID":1097138281
      },
      "TargetPinAddress":{
        "PinID":0,
        "PinOwnerID":1052412058
      },
      "ConnectionType":2,
      "ConnectedWireIndex":33,
      "ConnectedWireSegmentIndex":1,
      "Points":[{"x":0.0,"y":0.0},{"x":6.62267,"y":4.35824}]
    },
    {
      "SourcePinAddress":{
        "PinID":226763273,
        "PinOwnerID":1097138281
      },
      "TargetPinAddress":{
        "PinID":0,
        "PinOwnerID":514012074
      },
      "ConnectionType":2,
      "ConnectedWireIndex":34,
      "ConnectedWireSegmentIndex":1,
      "Points":[{"x":0.0,"y":0.0},{"x":6.33389,"y":3.96901}]
    },
    {
      "SourcePinAddress":{
        "PinID":296717527,
        "PinOwnerID":1097138281
      },
      "TargetPinAddress":{
        "PinID":0,
        "PinOwnerID":905086054
      },
      "ConnectionType":2,
      "ConnectedWireIndex":35,
      "ConnectedWireSegmentIndex":1,
      "Points":[{"x":0.0,"y":0.0},{"x":6.0907,"y":3.59248}]
    },
    {
      "SourcePinAddress":{
        "PinID":1357541311,
        "PinOwnerID":1097138281
      },
      "TargetPinAddress":{
        "PinID":0,
        "PinOwnerID":1499307240
      },
      "ConnectionType":2,
      "ConnectedWireIndex":36,
      "ConnectedWireSegmentIndex":1,
      "Points":[{"x":0.0,"y":0.0},{"x":5.63019,"y":3.22847}]
    },
    {
      "SourcePinAddress":{
        "PinID":1441097142,
        "PinOwnerID":1798075178
      },
      "TargetPinAddress":{
        "PinID":1612656153,
        "PinOwnerID":1097138281
      },
      "ConnectionType":0,
      "ConnectedWireIndex":-1,
      "ConnectedWireSegmentIndex":-1,
      "Points":[{"x":0.0,"y":0.0},{"x":0.0,"y":0.0}]
    },
    {
      "SourcePinAddress":{
        "PinID":169156880,
        "PinOwnerID":1798075178
      },
      "TargetPinAddress":{
        "PinID":1957625802,
        "PinOwnerID":1097138281
      },
      "ConnectionType":0,
      "ConnectedWireIndex":-1,
      "ConnectedWireSegmentIndex":-1,
      "Points":[{"x":0.0,"y":0.0},{"x":0.0,"y":0.0}]
    },
    {
      "SourcePinAddress":{
        "PinID":1780853066,
        "PinOwnerID":1798075178
      },
      "TargetPinAddress":{
        "PinID":2097091608,
        "PinOwnerID":1097138281
      },
      "ConnectionType":0,
      "ConnectedWireIndex":-1,
      "ConnectedWireSegmentIndex":-1,
      "Points":[{"x":0.0,"y":0.0},{"x":0.0,"y":0.0}]
    },
    {
      "SourcePinAddress":{
        "PinID":657459046,
        "PinOwnerID":1798075178
      },
      "TargetPinAddress":{
        "PinID":1308145196,
        "PinOwnerID":1097138281
      },
      "ConnectionType":0,
      "ConnectedWireIndex":-1,
      "ConnectedWireSegmentIndex":-1,
      "Points":[{"x":0.0,"y":0.0},{"x":0.0,"y":0.0}]
    },
    {
      "SourcePinAddress":{
        "PinID":0,
        "PinOwnerID":1412423724
      },
      "TargetPinAddress":{
        "PinID":977249482,
        "PinOwnerID":311549911
      },
      "ConnectionType":1,
      "ConnectedWireIndex":77,
      "ConnectedWireSegmentIndex":3,
      "Points":[{"x":1.8925,"y":0.79358},{"x":0.0,"y":0.0}]
    },
    {
      "SourcePinAddress":{
        "PinID":0,
        "PinOwnerID":1719532386
      },
      "TargetPinAddress":{
        "PinID":643740030,
        "PinOwnerID":311549911
      },
      "ConnectionType":1,
      "ConnectedWireIndex":76,
      "ConnectedWireSegmentIndex":3,
      "Points":[{"x":1.74698,"y":0.56761},{"x":0.0,"y":0.0}]
    },
    {
      "SourcePinAddress":{
        "PinID":1686933192,
        "PinOwnerID":597769539
      },
      "TargetPinAddress":{
        "PinID":584552999,
        "PinOwnerID":366686050
      },
      "ConnectionType":0,
      "ConnectedWireIndex":-1,
      "ConnectedWireSegmentIndex":-1,
      "Points":[{"x":0.0,"y":0.0},{"x":0.0,"y":0.0}]
    },
    {
      "SourcePinAddress":{
        "PinID":1686933192,
        "PinOwnerID":311549911
      },
      "TargetPinAddress":{
        "PinID":584552999,
        "PinOwnerID":1097138281
      },
      "ConnectionType":0,
      "ConnectedWireIndex":-1,
      "ConnectedWireSegmentIndex":-1,
      "Points":[{"x":0.0,"y":0.0},{"x":0.0,"y":0.0}]
    },
    {
      "SourcePinAddress":{
        "PinID":0,
        "PinOwnerID":2052415587
      },
      "TargetPinAddress":{
        "PinID":977249482,
        "PinOwnerID":770948650
      },
      "ConnectionType":1,
      "ConnectedWireIndex":31,
      "ConnectedWireSegmentIndex":0,
      "Points":[{"x":-4.95169,"y":1.03039},{"x":0.0,"y":0.0}]
    },
    {
      "SourcePinAddress":{
        "PinID":0,
        "PinOwnerID":327843192
      },
      "TargetPinAddress":{
        "PinID":643740030,
        "PinOwnerID":770948650
      },
      "ConnectionType":1,
      "ConnectedWireIndex":32,
      "ConnectedWireSegmentIndex":0,
      "Points":[{"x":-4.77524,"y":0.5636},{"x":0.0,"y":0.0}]
    },
    {
      "SourcePinAddress":{
        "PinID":85183620,
        "PinOwnerID":1798075178
      },
      "TargetPinAddress":{
        "PinID":1116892438,
        "PinOwnerID":1294735325
      },
      "ConnectionType":0,
      "ConnectedWireIndex":-1,
      "ConnectedWireSegmentIndex":-1,
      "Points":[{"x":0.0,"y":0.0},{"x":4.54341,"y":1.71989},{"x":4.81654,"y":-1.54164},{"x":0.0,"y":0.0}]
    },
    {
      "SourcePinAddress":{
        "PinID":1686933192,
        "PinOwnerID":597769539
      },
      "TargetPinAddress":{
        "PinID":1042965712,
        "PinOwnerID":1294735325
      },
      "ConnectionType":1,
      "ConnectedWireIndex":88,
      "ConnectedWireSegmentIndex":0,
      "Points":[{"x":2.04167,"y":-1.21227},{"x":2.05307,"y":-2.26464},{"x":0.0,"y":0.0}]
    },
    {
      "SourcePinAddress":{
        "PinID":1686933192,
        "PinOwnerID":770948650
      },
      "TargetPinAddress":{
        "PinID":851630336,
        "PinOwnerID":1294735325
      },
      "ConnectionType":0,
      "ConnectedWireIndex":-1,
      "ConnectedWireSegmentIndex":-1,
      "Points":[{"x":0.0,"y":0.0},{"x":-2.5580599999999998,"y":0.30602},{"x":-2.54199,"y":1.54316},{"x":4.12567,"y":1.17362},{"x":4.36667,"y":-2.00758},{"x":0.0,"y":0.0}]
    },
    {
      "SourcePinAddress":{
        "PinID":787439702,
        "PinOwnerID":1294735325
      },
      "TargetPinAddress":{
        "PinID":977249482,
        "PinOwnerID":1860446486
      },
      "ConnectionType":0,
      "ConnectedWireIndex":-1,
      "ConnectedWireSegmentIndex":-1,
      "Points":[{"x":0.0,"y":0.0},{"x":0.0,"y":0.0}]
    },
    {
      "SourcePinAddress":{
        "PinID":1686933192,
        "PinOwnerID":1860446486
      },
      "TargetPinAddress":{
        "PinID":0,
        "PinOwnerID":1415609234
      },
      "ConnectionType":0,
      "ConnectedWireIndex":-1,
      "ConnectedWireSegmentIndex":-1,
      "Points":[{"x":0.0,"y":0.0},{"x":0.0,"y":0.0}]
    },
    {
      "SourcePinAddress":{
        "PinID":0,
        "PinOwnerID":472781320
      },
      "TargetPinAddress":{
        "PinID":643740030,
        "PinOwnerID":1860446486
      },
      "ConnectionType":1,
      "ConnectedWireIndex":30,
      "ConnectedWireSegmentIndex":1,
      "Points":[{"x":-2.47592,"y":-3.17207},{"x":-2.50814,"y":-3.89943},{"x":5.1651,"y":-3.88331},{"x":5.14898,"y":-3.17402},{"x":0.0,"y":0.0}]
    }
  ],
  "Displays": null
}