{
  "DLSVersion": "2.1.6",
  "Name": "AND 4",
  "NameLocation": 0,
  "ChipType": 0,
  "Size": {
    "x": 0.875,
    "y": 1.0
  },
  "Colour": {
    "r": 0.706432045,
    "g": 0.867949545,
    "b": 0.2247725,
    "a": 1
  },
  "InputPins":[
    {
      "Name":"IN",
      "ID":1765119423,
      "Position":{
        "x":-14.42335,
        "y":3.61269
      },
      "BitCount":1,
      "Colour":0,
      "ValueDisplayMode":0
    },
    {
      "Name":"IN",
      "ID":988593347,
      "Position":{
        "x":-14.42335,
        "y":3.05692
      },
      "BitCount":1,
      "Colour":0,
      "ValueDisplayMode":0
    },
    {
      "Name":"IN",
      "ID":515115463,
      "Position":{
        "x":-14.42335,
        "y":2.39391
      },
      "BitCount":1,
      "Colour":0,
      "ValueDisplayMode":0
    },
    {
      "Name":"IN",
      "ID":106823064,
      "Position":{
        "x":-14.42335,
        "y":1.63339
      },
      "BitCount":1,
      "Colour":0,
      "ValueDisplayMode":0
    }
  ],
  "OutputPins":[
    {
      "Name":"OUT",
      "ID":1601937676,
      "Position":{
        "x":-9.19722,
        "y":2.1404
      },
      "BitCount":1,
      "Colour":0,
      "ValueDisplayMode":0
    }
  ],
  "SubChips":[
    {
      "Name":"AND 3",
      "ID":829134098,
      "Label":"",
      "Position":{
        "x":-12.30433,
        "y":2.8866
      },
      "OutputPinColourInfo":[{"PinColour":0,"PinID":736417241}],
      "InternalData":null
    },
    {
      "Name":"AND",
      "ID":697876039,
      "Label":"",
      "Position":{
        "x":-11.06439,
        "y":2.0429
      },
      "OutputPinColourInfo":[{"PinColour":0,"PinID":1834173622}],
      "InternalData":null
    }
  ],
  "Wires":[
    {
      "SourcePinAddress":{
        "PinID":0,
        "PinOwnerID":106823064
      },
      "TargetPinAddress":{
        "PinID":267671138,
        "PinOwnerID":697876039
      },
      "ConnectionType":0,
      "ConnectedWireIndex":-1,
      "ConnectedWireSegmentIndex":-1,
      "Points":[{"x":0.0,"y":0.0},{"x":0.0,"y":0.0}]
    },
    {
      "SourcePinAddress":{
        "PinID":736417241,
        "PinOwnerID":829134098
      },
      "TargetPinAddress":{
        "PinID":1479226400,
        "PinOwnerID":697876039
      },
      "ConnectionType":0,
      "ConnectedWireIndex":-1,
      "ConnectedWireSegmentIndex":-1,
      "Points":[{"x":0.0,"y":0.0},{"x":0.0,"y":0.0}]
    },
    {
      "SourcePinAddress":{
        "PinID":0,
        "PinOwnerID":515115463
      },
      "TargetPinAddress":{
        "PinID":1236949195,
        "PinOwnerID":829134098
      },
      "ConnectionType":0,
      "ConnectedWireIndex":-1,
      "ConnectedWireSegmentIndex":-1,
      "Points":[{"x":0.0,"y":0.0},{"x":0.0,"y":0.0}]
    },
    {
      "SourcePinAddress":{
        "PinID":0,
        "PinOwnerID":988593347
      },
      "TargetPinAddress":{
        "PinID":1053466565,
        "PinOwnerID":829134098
      },
      "ConnectionType":0,
      "ConnectedWireIndex":-1,
      "ConnectedWireSegmentIndex":-1,
      "Points":[{"x":0.0,"y":0.0},{"x":0.0,"y":0.0}]
    },
    {
      "SourcePinAddress":{
        "PinID":0,
        "PinOwnerID":1765119423
      },
      "TargetPinAddress":{
        "PinID":241641952,
        "PinOwnerID":829134098
      },
      "ConnectionType":0,
      "ConnectedWireIndex":-1,
      "ConnectedWireSegmentIndex":-1,
      "Points":[{"x":0.0,"y":0.0},{"x":0.0,"y":0.0}]
    },
    {
      "SourcePinAddress":{
        "PinID":1834173622,
        "PinOwnerID":697876039
      },
      "TargetPinAddress":{
        "PinID":0,
        "PinOwnerID":1601937676
      },
      "ConnectionType":0,
      "ConnectedWireIndex":-1,
      "ConnectedWireSegmentIndex":-1,
      "Points":[{"x":0.0,"y":0.0},{"x":0.0,"y":0.0}]
    }
  ],
  "Displays": null
}