{
  "DLSVersion": "2.1.6",
  "Name": "AND 3",
  "NameLocation": 0,
  "ChipType": 0,
  "Size": {
    "x": 1.025,
    "y": 0.75
  },
  "Colour": {
    "r": 0.298916072,
    "g": 0.8060554,
    "b": 0.476404369,
    "a": 1
  },
  "InputPins":[
    {
      "Name":"IN",
      "ID":241641952,
      "Position":{
        "x":-8.88889,
        "y":1.06173
      },
      "BitCount":1,
      "Colour":0,
      "ValueDisplayMode":0
    },
    {
      "Name":"IN",
      "ID":1053466565,
      "Position":{
        "x":-8.88889,
        "y":0.41975
      },
      "BitCount":1,
      "Colour":0,
      "ValueDisplayMode":0
    },
    {
      "Name":"IN",
      "ID":1236949195,
      "Position":{
        "x":-8.88889,
        "y":-0.25926
      },
      "BitCount":1,
      "Colour":0,
      "ValueDisplayMode":0
    }
  ],
  "OutputPins":[
    {
      "Name":"OUT",
      "ID":736417241,
      "Position":{
        "x":-3.12346,
        "y":0.24691
      },
      "BitCount":1,
      "Colour":0,
      "ValueDisplayMode":0
    }
  ],
  "SubChips":[
    {
      "Name":"AND",
      "ID":1401220323,
      "Label":"",
      "Position":{
        "x":-7.31482,
        "y":0.74074
      },
      "OutputPinColourInfo":[{"PinColour":0,"PinID":1834173622}],
      "InternalData":null
    },
    {
      "Name":"AND",
      "ID":1171369791,
      "Label":"",
      "Position":{
        "x":-5.70988,
        "y":0.12346
      },
      "OutputPinColourInfo":[{"PinColour":0,"PinID":1834173622}],
      "InternalData":null
    }
  ],
  "Wires":[
    {
      "SourcePinAddress":{
        "PinID":0,
        "PinOwnerID":241641952
      },
      "TargetPinAddress":{
        "PinID":1479226400,
        "PinOwnerID":1401220323
      },
      "ConnectionType":0,
      "ConnectedWireIndex":-1,
      "ConnectedWireSegmentIndex":-1,
      "Points":[{"x":0.0,"y":0.0},{"x":0.0,"y":0.0}]
    },
    {
      "SourcePinAddress":{
        "PinID":0,
        "PinOwnerID":1053466565
      },
      "TargetPinAddress":{
        "PinID":267671138,
        "PinOwnerID":1401220323
      },
      "ConnectionType":0,
      "ConnectedWireIndex":-1,
      "ConnectedWireSegmentIndex":-1,
      "Points":[{"x":0.0,"y":0.0},{"x":0.0,"y":0.0}]
    },
    {
      "SourcePinAddress":{
        "PinID":0,
        "PinOwnerID":1236949195
      },
      "TargetPinAddress":{
        "PinID":267671138,
        "PinOwnerID":1171369791
      },
      "ConnectionType":0,
      "ConnectedWireIndex":-1,
      "ConnectedWireSegmentIndex":-1,
      "Points":[{"x":0.0,"y":0.0},{"x":-6.16049,"y":0.0},{"x":0.0,"y":0.0}]
    },
    {
      "SourcePinAddress":{
        "PinID":1834173622,
        "PinOwnerID":1401220323
      },
      "TargetPinAddress":{
        "PinID":1479226400,
        "PinOwnerID":1171369791
      },
      "ConnectionType":0,
      "ConnectedWireIndex":-1,
      "ConnectedWireSegmentIndex":-1,
      "Points":[{"x":0.0,"y":0.0},{"x":0.0,"y":0.0}]
    },
    {
      "SourcePinAddress":{
        "PinID":1834173622,
        "PinOwnerID":1171369791
      },
      "TargetPinAddress":{
        "PinID":0,
        "PinOwnerID":736417241
      },
      "ConnectionType":0,
      "ConnectedWireIndex":-1,
      "ConnectedWireSegmentIndex":-1,
      "Points":[{"x":0.0,"y":0.0},{"x":0.0,"y":0.0}]
    }
  ],
  "Displays": null
}