{
  "DLSVersion": "2.1.6",
  "Name": "AND",
  "NameLocation": 0,
  "ChipType": 0,
  "Size": {
    "x": 0.575,
    "y": 0.5
  },
  "Colour": {
    "r": 0.368728369,
    "g": 0.623352945,
    "b": 0.4627959,
    "a": 1
  },
  "InputPins":[
    {
      "Name":"IN",
      "ID":1479226400,
      "Position":{
        "x":-8.82716,
        "y":1.04321
      },
      "BitCount":1,
      "Colour":0,
      "ValueDisplayMode":0
    },
    {
      "Name":"IN",
      "ID":267671138,
      "Position":{
        "x":-8.88889,
        "y":-1.38889
      },
      "BitCount":1,
      "Colour":0,
      "ValueDisplayMode":0
    }
  ],
  "OutputPins":[
    {
      "Name":"OUT",
      "ID":1834173622,
      "Position":{
        "x":8.88272,
        "y":-0.42593
      },
      "BitCount":1,
      "Colour":0,
      "ValueDisplayMode":0
    }
  ],
  "SubChips":[
    {
      "Name":"NOT",
      "ID":1457352405,
      "Label":"",
      "Position":{
        "x":-1.97531,
        "y":-0.41358
      },
      "OutputPinColourInfo":[{"PinColour":0,"PinID":329703237}],
      "InternalData":null
    },
    {
      "Name":"NAND",
      "ID":479592283,
      "Label":"",
      "Position":{
        "x":-3.7284,
        "y":-0.40123
      },
      "OutputPinColourInfo":[{"PinColour":0,"PinID":2}],
      "InternalData":null
    }
  ],
  "Wires":[
    {
      "SourcePinAddress":{
        "PinID":2,
        "PinOwnerID":479592283
      },
      "TargetPinAddress":{
        "PinID":592835066,
        "PinOwnerID":1457352405
      },
      "ConnectionType":0,
      "ConnectedWireIndex":-1,
      "ConnectedWireSegmentIndex":-1,
      "Points":[{"x":0.0,"y":0.0},{"x":0.0,"y":0.0}]
    },
    {
      "SourcePinAddress":{
        "PinID":0,
        "PinOwnerID":1479226400
      },
      "TargetPinAddress":{
        "PinID":0,
        "PinOwnerID":479592283
      },
      "ConnectionType":0,
      "ConnectedWireIndex":-1,
      "ConnectedWireSegmentIndex":-1,
      "Points":[{"x":0.0,"y":0.0},{"x":0.0,"y":0.0}]
    },
    {
      "SourcePinAddress":{
        "PinID":0,
        "PinOwnerID":267671138
      },
      "TargetPinAddress":{
        "PinID":1,
        "PinOwnerID":479592283
      },
      "ConnectionType":0,
      "ConnectedWireIndex":-1,
      "ConnectedWireSegmentIndex":-1,
      "Points":[{"x":0.0,"y":0.0},{"x":0.0,"y":0.0}]
    },
    {
      "SourcePinAddress":{
        "PinID":329703237,
        "PinOwnerID":1457352405
      },
      "TargetPinAddress":{
        "PinID":0,
        "PinOwnerID":1834173622
      },
      "ConnectionType":0,
      "ConnectedWireIndex":-1,
      "ConnectedWireSegmentIndex":-1,
      "Points":[{"x":0.0,"y":0.0},{"x":0.0,"y":0.0}]
    }
  ],
  "Displays": null
}