{
  "DLSVersion": "2.1.6",
  "Name": "Arithmetic Unit",
  "NameLocation": 0,
  "ChipType": 0,
  "Size": {
    "x": 1.7,
    "y": 3.0
  },
  "Colour": {
    "r": 0.226685762,
    "g": 0.237728044,
    "b": 0.3190446,
    "a": 1
  },
  "InputPins":[
    {
      "Name":"A3",
      "ID":1776459928,
      "Position":{
        "x":-8.88889,
        "y":3.62963
      },
      "BitCount":1,
      "Colour":0,
      "ValueDisplayMode":0
    },
    {
      "Name":"A2",
      "ID":464751950,
      "Position":{
        "x":-8.88889,
        "y":3.11111
      },
      "BitCount":1,
      "Colour":0,
      "ValueDisplayMode":0
    },
    {
      "Name":"A1",
      "ID":1599957694,
      "Position":{
        "x":-8.88889,
        "y":2.59259
      },
      "BitCount":1,
      "Colour":0,
      "ValueDisplayMode":0
    },
    {
      "Name":"A0",
      "ID":1463258462,
      "Position":{
        "x":-8.88889,
        "y":2.03704
      },
      "BitCount":1,
      "Colour":0,
      "ValueDisplayMode":0
    },
    {
      "Name":"B3",
      "ID":1310157209,
      "Position":{
        "x":-8.88889,
        "y":1.09877
      },
      "BitCount":1,
      "Colour":0,
      "ValueDisplayMode":0
    },
    {
      "Name":"B2",
      "ID":1029876460,
      "Position":{
        "x":-8.88889,
        "y":0.61728
      },
      "BitCount":1,
      "Colour":0,
      "ValueDisplayMode":0
    },
    {
      "Name":"B1",
      "ID":1293416321,
      "Position":{
        "x":-8.88889,
        "y":0.08642
      },
      "BitCount":1,
      "Colour":0,
      "ValueDisplayMode":0
    },
    {
      "Name":"B0",
      "ID":458808894,
      "Position":{
        "x":-8.88889,
        "y":-0.46914
      },
      "BitCount":1,
      "Colour":0,
      "ValueDisplayMode":0
    },
    {
      "Name":"ADD",
      "ID":1609165897,
      "Position":{
        "x":-8.88889,
        "y":-2.09877
      },
      "BitCount":1,
      "Colour":0,
      "ValueDisplayMode":0
    },
    {
      "Name":"SUB",
      "ID":239529415,
      "Position":{
        "x":-8.88889,
        "y":-2.71605
      },
      "BitCount":1,
      "Colour":0,
      "ValueDisplayMode":0
    },
    {
      "Name":"INC",
      "ID":426625479,
      "Position":{
        "x":-8.89878,
        "y":-3.3633
      },
      "BitCount":1,
      "Colour":0,
      "ValueDisplayMode":0
    },
    {
      "Name":"DEC",
      "ID":526896816,
      "Position":{
        "x":-8.8925,
        "y":-4.05683
      },
      "BitCount":1,
      "Colour":0,
      "ValueDisplayMode":0
    }
  ],
  "OutputPins":[
    {
      "Name":"CARRY",
      "ID":426483396,
      "Position":{
        "x":8.88272,
        "y":3.20988
      },
      "BitCount":1,
      "Colour":0,
      "ValueDisplayMode":0
    },
    {
      "Name":"D3",
      "ID":367722995,
      "Position":{
        "x":8.88272,
        "y":1.58025
      },
      "BitCount":1,
      "Colour":0,
      "ValueDisplayMode":0
    },
    {
      "Name":"D2",
      "ID":1040189176,
      "Position":{
        "x":8.88272,
        "y":1.01235
      },
      "BitCount":1,
      "Colour":0,
      "ValueDisplayMode":0
    },
    {
      "Name":"D1",
      "ID":2047237266,
      "Position":{
        "x":8.88272,
        "y":0.4321
      },
      "BitCount":1,
      "Colour":0,
      "ValueDisplayMode":0
    },
    {
      "Name":"D0",
      "ID":792021152,
      "Position":{
        "x":8.88272,
        "y":-0.16049
      },
      "BitCount":1,
      "Colour":0,
      "ValueDisplayMode":0
    }
  ],
  "SubChips":[
    {
      "Name":"BUFFER",
      "ID":1215318668,
      "Label":"",
      "Position":{
        "x":1.07407,
        "y":0.66667
      },
      "OutputPinColourInfo":[{"PinColour":0,"PinID":1452807932},{"PinColour":0,"PinID":226763273},{"PinColour":0,"PinID":296717527},{"PinColour":0,"PinID":1357541311}],
      "InternalData":null
    },
    {
      "Name":"ADD SUB",
      "ID":559734603,
      "Label":"",
      "Position":{
        "x":-1.73457,
        "y":1.14815
      },
      "OutputPinColourInfo":[{"PinColour":0,"PinID":1954873597},{"PinColour":0,"PinID":2139376697},{"PinColour":0,"PinID":1664116527},{"PinColour":0,"PinID":343205061},{"PinColour":0,"PinID":311084031}],
      "InternalData":null
    },
    {
      "Name":"3-STATE BUFFER",
      "ID":1926337385,
      "Label":"",
      "Position":{
        "x":1.21605,
        "y":2.51852
      },
      "OutputPinColourInfo":[{"PinColour":0,"PinID":2}],
      "InternalData":null
    },
    {
      "Name":"OR 4",
      "ID":494192670,
      "Label":"",
      "Position":{
        "x":-3.44327,
        "y":-2.46559
      },
      "OutputPinColourInfo":[{"PinColour":0,"PinID":1092352385}],
      "InternalData":null
    },
    {
      "Name":"OR 3",
      "ID":796939387,
      "Label":"",
      "Position":{
        "x":-5.31972,
        "y":-0.72424
      },
      "OutputPinColourInfo":[{"PinColour":0,"PinID":787439702}],
      "InternalData":null
    },
    {
      "Name":"OR",
      "ID":715330166,
      "Label":"",
      "Position":{
        "x":-5.31972,
        "y":-1.59492
      },
      "OutputPinColourInfo":[{"PinColour":0,"PinID":1686933192}],
      "InternalData":null
    }
  ],
  "Wires":[
    {
      "SourcePinAddress":{
        "PinID":0,
        "PinOwnerID":1776459928
      },
      "TargetPinAddress":{
        "PinID":1658478171,
        "PinOwnerID":559734603
      },
      "ConnectionType":0,
      "ConnectedWireIndex":-1,
      "ConnectedWireSegmentIndex":-1,
      "Points":[{"x":0.0,"y":0.0},{"x":0.0,"y":0.0}]
    },
    {
      "SourcePinAddress":{
        "PinID":0,
        "PinOwnerID":464751950
      },
      "TargetPinAddress":{
        "PinID":545255946,
        "PinOwnerID":559734603
      },
      "ConnectionType":0,
      "ConnectedWireIndex":-1,
      "ConnectedWireSegmentIndex":-1,
      "Points":[{"x":0.0,"y":0.0},{"x":0.0,"y":0.0}]
    },
    {
      "SourcePinAddress":{
        "PinID":0,
        "PinOwnerID":1599957694
      },
      "TargetPinAddress":{
        "PinID":459994894,
        "PinOwnerID":559734603
      },
      "ConnectionType":0,
      "ConnectedWireIndex":-1,
      "ConnectedWireSegmentIndex":-1,
      "Points":[{"x":0.0,"y":0.0},{"x":0.0,"y":0.0}]
    },
    {
      "SourcePinAddress":{
        "PinID":0,
        "PinOwnerID":1463258462
      },
      "TargetPinAddress":{
        "PinID":610025391,
        "PinOwnerID":559734603
      },
      "ConnectionType":0,
      "ConnectedWireIndex":-1,
      "ConnectedWireSegmentIndex":-1,
      "Points":[{"x":0.0,"y":0.0},{"x":0.0,"y":0.0}]
    },
    {
      "SourcePinAddress":{
        "PinID":0,
        "PinOwnerID":1310157209
      },
      "TargetPinAddress":{
        "PinID":1905827120,
        "PinOwnerID":559734603
      },
      "ConnectionType":0,
      "ConnectedWireIndex":-1,
      "ConnectedWireSegmentIndex":-1,
      "Points":[{"x":0.0,"y":0.0},{"x":0.0,"y":0.0}]
    },
    {
      "SourcePinAddress":{
        "PinID":0,
        "PinOwnerID":1029876460
      },
      "TargetPinAddress":{
        "PinID":2135722694,
        "PinOwnerID":559734603
      },
      "ConnectionType":0,
      "ConnectedWireIndex":-1,
      "ConnectedWireSegmentIndex":-1,
      "Points":[{"x":0.0,"y":0.0},{"x":0.0,"y":0.0}]
    },
    {
      "SourcePinAddress":{
        "PinID":0,
        "PinOwnerID":1293416321
      },
      "TargetPinAddress":{
        "PinID":34702864,
        "PinOwnerID":559734603
      },
      "ConnectionType":0,
      "ConnectedWireIndex":-1,
      "ConnectedWireSegmentIndex":-1,
      "Points":[{"x":0.0,"y":0.0},{"x":0.0,"y":0.0}]
    },
    {
      "SourcePinAddress":{
        "PinID":311084031,
        "PinOwnerID":559734603
      },
      "TargetPinAddress":{
        "PinID":1308145196,
        "PinOwnerID":1215318668
      },
      "ConnectionType":0,
      "ConnectedWireIndex":-1,
      "ConnectedWireSegmentIndex":-1,
      "Points":[{"x":0.0,"y":0.0},{"x":0.0,"y":0.0}]
    },
    {
      "SourcePinAddress":{
        "PinID":343205061,
        "PinOwnerID":559734603
      },
      "TargetPinAddress":{
        "PinID":2097091608,
        "PinOwnerID":1215318668
      },
      "ConnectionType":0,
      "ConnectedWireIndex":-1,
      "ConnectedWireSegmentIndex":-1,
      "Points":[{"x":0.0,"y":0.0},{"x":0.0,"y":0.0}]
    },
    {
      "SourcePinAddress":{
        "PinID":1664116527,
        "PinOwnerID":559734603
      },
      "TargetPinAddress":{
        "PinID":1957625802,
        "PinOwnerID":1215318668
      },
      "ConnectionType":0,
      "ConnectedWireIndex":-1,
      "ConnectedWireSegmentIndex":-1,
      "Points":[{"x":0.0,"y":0.0},{"x":0.0,"y":0.0}]
    },
    {
      "SourcePinAddress":{
        "PinID":2139376697,
        "PinOwnerID":559734603
      },
      "TargetPinAddress":{
        "PinID":1612656153,
        "PinOwnerID":1215318668
      },
      "ConnectionType":0,
      "ConnectedWireIndex":-1,
      "ConnectedWireSegmentIndex":-1,
      "Points":[{"x":0.0,"y":0.0},{"x":0.0,"y":0.0}]
    },
    {
      "SourcePinAddress":{
        "PinID":1954873597,
        "PinOwnerID":559734603
      },
      "TargetPinAddress":{
        "PinID":0,
        "PinOwnerID":1926337385
      },
      "ConnectionType":0,
      "ConnectedWireIndex":-1,
      "ConnectedWireSegmentIndex":-1,
      "Points":[{"x":0.0,"y":0.0},{"x":0.0,"y":0.0}]
    },
    {
      "SourcePinAddress":{
        "PinID":2,
        "PinOwnerID":1926337385
      },
      "TargetPinAddress":{
        "PinID":0,
        "PinOwnerID":426483396
      },
      "ConnectionType":0,
      "ConnectedWireIndex":-1,
      "ConnectedWireSegmentIndex":-1,
      "Points":[{"x":0.0,"y":0.0},{"x":0.0,"y":0.0}]
    },
    {
      "SourcePinAddress":{
        "PinID":1452807932,
        "PinOwnerID":1215318668
      },
      "TargetPinAddress":{
        "PinID":0,
        "PinOwnerID":367722995
      },
      "ConnectionType":0,
      "ConnectedWireIndex":-1,
      "ConnectedWireSegmentIndex":-1,
      "Points":[{"x":0.0,"y":0.0},{"x":0.0,"y":0.0}]
    },
    {
      "SourcePinAddress":{
        "PinID":226763273,
        "PinOwnerID":1215318668
      },
      "TargetPinAddress":{
        "PinID":0,
        "PinOwnerID":1040189176
      },
      "ConnectionType":0,
      "ConnectedWireIndex":-1,
      "ConnectedWireSegmentIndex":-1,
      "Points":[{"x":0.0,"y":0.0},{"x":0.0,"y":0.0}]
    },
    {
      "SourcePinAddress":{
        "PinID":296717527,
        "PinOwnerID":1215318668
      },
      "TargetPinAddress":{
        "PinID":0,
        "PinOwnerID":2047237266
      },
      "ConnectionType":0,
      "ConnectedWireIndex":-1,
      "ConnectedWireSegmentIndex":-1,
      "Points":[{"x":0.0,"y":0.0},{"x":0.0,"y":0.0}]
    },
    {
      "SourcePinAddress":{
        "PinID":1357541311,
        "PinOwnerID":1215318668
      },
      "TargetPinAddress":{
        "PinID":0,
        "PinOwnerID":792021152
      },
      "ConnectionType":0,
      "ConnectedWireIndex":-1,
      "ConnectedWireSegmentIndex":-1,
      "Points":[{"x":0.0,"y":0.0},{"x":0.0,"y":0.0}]
    },
    {
      "SourcePinAddress":{
        "PinID":0,
        "PinOwnerID":458808894
      },
      "TargetPinAddress":{
        "PinID":1116892438,
        "PinOwnerID":796939387
      },
      "ConnectionType":0,
      "ConnectedWireIndex":-1,
      "ConnectedWireSegmentIndex":-1,
      "Points":[{"x":0.0,"y":0.0},{"x":0.0,"y":0.0}]
    },
    {
      "SourcePinAddress":{
        "PinID":0,
        "PinOwnerID":426625479
      },
      "TargetPinAddress":{
        "PinID":851630336,
        "PinOwnerID":796939387
      },
      "ConnectionType":0,
      "ConnectedWireIndex":-1,
      "ConnectedWireSegmentIndex":-1,
      "Points":[{"x":0.0,"y":0.0},{"x":-7.55646,"y":-3.41133},{"x":-7.63152,"y":-0.70923},{"x":0.0,"y":0.0}]
    },
    {
      "SourcePinAddress":{
        "PinID":0,
        "PinOwnerID":526896816
      },
      "TargetPinAddress":{
        "PinID":1042965712,
        "PinOwnerID":796939387
      },
      "ConnectionType":0,
      "ConnectedWireIndex":-1,
      "ConnectedWireSegmentIndex":-1,
      "Points":[{"x":0.0,"y":0.0},{"x":-7.33129,"y":-4.07184},{"x":-7.39133,"y":-0.99445},{"x":0.0,"y":0.0}]
    },
    {
      "SourcePinAddress":{
        "PinID":0,
        "PinOwnerID":1609165897
      },
      "TargetPinAddress":{
        "PinID":890670445,
        "PinOwnerID":494192670
      },
      "ConnectionType":0,
      "ConnectedWireIndex":-1,
      "ConnectedWireSegmentIndex":-1,
      "Points":[{"x":0.0,"y":0.0},{"x":0.0,"y":0.0}]
    },
    {
      "SourcePinAddress":{
        "PinID":0,
        "PinOwnerID":239529415
      },
      "TargetPinAddress":{
        "PinID":3907582,
        "PinOwnerID":494192670
      },
      "ConnectionType":0,
      "ConnectedWireIndex":-1,
      "ConnectedWireSegmentIndex":-1,
      "Points":[{"x":0.0,"y":0.0},{"x":-4.5091,"y":-2.76583},{"x":-4.53912,"y":-2.31548},{"x":0.0,"y":0.0}]
    },
    {
      "SourcePinAddress":{
        "PinID":0,
        "PinOwnerID":426625479
      },
      "TargetPinAddress":{
        "PinID":637317229,
        "PinOwnerID":494192670
      },
      "ConnectionType":1,
      "ConnectedWireIndex":18,
      "ConnectedWireSegmentIndex":1,
      "Points":[{"x":-7.55727,"y":-3.38216},{"x":-4.2539,"y":-3.3813},{"x":-4.29893,"y":-2.52564},{"x":0.0,"y":0.0}]
    },
    {
      "SourcePinAddress":{
        "PinID":0,
        "PinOwnerID":526896816
      },
      "TargetPinAddress":{
        "PinID":1001885611,
        "PinOwnerID":494192670
      },
      "ConnectionType":1,
      "ConnectedWireIndex":19,
      "ConnectedWireSegmentIndex":0,
      "Points":[{"x":-7.37631,"y":-4.07101},{"x":-4.1338,"y":-3.99678},{"x":-4.16383,"y":-2.81086},{"x":0.0,"y":0.0}]
    },
    {
      "SourcePinAddress":{
        "PinID":1092352385,
        "PinOwnerID":494192670
      },
      "TargetPinAddress":{
        "PinID":1,
        "PinOwnerID":1926337385
      },
      "ConnectionType":0,
      "ConnectedWireIndex":-1,
      "ConnectedWireSegmentIndex":-1,
      "Points":[{"x":0.0,"y":0.0},{"x":-0.50098,"y":-2.49562},{"x":-0.531,"y":2.23306},{"x":0.0,"y":0.0}]
    },
    {
      "SourcePinAddress":{
        "PinID":1092352385,
        "PinOwnerID":494192670
      },
      "TargetPinAddress":{
        "PinID":584552999,
        "PinOwnerID":1215318668
      },
      "ConnectionType":1,
      "ConnectedWireIndex":24,
      "ConnectedWireSegmentIndex":1,
      "Points":[{"x":-0.51509,"y":-0.27388},{"x":0.0,"y":0.0}]
    },
    {
      "SourcePinAddress":{
        "PinID":0,
        "PinOwnerID":239529415
      },
      "TargetPinAddress":{
        "PinID":977249482,
        "PinOwnerID":715330166
      },
      "ConnectionType":1,
      "ConnectedWireIndex":21,
      "ConnectedWireSegmentIndex":0,
      "Points":[{"x":-6.37081,"y":-2.7403},{"x":-6.38555,"y":-1.47482},{"x":0.0,"y":0.0}]
    },
    {
      "SourcePinAddress":{
        "PinID":0,
        "PinOwnerID":526896816
      },
      "TargetPinAddress":{
        "PinID":643740030,
        "PinOwnerID":715330166
      },
      "ConnectionType":1,
      "ConnectedWireIndex":23,
      "ConnectedWireSegmentIndex":0,
      "Points":[{"x":-5.89062,"y":-4.037},{"x":-5.9352,"y":-1.73002},{"x":0.0,"y":0.0}]
    },
    {
      "SourcePinAddress":{
        "PinID":1686933192,
        "PinOwnerID":715330166
      },
      "TargetPinAddress":{
        "PinID":1247881580,
        "PinOwnerID":559734603
      },
      "ConnectionType":0,
      "ConnectedWireIndex":-1,
      "ConnectedWireSegmentIndex":-1,
      "Points":[{"x":0.0,"y":0.0},{"x":-3.39823,"y":-1.62494},{"x":-3.39823,"y":0.22149},{"x":0.0,"y":0.0}]
    },
    {
      "SourcePinAddress":{
        "PinID":787439702,
        "PinOwnerID":796939387
      },
      "TargetPinAddress":{
        "PinID":398828051,
        "PinOwnerID":559734603
      },
      "ConnectionType":0,
      "ConnectedWireIndex":-1,
      "ConnectedWireSegmentIndex":-1,
      "Points":[{"x":0.0,"y":0.0},{"x":-4.61418,"y":-0.72424},{"x":-4.62919,"y":0.20648},{"x":0.0,"y":0.0}]
    }
  ],
  "Displays": null
}