{
  "DLSVersion": "2.1.6",
  "Name": "BLANK NEG DRI",
  "NameLocation": 0,
  "ChipType": 0,
  "Size": {
    "x": 1.175,
    "y": 2.5
  },
  "Colour": {
    "r": 0.552409,
    "g": 0.193834484,
    "b": 0.034969572,
    "a": 1
  },
  "InputPins":[
    {
      "Name":"RIPPLE NEGATIVE",
      "ID":2004468202,
      "Position":{
        "x":-8.88889,
        "y":3.39506
      },
      "BitCount":1,
      "Colour":0,
      "ValueDisplayMode":0
    },
    {
      "Name":"IN",
      "ID":1845259549,
      "Position":{
        "x":-8.88889,
        "y":1.54321
      },
      "BitCount":1,
      "Colour":0,
      "ValueDisplayMode":0
    },
    {
      "Name":"IN",
      "ID":1281527666,
      "Position":{
        "x":-8.88889,
        "y":0.71605
      },
      "BitCount":1,
      "Colour":0,
      "ValueDisplayMode":0
    },
    {
      "Name":"IN",
      "ID":2036008204,
      "Position":{
        "x":-8.88889,
        "y":0.07407
      },
      "BitCount":1,
      "Colour":0,
      "ValueDisplayMode":0
    },
    {
      "Name":"IN",
      "ID":1188169501,
      "Position":{
        "x":-8.88889,
        "y":-0.5679
      },
      "BitCount":1,
      "Colour":0,
      "ValueDisplayMode":0
    },
    {
      "Name":"RIPPLE BLANKING",
      "ID":479172066,
      "Position":{
        "x":-8.88889,
        "y":-2.88889
      },
      "BitCount":1,
      "Colour":0,
      "ValueDisplayMode":0
    }
  ],
  "OutputPins":[
    {
      "Name":"RIPPLE NEGATIVE",
      "ID":974479745,
      "Position":{
        "x":8.88272,
        "y":3.40741
      },
      "BitCount":1,
      "Colour":0,
      "ValueDisplayMode":0
    },
    {
      "Name":"s",
      "ID":737207685,
      "Position":{
        "x":8.88272,
        "y":1.96296
      },
      "BitCount":1,
      "Colour":0,
      "ValueDisplayMode":0
    },
    {
      "Name":"a",
      "ID":369627435,
      "Position":{
        "x":8.87037,
        "y":1.34568
      },
      "BitCount":1,
      "Colour":0,
      "ValueDisplayMode":0
    },
    {
      "Name":"b",
      "ID":1435297326,
      "Position":{
        "x":8.88272,
        "y":0.7284
      },
      "BitCount":1,
      "Colour":0,
      "ValueDisplayMode":0
    },
    {
      "Name":"c",
      "ID":471600615,
      "Position":{
        "x":8.89506,
        "y":-0.01235
      },
      "BitCount":1,
      "Colour":0,
      "ValueDisplayMode":0
    },
    {
      "Name":"d",
      "ID":257634744,
      "Position":{
        "x":8.87037,
        "y":-0.61728
      },
      "BitCount":1,
      "Colour":0,
      "ValueDisplayMode":0
    },
    {
      "Name":"e",
      "ID":1059586327,
      "Position":{
        "x":8.89506,
        "y":-1.22222
      },
      "BitCount":1,
      "Colour":0,
      "ValueDisplayMode":0
    },
    {
      "Name":"f",
      "ID":629940881,
      "Position":{
        "x":8.88272,
        "y":-1.79012
      },
      "BitCount":1,
      "Colour":0,
      "ValueDisplayMode":0
    },
    {
      "Name":"g",
      "ID":257193658,
      "Position":{
        "x":8.88272,
        "y":-2.40741
      },
      "BitCount":1,
      "Colour":0,
      "ValueDisplayMode":0
    },
    {
      "Name":"RIPPLE BLANKING",
      "ID":1091014212,
      "Position":{
        "x":8.88272,
        "y":-3.74074
      },
      "BitCount":1,
      "Colour":0,
      "ValueDisplayMode":0
    }
  ],
  "SubChips":[
    {
      "Name":"7 SEG DRI",
      "ID":83747828,
      "Label":"",
      "Position":{
        "x":-2.62963,
        "y":0.64198
      },
      "OutputPinColourInfo":[{"PinColour":0,"PinID":155634666},{"PinColour":0,"PinID":1567897233},{"PinColour":0,"PinID":1488803097},{"PinColour":0,"PinID":1502059468},{"PinColour":0,"PinID":862521212},{"PinColour":0,"PinID":470223658},{"PinColour":0,"PinID":562953662}],
      "InternalData":null
    },
    {
      "Name":"OR 4",
      "ID":722386694,
      "Label":"",
      "Position":{
        "x":-4.8642,
        "y":-2.02469
      },
      "OutputPinColourInfo":[{"PinColour":0,"PinID":1092352385}],
      "InternalData":null
    },
    {
      "Name":"NOT",
      "ID":2071558309,
      "Label":"",
      "Position":{
        "x":-3.25926,
        "y":-2.09877
      },
      "OutputPinColourInfo":[{"PinColour":0,"PinID":329703237}],
      "InternalData":null
    },
    {
      "Name":"AND",
      "ID":751072141,
      "Label":"",
      "Position":{
        "x":-1.67901,
        "y":-2.7037
      },
      "OutputPinColourInfo":[{"PinColour":0,"PinID":1834173622}],
      "InternalData":null
    },
    {
      "Name":"NOT",
      "ID":1679784644,
      "Label":"",
      "Position":{
        "x":0.18519,
        "y":-2.06173
      },
      "OutputPinColourInfo":[{"PinColour":0,"PinID":329703237}],
      "InternalData":null
    },
    {
      "Name":"AND",
      "ID":1767084145,
      "Label":"",
      "Position":{
        "x":2.40741,
        "y":1.87654
      },
      "OutputPinColourInfo":[{"PinColour":0,"PinID":1834173622}],
      "InternalData":null
    },
    {
      "Name":"AND",
      "ID":120412419,
      "Label":"",
      "Position":{
        "x":2.40741,
        "y":1.24654
      },
      "OutputPinColourInfo":[{"PinColour":0,"PinID":1834173622}],
      "InternalData":null
    },
    {
      "Name":"AND",
      "ID":613345701,
      "Label":"",
      "Position":{
        "x":2.40741,
        "y":0.61654
      },
      "OutputPinColourInfo":[{"PinColour":0,"PinID":1834173622}],
      "InternalData":null
    },
    {
      "Name":"AND",
      "ID":1591078168,
      "Label":"",
      "Position":{
        "x":2.40741,
        "y":-0.01346
      },
      "OutputPinColourInfo":[{"PinColour":0,"PinID":1834173622}],
      "InternalData":null
    },
    {
      "Name":"AND",
      "ID":2010708242,
      "Label":"",
      "Position":{
        "x":2.40741,
        "y":-0.64346
      },
      "OutputPinColourInfo":[{"PinColour":0,"PinID":1834173622}],
      "InternalData":null
    },
    {
      "Name":"AND",
      "ID":69419962,
      "Label":"",
      "Position":{
        "x":2.40741,
        "y":-1.27346
      },
      "OutputPinColourInfo":[{"PinColour":0,"PinID":1834173622}],
      "InternalData":null
    },
    {
      "Name":"AND",
      "ID":631805036,
      "Label":"",
      "Position":{
        "x":2.40741,
        "y":-1.90346
      },
      "OutputPinColourInfo":[{"PinColour":0,"PinID":1834173622}],
      "InternalData":null
    },
    {
      "Name":"AND",
      "ID":282372287,
      "Label":"",
      "Position":{
        "x":2.40741,
        "y":-2.53346
      },
      "OutputPinColourInfo":[{"PinColour":0,"PinID":1834173622}],
      "InternalData":null
    },
    {
      "Name":"NOT",
      "ID":151864242,
      "Label":"",
      "Position":{
        "x":3.62963,
        "y":2.80247
      },
      "OutputPinColourInfo":[{"PinColour":0,"PinID":329703237}],
      "InternalData":null
    },
    {
      "Name":"AND",
      "ID":716675989,
      "Label":"",
      "Position":{
        "x":4.91358,
        "y":3.35802
      },
      "OutputPinColourInfo":[{"PinColour":0,"PinID":1834173622}],
      "InternalData":null
    }
  ],
  "Wires":[
    {
      "SourcePinAddress":{
        "PinID":0,
        "PinOwnerID":1845259549
      },
      "TargetPinAddress":{
        "PinID":238284635,
        "PinOwnerID":83747828
      },
      "ConnectionType":0,
      "ConnectedWireIndex":-1,
      "ConnectedWireSegmentIndex":-1,
      "Points":[{"x":0.0,"y":0.0},{"x":0.0,"y":0.0}]
    },
    {
      "SourcePinAddress":{
        "PinID":0,
        "PinOwnerID":1281527666
      },
      "TargetPinAddress":{
        "PinID":1599371191,
        "PinOwnerID":83747828
      },
      "ConnectionType":0,
      "ConnectedWireIndex":-1,
      "ConnectedWireSegmentIndex":-1,
      "Points":[{"x":0.0,"y":0.0},{"x":0.0,"y":0.0}]
    },
    {
      "SourcePinAddress":{
        "PinID":0,
        "PinOwnerID":2036008204
      },
      "TargetPinAddress":{
        "PinID":1589711846,
        "PinOwnerID":83747828
      },
      "ConnectionType":0,
      "ConnectedWireIndex":-1,
      "ConnectedWireSegmentIndex":-1,
      "Points":[{"x":0.0,"y":0.0},{"x":0.0,"y":0.0}]
    },
    {
      "SourcePinAddress":{
        "PinID":0,
        "PinOwnerID":1188169501
      },
      "TargetPinAddress":{
        "PinID":1111418213,
        "PinOwnerID":83747828
      },
      "ConnectionType":0,
      "ConnectedWireIndex":-1,
      "ConnectedWireSegmentIndex":-1,
      "Points":[{"x":0.0,"y":0.0},{"x":0.0,"y":0.0}]
    },
    {
      "SourcePinAddress":{
        "PinID":0,
        "PinOwnerID":2004468202
      },
      "TargetPinAddress":{
        "PinID":1479226400,
        "PinOwnerID":716675989
      },
      "ConnectionType":0,
      "ConnectedWireIndex":-1,
      "ConnectedWireSegmentIndex":-1,
      "Points":[{"x":0.0,"y":0.0},{"x":0.0,"y":0.0}]
    },
    {
      "SourcePinAddress":{
        "PinID":329703237,
        "PinOwnerID":151864242
      },
      "TargetPinAddress":{
        "PinID":267671138,
        "PinOwnerID":716675989
      },
      "ConnectionType":0,
      "ConnectedWireIndex":-1,
      "ConnectedWireSegmentIndex":-1,
      "Points":[{"x":0.0,"y":0.0},{"x":4.26543,"y":2.81482},{"x":4.22839,"y":3.18519},{"x":0.0,"y":0.0}]
    },
    {
      "SourcePinAddress":{
        "PinID":1834173622,
        "PinOwnerID":1767084145
      },
      "TargetPinAddress":{
        "PinID":0,
        "PinOwnerID":737207685
      },
      "ConnectionType":0,
      "ConnectedWireIndex":-1,
      "ConnectedWireSegmentIndex":-1,
      "Points":[{"x":0.0,"y":0.0},{"x":0.0,"y":0.0}]
    },
    {
      "SourcePinAddress":{
        "PinID":1834173622,
        "PinOwnerID":1767084145
      },
      "TargetPinAddress":{
        "PinID":592835066,
        "PinOwnerID":151864242
      },
      "ConnectionType":1,
      "ConnectedWireIndex":6,
      "ConnectedWireSegmentIndex":0,
      "Points":[{"x":3.05566,"y":1.88213},{"x":3.03086,"y":2.79012},{"x":0.0,"y":0.0}]
    },
    {
      "SourcePinAddress":{
        "PinID":1834173622,
        "PinOwnerID":120412419
      },
      "TargetPinAddress":{
        "PinID":0,
        "PinOwnerID":369627435
      },
      "ConnectionType":0,
      "ConnectedWireIndex":-1,
      "ConnectedWireSegmentIndex":-1,
      "Points":[{"x":0.0,"y":0.0},{"x":0.0,"y":0.0}]
    },
    {
      "SourcePinAddress":{
        "PinID":1834173622,
        "PinOwnerID":613345701
      },
      "TargetPinAddress":{
        "PinID":0,
        "PinOwnerID":1435297326
      },
      "ConnectionType":0,
      "ConnectedWireIndex":-1,
      "ConnectedWireSegmentIndex":-1,
      "Points":[{"x":0.0,"y":0.0},{"x":0.0,"y":0.0}]
    },
    {
      "SourcePinAddress":{
        "PinID":1834173622,
        "PinOwnerID":282372287
      },
      "TargetPinAddress":{
        "PinID":0,
        "PinOwnerID":257193658
      },
      "ConnectionType":0,
      "ConnectedWireIndex":-1,
      "ConnectedWireSegmentIndex":-1,
      "Points":[{"x":0.0,"y":0.0},{"x":0.0,"y":0.0}]
    },
    {
      "SourcePinAddress":{
        "PinID":1834173622,
        "PinOwnerID":631805036
      },
      "TargetPinAddress":{
        "PinID":0,
        "PinOwnerID":629940881
      },
      "ConnectionType":0,
      "ConnectedWireIndex":-1,
      "ConnectedWireSegmentIndex":-1,
      "Points":[{"x":0.0,"y":0.0},{"x":0.0,"y":0.0}]
    },
    {
      "SourcePinAddress":{
        "PinID":1834173622,
        "PinOwnerID":69419962
      },
      "TargetPinAddress":{
        "PinID":0,
        "PinOwnerID":1059586327
      },
      "ConnectionType":0,
      "ConnectedWireIndex":-1,
      "ConnectedWireSegmentIndex":-1,
      "Points":[{"x":0.0,"y":0.0},{"x":0.0,"y":0.0}]
    },
    {
      "SourcePinAddress":{
        "PinID":1834173622,
        "PinOwnerID":2010708242
      },
      "TargetPinAddress":{
        "PinID":0,
        "PinOwnerID":257634744
      },
      "ConnectionType":0,
      "ConnectedWireIndex":-1,
      "ConnectedWireSegmentIndex":-1,
      "Points":[{"x":0.0,"y":0.0},{"x":0.0,"y":0.0}]
    },
    {
      "SourcePinAddress":{
        "PinID":1834173622,
        "PinOwnerID":1591078168
      },
      "TargetPinAddress":{
        "PinID":0,
        "PinOwnerID":471600615
      },
      "ConnectionType":0,
      "ConnectedWireIndex":-1,
      "ConnectedWireSegmentIndex":-1,
      "Points":[{"x":0.0,"y":0.0},{"x":0.0,"y":0.0}]
    },
    {
      "SourcePinAddress":{
        "PinID":1834173622,
        "PinOwnerID":751072141
      },
      "TargetPinAddress":{
        "PinID":0,
        "PinOwnerID":1091014212
      },
      "ConnectionType":0,
      "ConnectedWireIndex":-1,
      "ConnectedWireSegmentIndex":-1,
      "Points":[{"x":0.0,"y":0.0},{"x":-0.66049,"y":-2.71605},{"x":-0.67284,"y":-3.81481},{"x":0.0,"y":0.0}]
    },
    {
      "SourcePinAddress":{
        "PinID":1834173622,
        "PinOwnerID":751072141
      },
      "TargetPinAddress":{
        "PinID":592835066,
        "PinOwnerID":1679784644
      },
      "ConnectionType":1,
      "ConnectedWireIndex":15,
      "ConnectedWireSegmentIndex":1,
      "Points":[{"x":-0.66105,"y":-2.76529},{"x":-0.6358,"y":-2.07407},{"x":0.0,"y":0.0}]
    },
    {
      "SourcePinAddress":{
        "PinID":329703237,
        "PinOwnerID":2071558309
      },
      "TargetPinAddress":{
        "PinID":1479226400,
        "PinOwnerID":751072141
      },
      "ConnectionType":0,
      "ConnectedWireIndex":-1,
      "ConnectedWireSegmentIndex":-1,
      "Points":[{"x":0.0,"y":0.0},{"x":-2.35185,"y":-2.07407},{"x":-2.3642,"y":-2.59259},{"x":0.0,"y":0.0}]
    },
    {
      "SourcePinAddress":{
        "PinID":0,
        "PinOwnerID":479172066
      },
      "TargetPinAddress":{
        "PinID":267671138,
        "PinOwnerID":751072141
      },
      "ConnectionType":0,
      "ConnectedWireIndex":-1,
      "ConnectedWireSegmentIndex":-1,
      "Points":[{"x":0.0,"y":0.0},{"x":0.0,"y":0.0}]
    },
    {
      "SourcePinAddress":{
        "PinID":0,
        "PinOwnerID":1188169501
      },
      "TargetPinAddress":{
        "PinID":1001885611,
        "PinOwnerID":722386694
      },
      "ConnectionType":1,
      "ConnectedWireIndex":3,
      "ConnectedWireSegmentIndex":0,
      "Points":[{"x":-6.31026,"y":-0.4451},{"x":-6.24691,"y":-2.30864},{"x":0.0,"y":0.0}]
    },
    {
      "SourcePinAddress":{
        "PinID":0,
        "PinOwnerID":2036008204
      },
      "TargetPinAddress":{
        "PinID":637317229,
        "PinOwnerID":722386694
      },
      "ConnectionType":1,
      "ConnectedWireIndex":2,
      "ConnectedWireSegmentIndex":0,
      "Points":[{"x":-6.04964,"y":0.18981},{"x":-5.97531,"y":-2.07407},{"x":0.0,"y":0.0}]
    },
    {
      "SourcePinAddress":{
        "PinID":0,
        "PinOwnerID":1281527666
      },
      "TargetPinAddress":{
        "PinID":3907582,
        "PinOwnerID":722386694
      },
      "ConnectionType":1,
      "ConnectedWireIndex":1,
      "ConnectedWireSegmentIndex":0,
      "Points":[{"x":-5.70295,"y":0.82234},{"x":-5.69136,"y":-1.85185},{"x":0.0,"y":0.0}]
    },
    {
      "SourcePinAddress":{
        "PinID":0,
        "PinOwnerID":1845259549
      },
      "TargetPinAddress":{
        "PinID":890670445,
        "PinOwnerID":722386694
      },
      "ConnectionType":1,
      "ConnectedWireIndex":0,
      "ConnectedWireSegmentIndex":0,
      "Points":[{"x":-5.53074,"y":1.52949},{"x":-5.53086,"y":-1.61728},{"x":0.0,"y":0.0}]
    },
    {
      "SourcePinAddress":{
        "PinID":1092352385,
        "PinOwnerID":722386694
      },
      "TargetPinAddress":{
        "PinID":592835066,
        "PinOwnerID":2071558309
      },
      "ConnectionType":0,
      "ConnectedWireIndex":-1,
      "ConnectedWireSegmentIndex":-1,
      "Points":[{"x":0.0,"y":0.0},{"x":0.0,"y":0.0}]
    },
    {
      "SourcePinAddress":{
        "PinID":0,
        "PinOwnerID":2004468202
      },
      "TargetPinAddress":{
        "PinID":1479226400,
        "PinOwnerID":1767084145
      },
      "ConnectionType":1,
      "ConnectedWireIndex":4,
      "ConnectedWireSegmentIndex":0,
      "Points":[{"x":1.66671,"y":3.46268},{"x":1.62963,"y":2.0},{"x":0.0,"y":0.0}]
    },
    {
      "SourcePinAddress":{
        "PinID":329703237,
        "PinOwnerID":1679784644
      },
      "TargetPinAddress":{
        "PinID":267671138,
        "PinOwnerID":1767084145
      },
      "ConnectionType":0,
      "ConnectedWireIndex":-1,
      "ConnectedWireSegmentIndex":-1,
      "Points":[{"x":0.0,"y":0.0},{"x":1.14815,"y":-2.08642},{"x":1.01235,"y":1.79012},{"x":0.0,"y":0.0}]
    },
    {
      "SourcePinAddress":{
        "PinID":329703237,
        "PinOwnerID":1679784644
      },
      "TargetPinAddress":{
        "PinID":267671138,
        "PinOwnerID":282372287
      },
      "ConnectionType":1,
      "ConnectedWireIndex":25,
      "ConnectedWireSegmentIndex":0,
      "Points":[{"x":1.09883,"y":-2.08459},{"x":1.14815,"y":-2.74074},{"x":0.0,"y":0.0}]
    },
    {
      "SourcePinAddress":{
        "PinID":329703237,
        "PinOwnerID":1679784644
      },
      "TargetPinAddress":{
        "PinID":267671138,
        "PinOwnerID":631805036
      },
      "ConnectionType":1,
      "ConnectedWireIndex":25,
      "ConnectedWireSegmentIndex":0,
      "Points":[{"x":1.06231,"y":-2.08323},{"x":0.0,"y":0.0}]
    },
    {
      "SourcePinAddress":{
        "PinID":329703237,
        "PinOwnerID":1679784644
      },
      "TargetPinAddress":{
        "PinID":267671138,
        "PinOwnerID":69419962
      },
      "ConnectionType":1,
      "ConnectedWireIndex":25,
      "ConnectedWireSegmentIndex":1,
      "Points":[{"x":1.12433,"y":-1.40651},{"x":0.0,"y":0.0}]
    },
    {
      "SourcePinAddress":{
        "PinID":329703237,
        "PinOwnerID":1679784644
      },
      "TargetPinAddress":{
        "PinID":267671138,
        "PinOwnerID":2010708242
      },
      "ConnectionType":1,
      "ConnectedWireIndex":25,
      "ConnectedWireSegmentIndex":1,
      "Points":[{"x":1.10316,"y":-0.80232},{"x":0.0,"y":0.0}]
    },
    {
      "SourcePinAddress":{
        "PinID":329703237,
        "PinOwnerID":1679784644
      },
      "TargetPinAddress":{
        "PinID":267671138,
        "PinOwnerID":1591078168
      },
      "ConnectionType":1,
      "ConnectedWireIndex":25,
      "ConnectedWireSegmentIndex":1,
      "Points":[{"x":1.07762,"y":-0.07309},{"x":0.0,"y":0.0}]
    },
    {
      "SourcePinAddress":{
        "PinID":329703237,
        "PinOwnerID":1679784644
      },
      "TargetPinAddress":{
        "PinID":267671138,
        "PinOwnerID":613345701
      },
      "ConnectionType":1,
      "ConnectedWireIndex":25,
      "ConnectedWireSegmentIndex":1,
      "Points":[{"x":1.06034,"y":0.42014},{"x":0.0,"y":0.0}]
    },
    {
      "SourcePinAddress":{
        "PinID":562953662,
        "PinOwnerID":83747828
      },
      "TargetPinAddress":{
        "PinID":1479226400,
        "PinOwnerID":282372287
      },
      "ConnectionType":0,
      "ConnectedWireIndex":-1,
      "ConnectedWireSegmentIndex":-1,
      "Points":[{"x":0.0,"y":0.0},{"x":-0.55556,"y":-0.24691},{"x":-0.49383,"y":-2.51852},{"x":0.0,"y":0.0}]
    },
    {
      "SourcePinAddress":{
        "PinID":470223658,
        "PinOwnerID":83747828
      },
      "TargetPinAddress":{
        "PinID":1479226400,
        "PinOwnerID":631805036
      },
      "ConnectionType":0,
      "ConnectedWireIndex":-1,
      "ConnectedWireSegmentIndex":-1,
      "Points":[{"x":0.0,"y":0.0},{"x":-0.37037,"y":0.06173},{"x":-0.35802,"y":-1.76543},{"x":0.0,"y":0.0}]
    },
    {
      "SourcePinAddress":{
        "PinID":862521212,
        "PinOwnerID":83747828
      },
      "TargetPinAddress":{
        "PinID":1479226400,
        "PinOwnerID":69419962
      },
      "ConnectionType":0,
      "ConnectedWireIndex":-1,
      "ConnectedWireSegmentIndex":-1,
      "Points":[{"x":0.0,"y":0.0},{"x":-0.20988,"y":0.33333},{"x":-0.18519,"y":-1.11111},{"x":0.0,"y":0.0}]
    },
    {
      "SourcePinAddress":{
        "PinID":1502059468,
        "PinOwnerID":83747828
      },
      "TargetPinAddress":{
        "PinID":1479226400,
        "PinOwnerID":2010708242
      },
      "ConnectionType":0,
      "ConnectedWireIndex":-1,
      "ConnectedWireSegmentIndex":-1,
      "Points":[{"x":0.0,"y":0.0},{"x":-0.037039999999999997,"y":0.60494},{"x":-0.01235,"y":-0.50617},{"x":0.0,"y":0.0}]
    },
    {
      "SourcePinAddress":{
        "PinID":1488803097,
        "PinOwnerID":83747828
      },
      "TargetPinAddress":{
        "PinID":1479226400,
        "PinOwnerID":1591078168
      },
      "ConnectionType":0,
      "ConnectedWireIndex":-1,
      "ConnectedWireSegmentIndex":-1,
      "Points":[{"x":0.0,"y":0.0},{"x":0.07407,"y":0.87654},{"x":0.12346,"y":0.08642},{"x":0.0,"y":0.0}]
    },
    {
      "SourcePinAddress":{
        "PinID":1567897233,
        "PinOwnerID":83747828
      },
      "TargetPinAddress":{
        "PinID":1479226400,
        "PinOwnerID":613345701
      },
      "ConnectionType":0,
      "ConnectedWireIndex":-1,
      "ConnectedWireSegmentIndex":-1,
      "Points":[{"x":0.0,"y":0.0},{"x":0.19753,"y":1.19753},{"x":0.19753,"y":0.69136},{"x":0.0,"y":0.0}]
    },
    {
      "SourcePinAddress":{
        "PinID":155634666,
        "PinOwnerID":83747828
      },
      "TargetPinAddress":{
        "PinID":1479226400,
        "PinOwnerID":120412419
      },
      "ConnectionType":0,
      "ConnectedWireIndex":-1,
      "ConnectedWireSegmentIndex":-1,
      "Points":[{"x":0.0,"y":0.0},{"x":0.0,"y":0.0}]
    },
    {
      "SourcePinAddress":{
        "PinID":329703237,
        "PinOwnerID":1679784644
      },
      "TargetPinAddress":{
        "PinID":267671138,
        "PinOwnerID":120412419
      },
      "ConnectionType":1,
      "ConnectedWireIndex":25,
      "ConnectedWireSegmentIndex":1,
      "Points":[{"x":1.03393,"y":1.17403},{"x":0.0,"y":0.0}]
    },
    {
      "SourcePinAddress":{
        "PinID":1834173622,
        "PinOwnerID":716675989
      },
      "TargetPinAddress":{
        "PinID":0,
        "PinOwnerID":974479745
      },
      "ConnectionType":0,
      "ConnectedWireIndex":-1,
      "ConnectedWireSegmentIndex":-1,
      "Points":[{"x":0.0,"y":0.0},{"x":0.0,"y":0.0}]
    }
  ],
  "Displays": null
}