{
  "DLSVersion": "2.1.6",
  "Name": "BUFFER",
  "NameLocation": 0,
  "ChipType": 0,
  "Size": {
    "x": 1.175,
    "y": 1.25
  },
  "Colour": {
    "r": 0.459063947,
    "g": 0.7980383,
    "b": 0.7191834,
    "a": 1
  },
  "InputPins":[
    {
      "Name":"A3",
      "ID":1612656153,
      "Position":{
        "x":-8.88889,
        "y":1.83333
      },
      "BitCount":1,
      "Colour":0,
      "ValueDisplayMode":0
    },
    {
      "Name":"A2",
      "ID":1957625802,
      "Position":{
        "x":-8.88889,
        "y":0.83333
      },
      "BitCount":1,
      "Colour":0,
      "ValueDisplayMode":0
    },
    {
      "Name":"A1",
      "ID":2097091608,
      "Position":{
        "x":-8.88889,
        "y":0.03086
      },
      "BitCount":1,
      "Colour":0,
      "ValueDisplayMode":0
    },
    {
      "Name":"A0",
      "ID":1308145196,
      "Position":{
        "x":-8.88889,
        "y":-0.74691
      },
      "BitCount":1,
      "Colour":0,
      "ValueDisplayMode":0
    },
    {
      "Name":"ENB",
      "ID":584552999,
      "Position":{
        "x":-8.88889,
        "y":-2.04938
      },
      "BitCount":1,
      "Colour":0,
      "ValueDisplayMode":0
    }
  ],
  "OutputPins":[
    {
      "Name":"D3",
      "ID":1452807932,
      "Position":{
        "x":8.88272,
        "y":2.02469
      },
      "BitCount":1,
      "Colour":0,
      "ValueDisplayMode":0
    },
    {
      "Name":"D2",
      "ID":226763273,
      "Position":{
        "x":8.88272,
        "y":1.08642
      },
      "BitCount":1,
      "Colour":0,
      "ValueDisplayMode":0
    },
    {
      "Name":"D1",
      "ID":296717527,
      "Position":{
        "x":8.88272,
        "y":0.17284
      },
      "BitCount":1,
      "Colour":0,
      "ValueDisplayMode":0
    },
    {
      "Name":"D0",
      "ID":1357541311,
      "Position":{
        "x":8.88272,
        "y":-0.81481
      },
      "BitCount":1,
      "Colour":0,
      "ValueDisplayMode":0
    }
  ],
  "SubChips":[
    {
      "Name":"3-STATE BUFFER",
      "ID":1191260593,
      "Label":"",
      "Position":{
        "x":-2.18518,
        "y":1.68519
      },
      "OutputPinColourInfo":[{"PinColour":0,"PinID":2}],
      "InternalData":null
    },
    {
      "Name":"3-STATE BUFFER",
      "ID":172221990,
      "Label":"",
      "Position":{
        "x":-2.17284,
        "y":0.90741
      },
      "OutputPinColourInfo":[{"PinColour":0,"PinID":2}],
      "InternalData":null
    },
    {
      "Name":"3-STATE BUFFER",
      "ID":421661529,
      "Label":"",
      "Position":{
        "x":-2.16049,
        "y":0.09259
      },
      "OutputPinColourInfo":[{"PinColour":0,"PinID":2}],
      "InternalData":null
    },
    {
      "Name":"3-STATE BUFFER",
      "ID":954576908,
      "Label":"",
      "Position":{
        "x":-2.1358,
        "y":-0.70988
      },
      "OutputPinColourInfo":[{"PinColour":0,"PinID":2}],
      "InternalData":null
    }
  ],
  "Wires":[
    {
      "SourcePinAddress":{
        "PinID":0,
        "PinOwnerID":1612656153
      },
      "TargetPinAddress":{
        "PinID":0,
        "PinOwnerID":1191260593
      },
      "ConnectionType":0,
      "ConnectedWireIndex":-1,
      "ConnectedWireSegmentIndex":-1,
      "Points":[{"x":0.0,"y":0.0},{"x":0.0,"y":0.0}]
    },
    {
      "SourcePinAddress":{
        "PinID":0,
        "PinOwnerID":1957625802
      },
      "TargetPinAddress":{
        "PinID":0,
        "PinOwnerID":172221990
      },
      "ConnectionType":0,
      "ConnectedWireIndex":-1,
      "ConnectedWireSegmentIndex":-1,
      "Points":[{"x":0.0,"y":0.0},{"x":0.0,"y":0.0}]
    },
    {
      "SourcePinAddress":{
        "PinID":0,
        "PinOwnerID":2097091608
      },
      "TargetPinAddress":{
        "PinID":0,
        "PinOwnerID":421661529
      },
      "ConnectionType":0,
      "ConnectedWireIndex":-1,
      "ConnectedWireSegmentIndex":-1,
      "Points":[{"x":0.0,"y":0.0},{"x":0.0,"y":0.0}]
    },
    {
      "SourcePinAddress":{
        "PinID":0,
        "PinOwnerID":1308145196
      },
      "TargetPinAddress":{
        "PinID":0,
        "PinOwnerID":954576908
      },
      "ConnectionType":0,
      "ConnectedWireIndex":-1,
      "ConnectedWireSegmentIndex":-1,
      "Points":[{"x":0.0,"y":0.0},{"x":0.0,"y":0.0}]
    },
    {
      "SourcePinAddress":{
        "PinID":0,
        "PinOwnerID":584552999
      },
      "TargetPinAddress":{
        "PinID":1,
        "PinOwnerID":1191260593
      },
      "ConnectionType":0,
      "ConnectedWireIndex":-1,
      "ConnectedWireSegmentIndex":-1,
      "Points":[{"x":0.0,"y":0.0},{"x":-3.59259,"y":-1.97531},{"x":-3.82716,"y":1.5679},{"x":0.0,"y":0.0}]
    },
    {
      "SourcePinAddress":{
        "PinID":0,
        "PinOwnerID":584552999
      },
      "TargetPinAddress":{
        "PinID":1,
        "PinOwnerID":172221990
      },
      "ConnectionType":1,
      "ConnectedWireIndex":4,
      "ConnectedWireSegmentIndex":1,
      "Points":[{"x":-3.77172,"y":0.73043},{"x":0.0,"y":0.0}]
    },
    {
      "SourcePinAddress":{
        "PinID":0,
        "PinOwnerID":584552999
      },
      "TargetPinAddress":{
        "PinID":1,
        "PinOwnerID":421661529
      },
      "ConnectionType":1,
      "ConnectedWireIndex":4,
      "ConnectedWireSegmentIndex":1,
      "Points":[{"x":-3.7191,"y":-0.06438},{"x":0.0,"y":0.0}]
    },
    {
      "SourcePinAddress":{
        "PinID":0,
        "PinOwnerID":584552999
      },
      "TargetPinAddress":{
        "PinID":1,
        "PinOwnerID":954576908
      },
      "ConnectionType":1,
      "ConnectedWireIndex":4,
      "ConnectedWireSegmentIndex":1,
      "Points":[{"x":-3.6635,"y":-0.90429},{"x":0.0,"y":0.0}]
    },
    {
      "SourcePinAddress":{
        "PinID":2,
        "PinOwnerID":1191260593
      },
      "TargetPinAddress":{
        "PinID":0,
        "PinOwnerID":1452807932
      },
      "ConnectionType":0,
      "ConnectedWireIndex":-1,
      "ConnectedWireSegmentIndex":-1,
      "Points":[{"x":0.0,"y":0.0},{"x":0.0,"y":0.0}]
    },
    {
      "SourcePinAddress":{
        "PinID":2,
        "PinOwnerID":172221990
      },
      "TargetPinAddress":{
        "PinID":0,
        "PinOwnerID":226763273
      },
      "ConnectionType":0,
      "ConnectedWireIndex":-1,
      "ConnectedWireSegmentIndex":-1,
      "Points":[{"x":0.0,"y":0.0},{"x":0.0,"y":0.0}]
    },
    {
      "SourcePinAddress":{
        "PinID":2,
        "PinOwnerID":421661529
      },
      "TargetPinAddress":{
        "PinID":0,
        "PinOwnerID":296717527
      },
      "ConnectionType":0,
      "ConnectedWireIndex":-1,
      "ConnectedWireSegmentIndex":-1,
      "Points":[{"x":0.0,"y":0.0},{"x":0.0,"y":0.0}]
    },
    {
      "SourcePinAddress":{
        "PinID":2,
        "PinOwnerID":954576908
      },
      "TargetPinAddress":{
        "PinID":0,
        "PinOwnerID":1357541311
      },
      "ConnectionType":0,
      "ConnectedWireIndex":-1,
      "ConnectedWireSegmentIndex":-1,
      "Points":[{"x":0.0,"y":0.0},{"x":0.0,"y":0.0}]
    }
  ],
  "Displays": null
}