{
  "DLSVersion": "2.1.6",
  "Name": "COMPARATOR 4 BIT",
  "NameLocation": 0,
  "ChipType": 0,
  "Size": {
    "x": 1.7,
    "y": 2.0
  },
  "Colour": {
    "r": 0.19774209,
    "g": 0.2785623,
    "b": 0.2617322,
    "a": 1
  },
  "InputPins":[
    {
      "Name":"A3",
      "ID":159472689,
      "Position":{
        "x":-15.97273,
        "y":7.42737
      },
      "BitCount":1,
      "Colour":0,
      "ValueDisplayMode":0
    },
    {
      "Name":"A2",
      "ID":1936710830,
      "Position":{
        "x":-15.97273,
        "y":6.96154
      },
      "BitCount":1,
      "Colour":0,
      "ValueDisplayMode":0
    },
    {
      "Name":"A1",
      "ID":49565832,
      "Position":{
        "x":-15.97273,
        "y":6.47118
      },
      "BitCount":1,
      "Colour":0,
      "ValueDisplayMode":0
    },
    {
      "Name":"A0",
      "ID":746017140,
      "Position":{
        "x":-15.97273,
        "y":5.95631
      },
      "BitCount":1,
      "Colour":0,
      "ValueDisplayMode":0
    },
    {
      "Name":"B3",
      "ID":1037311469,
      "Position":{
        "x":-15.97273,
        "y":2.85481
      },
      "BitCount":1,
      "Colour":0,
      "ValueDisplayMode":0
    },
    {
      "Name":"B2",
      "ID":1456330650,
      "Position":{
        "x":-15.97273,
        "y":2.33994
      },
      "BitCount":1,
      "Colour":0,
      "ValueDisplayMode":0
    },
    {
      "Name":"B1",
      "ID":236788206,
      "Position":{
        "x":-15.97273,
        "y":1.8741
      },
      "BitCount":1,
      "Colour":0,
      "ValueDisplayMode":0
    },
    {
      "Name":"B0",
      "ID":548560972,
      "Position":{
        "x":-15.97273,
        "y":1.33471
      },
      "BitCount":1,
      "Colour":0,
      "ValueDisplayMode":0
    }
  ],
  "OutputPins":[
    {
      "Name":"A>B",
      "ID":1667074561,
      "Position":{
        "x":0.08503,
        "y":5.18575
      },
      "BitCount":1,
      "Colour":0,
      "ValueDisplayMode":0
    },
    {
      "Name":"A=B",
      "ID":140950673,
      "Position":{
        "x":0.27293,
        "y":3.26496
      },
      "BitCount":1,
      "Colour":0,
      "ValueDisplayMode":0
    },
    {
      "Name":"A<B",
      "ID":1587013633,
      "Position":{
        "x":0.14766,
        "y":-0.07555
      },
      "BitCount":1,
      "Colour":0,
      "ValueDisplayMode":0
    }
  ],
  "SubChips":[
    {
      "Name":"COMPARATOR",
      "ID":1566758662,
      "Label":"",
      "Position":{
        "x":-10.11299,
        "y":5.95018
      },
      "OutputPinColourInfo":[{"PinColour":0,"PinID":198178582},{"PinColour":0,"PinID":2051286801},{"PinColour":0,"PinID":807836300}],
      "InternalData":null
    },
    {
      "Name":"COMPARATOR",
      "ID":1066626999,
      "Label":"",
      "Position":{
        "x":-10.12525,
        "y":6.77152
      },
      "OutputPinColourInfo":[{"PinColour":0,"PinID":198178582},{"PinColour":0,"PinID":2051286801},{"PinColour":0,"PinID":807836300}],
      "InternalData":null
    },
    {
      "Name":"COMPARATOR",
      "ID":1810773651,
      "Label":"",
      "Position":{
        "x":-10.11299,
        "y":5.12883
      },
      "OutputPinColourInfo":[{"PinColour":0,"PinID":198178582},{"PinColour":0,"PinID":2051286801},{"PinColour":0,"PinID":807836300}],
      "InternalData":null
    },
    {
      "Name":"COMPARATOR",
      "ID":1056545682,
      "Label":"",
      "Position":{
        "x":-10.11299,
        "y":4.24883
      },
      "OutputPinColourInfo":[{"PinColour":0,"PinID":198178582},{"PinColour":0,"PinID":2051286801},{"PinColour":0,"PinID":807836300}],
      "InternalData":null
    },
    {
      "Name":"XNOR",
      "ID":2013318713,
      "Label":"",
      "Position":{
        "x":-7.29958,
        "y":1.63506
      },
      "OutputPinColourInfo":[{"PinColour":0,"PinID":1556263247}],
      "InternalData":null
    },
    {
      "Name":"XNOR",
      "ID":2069325845,
      "Label":"",
      "Position":{
        "x":-7.34861,
        "y":2.22348
      },
      "OutputPinColourInfo":[{"PinColour":0,"PinID":1556263247}],
      "InternalData":null
    },
    {
      "Name":"XNOR",
      "ID":1782707420,
      "Label":"",
      "Position":{
        "x":-7.29958,
        "y":1.00985
      },
      "OutputPinColourInfo":[{"PinColour":0,"PinID":1556263247}],
      "InternalData":null
    },
    {
      "Name":"XNOR",
      "ID":108361703,
      "Label":"",
      "Position":{
        "x":-7.27506,
        "y":0.37239
      },
      "OutputPinColourInfo":[{"PinColour":0,"PinID":1556263247}],
      "InternalData":null
    },
    {
      "Name":"AND 4",
      "ID":2050601951,
      "Label":"",
      "Position":{
        "x":-5.10668,
        "y":1.4068
      },
      "OutputPinColourInfo":[{"PinColour":0,"PinID":1601937676}],
      "InternalData":null
    },
    {
      "Name":"AND 4",
      "ID":1135952431,
      "Label":"",
      "Position":{
        "x":-7.16666,
        "y":4.26015
      },
      "OutputPinColourInfo":[{"PinColour":0,"PinID":1601937676}],
      "InternalData":null
    },
    {
      "Name":"AND 3",
      "ID":1712322206,
      "Label":"",
      "Position":{
        "x":-7.15274,
        "y":5.52676
      },
      "OutputPinColourInfo":[{"PinColour":0,"PinID":736417241}],
      "InternalData":null
    },
    {
      "Name":"AND",
      "ID":1215292875,
      "Label":"",
      "Position":{
        "x":-7.26409,
        "y":6.51499
      },
      "OutputPinColourInfo":[{"PinColour":0,"PinID":1834173622}],
      "InternalData":null
    },
    {
      "Name":"OR 4",
      "ID":697275577,
      "Label":"",
      "Position":{
        "x":-4.13237,
        "y":5.34581
      },
      "OutputPinColourInfo":[{"PinColour":0,"PinID":1092352385}],
      "InternalData":null
    },
    {
      "Name":"NOR",
      "ID":908789895,
      "Label":"",
      "Position":{
        "x":-2.46211,
        "y":-0.14515
      },
      "OutputPinColourInfo":[{"PinColour":0,"PinID":541169220}],
      "InternalData":null
    }
  ],
  "Wires":[
    {
      "SourcePinAddress":{
        "PinID":0,
        "PinOwnerID":159472689
      },
      "TargetPinAddress":{
        "PinID":1138530598,
        "PinOwnerID":1066626999
      },
      "ConnectionType":0,
      "ConnectedWireIndex":-1,
      "ConnectedWireSegmentIndex":-1,
      "Points":[{"x":0.0,"y":0.0},{"x":0.0,"y":0.0}]
    },
    {
      "SourcePinAddress":{
        "PinID":0,
        "PinOwnerID":1936710830
      },
      "TargetPinAddress":{
        "PinID":1138530598,
        "PinOwnerID":1566758662
      },
      "ConnectionType":0,
      "ConnectedWireIndex":-1,
      "ConnectedWireSegmentIndex":-1,
      "Points":[{"x":0.0,"y":0.0},{"x":0.0,"y":0.0}]
    },
    {
      "SourcePinAddress":{
        "PinID":0,
        "PinOwnerID":49565832
      },
      "TargetPinAddress":{
        "PinID":1138530598,
        "PinOwnerID":1810773651
      },
      "ConnectionType":0,
      "ConnectedWireIndex":-1,
      "ConnectedWireSegmentIndex":-1,
      "Points":[{"x":0.0,"y":0.0},{"x":0.0,"y":0.0}]
    },
    {
      "SourcePinAddress":{
        "PinID":0,
        "PinOwnerID":746017140
      },
      "TargetPinAddress":{
        "PinID":1138530598,
        "PinOwnerID":1056545682
      },
      "ConnectionType":0,
      "ConnectedWireIndex":-1,
      "ConnectedWireSegmentIndex":-1,
      "Points":[{"x":0.0,"y":0.0},{"x":0.0,"y":0.0}]
    },
    {
      "SourcePinAddress":{
        "PinID":0,
        "PinOwnerID":1037311469
      },
      "TargetPinAddress":{
        "PinID":1830648072,
        "PinOwnerID":2069325845
      },
      "ConnectionType":0,
      "ConnectedWireIndex":-1,
      "ConnectedWireSegmentIndex":-1,
      "Points":[{"x":0.0,"y":0.0},{"x":0.0,"y":0.0}]
    },
    {
      "SourcePinAddress":{
        "PinID":0,
        "PinOwnerID":1456330650
      },
      "TargetPinAddress":{
        "PinID":1830648072,
        "PinOwnerID":2013318713
      },
      "ConnectionType":0,
      "ConnectedWireIndex":-1,
      "ConnectedWireSegmentIndex":-1,
      "Points":[{"x":0.0,"y":0.0},{"x":0.0,"y":0.0}]
    },
    {
      "SourcePinAddress":{
        "PinID":0,
        "PinOwnerID":236788206
      },
      "TargetPinAddress":{
        "PinID":1830648072,
        "PinOwnerID":1782707420
      },
      "ConnectionType":0,
      "ConnectedWireIndex":-1,
      "ConnectedWireSegmentIndex":-1,
      "Points":[{"x":0.0,"y":0.0},{"x":0.0,"y":0.0}]
    },
    {
      "SourcePinAddress":{
        "PinID":0,
        "PinOwnerID":548560972
      },
      "TargetPinAddress":{
        "PinID":1830648072,
        "PinOwnerID":108361703
      },
      "ConnectionType":0,
      "ConnectedWireIndex":-1,
      "ConnectedWireSegmentIndex":-1,
      "Points":[{"x":0.0,"y":0.0},{"x":0.0,"y":0.0}]
    },
    {
      "SourcePinAddress":{
        "PinID":0,
        "PinOwnerID":1037311469
      },
      "TargetPinAddress":{
        "PinID":1346201759,
        "PinOwnerID":1066626999
      },
      "ConnectionType":1,
      "ConnectedWireIndex":4,
      "ConnectedWireSegmentIndex":0,
      "Points":[{"x":-11.34449,"y":2.4638},{"x":-11.52324,"y":6.53587},{"x":0.0,"y":0.0}]
    },
    {
      "SourcePinAddress":{
        "PinID":0,
        "PinOwnerID":1456330650
      },
      "TargetPinAddress":{
        "PinID":1346201759,
        "PinOwnerID":1566758662
      },
      "ConnectionType":1,
      "ConnectedWireIndex":5,
      "ConnectedWireSegmentIndex":0,
      "Points":[{"x":-11.17591,"y":1.89516},{"x":-11.32838,"y":5.75642},{"x":0.0,"y":0.0}]
    },
    {
      "SourcePinAddress":{
        "PinID":0,
        "PinOwnerID":236788206
      },
      "TargetPinAddress":{
        "PinID":1346201759,
        "PinOwnerID":1810773651
      },
      "ConnectionType":1,
      "ConnectedWireIndex":6,
      "ConnectedWireSegmentIndex":0,
      "Points":[{"x":-11.02659,"y":1.32434},{"x":-11.20311,"y":4.90737},{"x":0.0,"y":0.0}]
    },
    {
      "SourcePinAddress":{
        "PinID":0,
        "PinOwnerID":548560972
      },
      "TargetPinAddress":{
        "PinID":1346201759,
        "PinOwnerID":1056545682
      },
      "ConnectionType":1,
      "ConnectedWireIndex":7,
      "ConnectedWireSegmentIndex":0,
      "Points":[{"x":-10.7864,"y":0.69793},{"x":0.0,"y":0.0}]
    },
    {
      "SourcePinAddress":{
        "PinID":0,
        "PinOwnerID":159472689
      },
      "TargetPinAddress":{
        "PinID":1594264926,
        "PinOwnerID":2069325845
      },
      "ConnectionType":1,
      "ConnectedWireIndex":0,
      "ConnectedWireSegmentIndex":0,
      "Points":[{"x":-11.87227,"y":7.10929},{"x":-11.63459,"y":2.68037},{"x":0.0,"y":0.0}]
    },
    {
      "SourcePinAddress":{
        "PinID":0,
        "PinOwnerID":1936710830
      },
      "TargetPinAddress":{
        "PinID":1594264926,
        "PinOwnerID":2013318713
      },
      "ConnectionType":1,
      "ConnectedWireIndex":1,
      "ConnectedWireSegmentIndex":0,
      "Points":[{"x":-12.16938,"y":6.4193},{"x":-12.02432,"y":2.22105},{"x":0.0,"y":0.0}]
    },
    {
      "SourcePinAddress":{
        "PinID":0,
        "PinOwnerID":49565832
      },
      "TargetPinAddress":{
        "PinID":1594264926,
        "PinOwnerID":1782707420
      },
      "ConnectionType":1,
      "ConnectedWireIndex":2,
      "ConnectedWireSegmentIndex":0,
      "Points":[{"x":-12.45013,"y":5.76475},{"x":-12.37229,"y":1.67821},{"x":0.0,"y":0.0}]
    },
    {
      "SourcePinAddress":{
        "PinID":0,
        "PinOwnerID":746017140
      },
      "TargetPinAddress":{
        "PinID":1594264926,
        "PinOwnerID":108361703
      },
      "ConnectionType":1,
      "ConnectedWireIndex":3,
      "ConnectedWireSegmentIndex":0,
      "Points":[{"x":-12.70652,"y":5.10091},{"x":-12.62283,"y":1.19106},{"x":0.0,"y":0.0}]
    },
    {
      "SourcePinAddress":{
        "PinID":198178582,
        "PinOwnerID":1066626999
      },
      "TargetPinAddress":{
        "PinID":890670445,
        "PinOwnerID":697275577
      },
      "ConnectionType":0,
      "ConnectedWireIndex":-1,
      "ConnectedWireSegmentIndex":-1,
      "Points":[{"x":0.0,"y":0.0},{"x":-5.66343,"y":6.96735},{"x":-5.62168,"y":5.75642},{"x":0.0,"y":0.0}]
    },
    {
      "SourcePinAddress":{
        "PinID":1834173622,
        "PinOwnerID":1215292875
      },
      "TargetPinAddress":{
        "PinID":3907582,
        "PinOwnerID":697275577
      },
      "ConnectionType":0,
      "ConnectedWireIndex":-1,
      "ConnectedWireSegmentIndex":-1,
      "Points":[{"x":0.0,"y":0.0},{"x":-5.84438,"y":6.54979},{"x":-5.81654,"y":5.63115},{"x":0.0,"y":0.0}]
    },
    {
      "SourcePinAddress":{
        "PinID":736417241,
        "PinOwnerID":1712322206
      },
      "TargetPinAddress":{
        "PinID":637317229,
        "PinOwnerID":697275577
      },
      "ConnectionType":0,
      "ConnectedWireIndex":-1,
      "ConnectedWireSegmentIndex":-1,
      "Points":[{"x":0.0,"y":0.0},{"x":0.0,"y":0.0}]
    },
    {
      "SourcePinAddress":{
        "PinID":1601937676,
        "PinOwnerID":1135952431
      },
      "TargetPinAddress":{
        "PinID":1001885611,
        "PinOwnerID":697275577
      },
      "ConnectionType":0,
      "ConnectedWireIndex":-1,
      "ConnectedWireSegmentIndex":-1,
      "Points":[{"x":0.0,"y":0.0},{"x":0.0,"y":0.0}]
    },
    {
      "SourcePinAddress":{
        "PinID":1556263247,
        "PinOwnerID":2069325845
      },
      "TargetPinAddress":{
        "PinID":1765119423,
        "PinOwnerID":2050601951
      },
      "ConnectionType":0,
      "ConnectedWireIndex":-1,
      "ConnectedWireSegmentIndex":-1,
      "Points":[{"x":0.0,"y":0.0},{"x":0.0,"y":0.0}]
    },
    {
      "SourcePinAddress":{
        "PinID":1556263247,
        "PinOwnerID":2013318713
      },
      "TargetPinAddress":{
        "PinID":988593347,
        "PinOwnerID":2050601951
      },
      "ConnectionType":0,
      "ConnectedWireIndex":-1,
      "ConnectedWireSegmentIndex":-1,
      "Points":[{"x":0.0,"y":0.0},{"x":0.0,"y":0.0}]
    },
    {
      "SourcePinAddress":{
        "PinID":1556263247,
        "PinOwnerID":1782707420
      },
      "TargetPinAddress":{
        "PinID":515115463,
        "PinOwnerID":2050601951
      },
      "ConnectionType":0,
      "ConnectedWireIndex":-1,
      "ConnectedWireSegmentIndex":-1,
      "Points":[{"x":0.0,"y":0.0},{"x":0.0,"y":0.0}]
    },
    {
      "SourcePinAddress":{
        "PinID":1556263247,
        "PinOwnerID":108361703
      },
      "TargetPinAddress":{
        "PinID":106823064,
        "PinOwnerID":2050601951
      },
      "ConnectionType":0,
      "ConnectedWireIndex":-1,
      "ConnectedWireSegmentIndex":-1,
      "Points":[{"x":0.0,"y":0.0},{"x":0.0,"y":0.0}]
    },
    {
      "SourcePinAddress":{
        "PinID":1601937676,
        "PinOwnerID":2050601951
      },
      "TargetPinAddress":{
        "PinID":0,
        "PinOwnerID":140950673
      },
      "ConnectionType":0,
      "ConnectedWireIndex":-1,
      "ConnectedWireSegmentIndex":-1,
      "Points":[{"x":0.0,"y":0.0},{"x":-1.59219,"y":1.41376},{"x":-1.70354,"y":3.25104},{"x":0.0,"y":0.0}]
    },
    {
      "SourcePinAddress":{
        "PinID":1601937676,
        "PinOwnerID":2050601951
      },
      "TargetPinAddress":{
        "PinID":35256736,
        "PinOwnerID":908789895
      },
      "ConnectionType":1,
      "ConnectedWireIndex":24,
      "ConnectedWireSegmentIndex":0,
      "Points":[{"x":-3.22061,"y":1.41006},{"x":-3.10934,"y":-0.01988},{"x":0.0,"y":0.0}]
    },
    {
      "SourcePinAddress":{
        "PinID":1092352385,
        "PinOwnerID":697275577
      },
      "TargetPinAddress":{
        "PinID":0,
        "PinOwnerID":1667074561
      },
      "ConnectionType":0,
      "ConnectedWireIndex":-1,
      "ConnectedWireSegmentIndex":-1,
      "Points":[{"x":0.0,"y":0.0},{"x":0.0,"y":0.0}]
    },
    {
      "SourcePinAddress":{
        "PinID":1092352385,
        "PinOwnerID":697275577
      },
      "TargetPinAddress":{
        "PinID":546767734,
        "PinOwnerID":908789895
      },
      "ConnectionType":1,
      "ConnectedWireIndex":26,
      "ConnectedWireSegmentIndex":0,
      "Points":[{"x":-3.56665,"y":5.33582},{"x":-3.34595,"y":-0.21474},{"x":0.0,"y":0.0}]
    },
    {
      "SourcePinAddress":{
        "PinID":541169220,
        "PinOwnerID":908789895
      },
      "TargetPinAddress":{
        "PinID":0,
        "PinOwnerID":1587013633
      },
      "ConnectionType":0,
      "ConnectedWireIndex":-1,
      "ConnectedWireSegmentIndex":-1,
      "Points":[{"x":0.0,"y":0.0},{"x":0.0,"y":0.0}]
    },
    {
      "SourcePinAddress":{
        "PinID":198178582,
        "PinOwnerID":1056545682
      },
      "TargetPinAddress":{
        "PinID":106823064,
        "PinOwnerID":1135952431
      },
      "ConnectionType":0,
      "ConnectedWireIndex":-1,
      "ConnectedWireSegmentIndex":-1,
      "Points":[{"x":0.0,"y":0.0},{"x":-8.95523,"y":4.51765},{"x":-8.96914,"y":3.94698},{"x":0.0,"y":0.0}]
    },
    {
      "SourcePinAddress":{
        "PinID":2051286801,
        "PinOwnerID":1810773651
      },
      "TargetPinAddress":{
        "PinID":515115463,
        "PinOwnerID":1135952431
      },
      "ConnectionType":0,
      "ConnectedWireIndex":-1,
      "ConnectedWireSegmentIndex":-1,
      "Points":[{"x":0.0,"y":0.0},{"x":-8.81604,"y":5.13007},{"x":-8.81604,"y":4.12792},{"x":0.0,"y":0.0}]
    },
    {
      "SourcePinAddress":{
        "PinID":2051286801,
        "PinOwnerID":1566758662
      },
      "TargetPinAddress":{
        "PinID":988593347,
        "PinOwnerID":1135952431
      },
      "ConnectionType":0,
      "ConnectedWireIndex":-1,
      "ConnectedWireSegmentIndex":-1,
      "Points":[{"x":0.0,"y":0.0},{"x":-8.69077,"y":5.95128},{"x":-8.69077,"y":4.32278},{"x":0.0,"y":0.0}]
    },
    {
      "SourcePinAddress":{
        "PinID":2051286801,
        "PinOwnerID":1566758662
      },
      "TargetPinAddress":{
        "PinID":1053466565,
        "PinOwnerID":1712322206
      },
      "ConnectionType":1,
      "ConnectedWireIndex":31,
      "ConnectedWireSegmentIndex":1,
      "Points":[{"x":-8.69077,"y":5.57547},{"x":0.0,"y":0.0}]
    },
    {
      "SourcePinAddress":{
        "PinID":2051286801,
        "PinOwnerID":1066626999
      },
      "TargetPinAddress":{
        "PinID":1765119423,
        "PinOwnerID":1135952431
      },
      "ConnectionType":0,
      "ConnectedWireIndex":-1,
      "ConnectedWireSegmentIndex":-1,
      "Points":[{"x":0.0,"y":0.0},{"x":-8.57942,"y":6.73073},{"x":-8.59334,"y":4.57332},{"x":0.0,"y":0.0}]
    },
    {
      "SourcePinAddress":{
        "PinID":2051286801,
        "PinOwnerID":1066626999
      },
      "TargetPinAddress":{
        "PinID":1479226400,
        "PinOwnerID":1215292875
      },
      "ConnectionType":1,
      "ConnectedWireIndex":33,
      "ConnectedWireSegmentIndex":1,
      "Points":[{"x":-8.57951,"y":6.71673},{"x":0.0,"y":0.0}]
    },
    {
      "SourcePinAddress":{
        "PinID":198178582,
        "PinOwnerID":1566758662
      },
      "TargetPinAddress":{
        "PinID":267671138,
        "PinOwnerID":1215292875
      },
      "ConnectionType":0,
      "ConnectedWireIndex":-1,
      "ConnectedWireSegmentIndex":-1,
      "Points":[{"x":0.0,"y":0.0},{"x":0.0,"y":0.0}]
    },
    {
      "SourcePinAddress":{
        "PinID":2051286801,
        "PinOwnerID":1566758662
      },
      "TargetPinAddress":{
        "PinID":241641952,
        "PinOwnerID":1712322206
      },
      "ConnectionType":1,
      "ConnectedWireIndex":31,
      "ConnectedWireSegmentIndex":1,
      "Points":[{"x":-8.69077,"y":5.92344},{"x":0.0,"y":0.0}]
    },
    {
      "SourcePinAddress":{
        "PinID":198178582,
        "PinOwnerID":1810773651
      },
      "TargetPinAddress":{
        "PinID":1236949195,
        "PinOwnerID":1712322206
      },
      "ConnectionType":0,
      "ConnectedWireIndex":-1,
      "ConnectedWireSegmentIndex":-1,
      "Points":[{"x":0.0,"y":0.0},{"x":0.0,"y":0.0}]
    }
  ],
  "Displays": null
}