{
  "DLSVersion": "2.1.6",
  "Name": "Computer",
  "NameLocation": 0,
  "ChipType": 0,
  "Size": {
    "x": 1.325,
    "y": 9.5
  },
  "Colour": {
    "r": 0.340432674,
    "g": 0.774381161,
    "b": 0.497245759,
    "a": 1
  },
  "InputPins":[
    {
      "Name":"-1",
      "ID":465307480,
      "Position":{
        "x":-14.20644,
        "y":2.21139
      },
      "BitCount":1,
      "Colour":0,
      "ValueDisplayMode":0
    },
    {
      "Name":"-1",
      "ID":749539340,
      "Position":{
        "x":-23.65382,
        "y":2.11979
      },
      "BitCount":1,
      "Colour":0,
      "ValueDisplayMode":0
    },
    {
      "Name":"-2",
      "ID":1884918046,
      "Position":{
        "x":-14.20644,
        "y":1.75503
      },
      "BitCount":1,
      "Colour":0,
      "ValueDisplayMode":0
    },
    {
      "Name":"-2",
      "ID":731710029,
      "Position":{
        "x":-23.65832,
        "y":1.50294
      },
      "BitCount":1,
      "Colour":0,
      "ValueDisplayMode":0
    },
    {
      "Name":"-3",
      "ID":234656117,
      "Position":{
        "x":-14.11868,
        "y":1.29867
      },
      "BitCount":1,
      "Colour":0,
      "ValueDisplayMode":0
    },
    {
      "Name":"-3",
      "ID":828118159,
      "Position":{
        "x":-23.65832,
        "y":1.00702
      },
      "BitCount":1,
      "Colour":0,
      "ValueDisplayMode":0
    },
    {
      "Name":"-4",
      "ID":640702602,
      "Position":{
        "x":-14.17134,
        "y":0.7721
      },
      "BitCount":1,
      "Colour":0,
      "ValueDisplayMode":0
    },
    {
      "Name":"-4",
      "ID":536752359,
      "Position":{
        "x":-23.67485,
        "y":0.5111
      },
      "BitCount":1,
      "Colour":0,
      "ValueDisplayMode":0
    },
    {
      "Name":"-5",
      "ID":1239464586,
      "Position":{
        "x":-14.15379,
        "y":0.31574
      },
      "BitCount":1,
      "Colour":0,
      "ValueDisplayMode":0
    },
    {
      "Name":"NOP",
      "ID":495938530,
      "Position":{
        "x":-18.28698,
        "y":0.16328
      },
      "BitCount":1,
      "Colour":0,
      "ValueDisplayMode":0
    },
    {
      "Name":"-5",
      "ID":567424819,
      "Position":{
        "x":-23.65832,
        "y":-0.00135
      },
      "BitCount":1,
      "Colour":0,
      "ValueDisplayMode":0
    },
    {
      "Name":"-6",
      "ID":1801445382,
      "Position":{
        "x":-14.17134,
        "y":-0.19327
      },
      "BitCount":1,
      "Colour":0,
      "ValueDisplayMode":0
    },
    {
      "Name":"-6",
      "ID":1834497044,
      "Position":{
        "x":-23.65832,
        "y":-0.48074
      },
      "BitCount":1,
      "Colour":0,
      "ValueDisplayMode":0
    },
    {
      "Name":"OUTPUT",
      "ID":2041407819,
      "Position":{
        "x":-18.24412,
        "y":-0.69493
      },
      "BitCount":1,
      "Colour":0,
      "ValueDisplayMode":0
    },
    {
      "Name":"-7",
      "ID":2088597802,
      "Position":{
        "x":-14.11868,
        "y":-0.70229
      },
      "BitCount":1,
      "Colour":0,
      "ValueDisplayMode":0
    },
    {
      "Name":"-7",
      "ID":762869370,
      "Position":{
        "x":-23.64179,
        "y":-0.92707
      },
      "BitCount":1,
      "Colour":0,
      "ValueDisplayMode":0
    },
    {
      "Name":"-8",
      "ID":1292322392,
      "Position":{
        "x":-14.13623,
        "y":-1.19375
      },
      "BitCount":1,
      "Colour":0,
      "ValueDisplayMode":0
    },
    {
      "Name":"-8",
      "ID":1676480279,
      "Position":{
        "x":-23.65832,
        "y":-1.42299
      },
      "BitCount":1,
      "Colour":0,
      "ValueDisplayMode":0
    },
    {
      "Name":"7",
      "ID":971126457,
      "Position":{
        "x":-14.15378,
        "y":-1.66767
      },
      "BitCount":1,
      "Colour":0,
      "ValueDisplayMode":0
    },
    {
      "Name":"DIV",
      "ID":952163009,
      "Position":{
        "x":-18.26053,
        "y":-1.67998
      },
      "BitCount":1,
      "Colour":0,
      "ValueDisplayMode":0
    },
    {
      "Name":"7",
      "ID":1102141299,
      "Position":{
        "x":-23.65832,
        "y":-1.93544
      },
      "BitCount":1,
      "Colour":0,
      "ValueDisplayMode":0
    },
    {
      "Name":"6",
      "ID":1870531619,
      "Position":{
        "x":-14.17134,
        "y":-2.15913
      },
      "BitCount":1,
      "Colour":0,
      "ValueDisplayMode":0
    },
    {
      "Name":"6",
      "ID":1197447656,
      "Position":{
        "x":-23.64179,
        "y":-2.41483
      },
      "BitCount":1,
      "Colour":0,
      "ValueDisplayMode":0
    },
    {
      "Name":"MUL",
      "ID":321932905,
      "Position":{
        "x":-18.2277,
        "y":-2.45159
      },
      "BitCount":1,
      "Colour":0,
      "ValueDisplayMode":0
    },
    {
      "Name":"5",
      "ID":1880752555,
      "Position":{
        "x":-14.17134,
        "y":-2.70325
      },
      "BitCount":1,
      "Colour":0,
      "ValueDisplayMode":0
    },
    {
      "Name":"5",
      "ID":312446920,
      "Position":{
        "x":-23.64179,
        "y":-2.92728
      },
      "BitCount":1,
      "Colour":0,
      "ValueDisplayMode":0
    },
    {
      "Name":"SUB",
      "ID":1856866602,
      "Position":{
        "x":-18.26053,
        "y":-3.14113
      },
      "BitCount":1,
      "Colour":0,
      "ValueDisplayMode":0
    },
    {
      "Name":"4",
      "ID":770010381,
      "Position":{
        "x":-14.15378,
        "y":-3.22982
      },
      "BitCount":1,
      "Colour":0,
      "ValueDisplayMode":0
    },
    {
      "Name":"4",
      "ID":1361385947,
      "Position":{
        "x":-23.62526,
        "y":-3.45626
      },
      "BitCount":1,
      "Colour":0,
      "ValueDisplayMode":0
    },
    {
      "Name":"3",
      "ID":1922366826,
      "Position":{
        "x":-14.18889,
        "y":-3.75639
      },
      "BitCount":1,
      "Colour":0,
      "ValueDisplayMode":0
    },
    {
      "Name":"ADD",
      "ID":697146664,
      "Position":{
        "x":-18.2277,
        "y":-3.81424
      },
      "BitCount":1,
      "Colour":0,
      "ValueDisplayMode":0
    },
    {
      "Name":"3",
      "ID":2006879717,
      "Position":{
        "x":-23.67485,
        "y":-3.95218
      },
      "BitCount":1,
      "Colour":0,
      "ValueDisplayMode":0
    },
    {
      "Name":"2",
      "ID":1292608307,
      "Position":{
        "x":-14.18889,
        "y":-4.28295
      },
      "BitCount":1,
      "Colour":0,
      "ValueDisplayMode":0
    },
    {
      "Name":"2",
      "ID":1296216009,
      "Position":{
        "x":-23.64179,
        "y":-4.43157
      },
      "BitCount":1,
      "Colour":0,
      "ValueDisplayMode":0
    },
    {
      "Name":"1",
      "ID":867553060,
      "Position":{
        "x":-14.15378,
        "y":-4.87973
      },
      "BitCount":1,
      "Colour":0,
      "ValueDisplayMode":0
    },
    {
      "Name":"1",
      "ID":551010444,
      "Position":{
        "x":-23.65832,
        "y":-4.96055
      },
      "BitCount":1,
      "Colour":0,
      "ValueDisplayMode":0
    },
    {
      "Name":"0",
      "ID":999067385,
      "Position":{
        "x":-14.15378,
        "y":-5.42385
      },
      "BitCount":1,
      "Colour":0,
      "ValueDisplayMode":0
    },
    {
      "Name":"0",
      "ID":1871728122,
      "Position":{
        "x":-23.67485,
        "y":-5.473
      },
      "BitCount":1,
      "Colour":0,
      "ValueDisplayMode":0
    }
  ],
  "OutputPins":[],
  "SubChips":[
    {
      "Name":"CPU",
      "ID":879742428,
      "Label":"",
      "Position":{
        "x":-5.37922,
        "y":-2.0593
      },
      "OutputPinColourInfo":[{"PinColour":0,"PinID":1807756278},{"PinColour":0,"PinID":751172543},{"PinColour":0,"PinID":1555610119},{"PinColour":0,"PinID":1184203247},{"PinColour":0,"PinID":1501932885},{"PinColour":0,"PinID":1081821040},{"PinColour":0,"PinID":1428265919},{"PinColour":0,"PinID":346038505}],
      "InternalData":null
    },
    {
      "Name":"7-SEGMENT",
      "ID":1828304818,
      "Label":"",
      "Position":{
        "x":-2.76102,
        "y":-2.01169
      },
      "OutputPinColourInfo":[],
      "InternalData":null
    },
    {
      "Name":"Encoder",
      "ID":291698057,
      "Label":"A",
      "Position":{
        "x":-20.80529,
        "y":-1.96246
      },
      "OutputPinColourInfo":[{"PinColour":0,"PinID":1458594468},{"PinColour":0,"PinID":70282740},{"PinColour":0,"PinID":609896289},{"PinColour":0,"PinID":73798155},{"PinColour":0,"PinID":47567960}],
      "InternalData":null
    },
    {
      "Name":"Encoder",
      "ID":1222417854,
      "Label":"B",
      "Position":{
        "x":-11.22255,
        "y":-1.68522
      },
      "OutputPinColourInfo":[{"PinColour":0,"PinID":1458594468},{"PinColour":0,"PinID":70282740},{"PinColour":0,"PinID":609896289},{"PinColour":0,"PinID":73798155},{"PinColour":0,"PinID":47567960}],
      "InternalData":null
    },
    {
      "Name":"Encoder 3 BIT",
      "ID":1688544509,
      "Label":"",
      "Position":{
        "x":-16.27967,
        "y":-1.87049
      },
      "OutputPinColourInfo":[{"PinColour":0,"PinID":1468227047},{"PinColour":0,"PinID":166272076},{"PinColour":0,"PinID":1521713449},{"PinColour":0,"PinID":936272551}],
      "InternalData":null
    },
    {
      "Name":"OR",
      "ID":1948988103,
      "Label":"",
      "Position":{
        "x":-7.15827,
        "y":0.02659
      },
      "OutputPinColourInfo":[{"PinColour":0,"PinID":1686933192}],
      "InternalData":null
    },
    {
      "Name":"OR",
      "ID":1364889395,
      "Label":"",
      "Position":{
        "x":-7.15827,
        "y":-0.60341
      },
      "OutputPinColourInfo":[{"PinColour":0,"PinID":1686933192}],
      "InternalData":null
    },
    {
      "Name":"OR",
      "ID":2130543860,
      "Label":"",
      "Position":{
        "x":-7.15827,
        "y":-1.23341
      },
      "OutputPinColourInfo":[{"PinColour":0,"PinID":1686933192}],
      "InternalData":null
    },
    {
      "Name":"OR",
      "ID":1508378014,
      "Label":"",
      "Position":{
        "x":-7.15827,
        "y":-1.86341
      },
      "OutputPinColourInfo":[{"PinColour":0,"PinID":1686933192}],
      "InternalData":null
    },
    {
      "Name":"OR",
      "ID":1563726410,
      "Label":"",
      "Position":{
        "x":-7.15673,
        "y":-2.70814
      },
      "OutputPinColourInfo":[{"PinColour":0,"PinID":1686933192}],
      "InternalData":null
    },
    {
      "Name":"OR 3",
      "ID":2096457401,
      "Label":"",
      "Position":{
        "x":-6.93568,
        "y":-4.17919
      },
      "OutputPinColourInfo":[{"PinColour":0,"PinID":787439702}],
      "InternalData":null
    }
  ],
  "Wires":[
    {
      "SourcePinAddress":{
        "PinID":1807756278,
        "PinOwnerID":879742428
      },
      "TargetPinAddress":{
        "PinID":0,
        "PinOwnerID":1828304818
      },
      "ConnectionType":0,
      "ConnectedWireIndex":-1,
      "ConnectedWireSegmentIndex":-1,
      "Points":[{"x":0.0,"y":0.0},{"x":0.0,"y":0.0}]
    },
    {
      "SourcePinAddress":{
        "PinID":751172543,
        "PinOwnerID":879742428
      },
      "TargetPinAddress":{
        "PinID":1,
        "PinOwnerID":1828304818
      },
      "ConnectionType":0,
      "ConnectedWireIndex":-1,
      "ConnectedWireSegmentIndex":-1,
      "Points":[{"x":0.0,"y":0.0},{"x":0.0,"y":0.0}]
    },
    {
      "SourcePinAddress":{
        "PinID":1555610119,
        "PinOwnerID":879742428
      },
      "TargetPinAddress":{
        "PinID":2,
        "PinOwnerID":1828304818
      },
      "ConnectionType":0,
      "ConnectedWireIndex":-1,
      "ConnectedWireSegmentIndex":-1,
      "Points":[{"x":0.0,"y":0.0},{"x":0.0,"y":0.0}]
    },
    {
      "SourcePinAddress":{
        "PinID":1184203247,
        "PinOwnerID":879742428
      },
      "TargetPinAddress":{
        "PinID":3,
        "PinOwnerID":1828304818
      },
      "ConnectionType":0,
      "ConnectedWireIndex":-1,
      "ConnectedWireSegmentIndex":-1,
      "Points":[{"x":0.0,"y":0.0},{"x":0.0,"y":0.0}]
    },
    {
      "SourcePinAddress":{
        "PinID":1501932885,
        "PinOwnerID":879742428
      },
      "TargetPinAddress":{
        "PinID":4,
        "PinOwnerID":1828304818
      },
      "ConnectionType":0,
      "ConnectedWireIndex":-1,
      "ConnectedWireSegmentIndex":-1,
      "Points":[{"x":0.0,"y":0.0},{"x":0.0,"y":0.0}]
    },
    {
      "SourcePinAddress":{
        "PinID":1081821040,
        "PinOwnerID":879742428
      },
      "TargetPinAddress":{
        "PinID":5,
        "PinOwnerID":1828304818
      },
      "ConnectionType":0,
      "ConnectedWireIndex":-1,
      "ConnectedWireSegmentIndex":-1,
      "Points":[{"x":0.0,"y":0.0},{"x":0.0,"y":0.0}]
    },
    {
      "SourcePinAddress":{
        "PinID":1428265919,
        "PinOwnerID":879742428
      },
      "TargetPinAddress":{
        "PinID":6,
        "PinOwnerID":1828304818
      },
      "ConnectionType":0,
      "ConnectedWireIndex":-1,
      "ConnectedWireSegmentIndex":-1,
      "Points":[{"x":0.0,"y":0.0},{"x":0.0,"y":0.0}]
    },
    {
      "SourcePinAddress":{
        "PinID":346038505,
        "PinOwnerID":879742428
      },
      "TargetPinAddress":{
        "PinID":7,
        "PinOwnerID":1828304818
      },
      "ConnectionType":0,
      "ConnectedWireIndex":-1,
      "ConnectedWireSegmentIndex":-1,
      "Points":[{"x":0.0,"y":0.0},{"x":0.0,"y":0.0}]
    },
    {
      "SourcePinAddress":{
        "PinID":0,
        "PinOwnerID":1871728122
      },
      "TargetPinAddress":{
        "PinID":1029600462,
        "PinOwnerID":291698057
      },
      "ConnectionType":0,
      "ConnectedWireIndex":-1,
      "ConnectedWireSegmentIndex":-1,
      "Points":[{"x":0.0,"y":0.0},{"x":0.0,"y":0.0}]
    },
    {
      "SourcePinAddress":{
        "PinID":0,
        "PinOwnerID":551010444
      },
      "TargetPinAddress":{
        "PinID":2111449072,
        "PinOwnerID":291698057
      },
      "ConnectionType":0,
      "ConnectedWireIndex":-1,
      "ConnectedWireSegmentIndex":-1,
      "Points":[{"x":0.0,"y":0.0},{"x":0.0,"y":0.0}]
    },
    {
      "SourcePinAddress":{
        "PinID":0,
        "PinOwnerID":1296216009
      },
      "TargetPinAddress":{
        "PinID":1743782009,
        "PinOwnerID":291698057
      },
      "ConnectionType":0,
      "ConnectedWireIndex":-1,
      "ConnectedWireSegmentIndex":-1,
      "Points":[{"x":0.0,"y":0.0},{"x":0.0,"y":0.0}]
    },
    {
      "SourcePinAddress":{
        "PinID":0,
        "PinOwnerID":2006879717
      },
      "TargetPinAddress":{
        "PinID":1391913614,
        "PinOwnerID":291698057
      },
      "ConnectionType":0,
      "ConnectedWireIndex":-1,
      "ConnectedWireSegmentIndex":-1,
      "Points":[{"x":0.0,"y":0.0},{"x":0.0,"y":0.0}]
    },
    {
      "SourcePinAddress":{
        "PinID":0,
        "PinOwnerID":1361385947
      },
      "TargetPinAddress":{
        "PinID":78578819,
        "PinOwnerID":291698057
      },
      "ConnectionType":0,
      "ConnectedWireIndex":-1,
      "ConnectedWireSegmentIndex":-1,
      "Points":[{"x":0.0,"y":0.0},{"x":0.0,"y":0.0}]
    },
    {
      "SourcePinAddress":{
        "PinID":0,
        "PinOwnerID":312446920
      },
      "TargetPinAddress":{
        "PinID":440011972,
        "PinOwnerID":291698057
      },
      "ConnectionType":0,
      "ConnectedWireIndex":-1,
      "ConnectedWireSegmentIndex":-1,
      "Points":[{"x":0.0,"y":0.0},{"x":0.0,"y":0.0}]
    },
    {
      "SourcePinAddress":{
        "PinID":0,
        "PinOwnerID":1197447656
      },
      "TargetPinAddress":{
        "PinID":1040434703,
        "PinOwnerID":291698057
      },
      "ConnectionType":0,
      "ConnectedWireIndex":-1,
      "ConnectedWireSegmentIndex":-1,
      "Points":[{"x":0.0,"y":0.0},{"x":0.0,"y":0.0}]
    },
    {
      "SourcePinAddress":{
        "PinID":0,
        "PinOwnerID":1102141299
      },
      "TargetPinAddress":{
        "PinID":1731256391,
        "PinOwnerID":291698057
      },
      "ConnectionType":0,
      "ConnectedWireIndex":-1,
      "ConnectedWireSegmentIndex":-1,
      "Points":[{"x":0.0,"y":0.0},{"x":0.0,"y":0.0}]
    },
    {
      "SourcePinAddress":{
        "PinID":0,
        "PinOwnerID":1676480279
      },
      "TargetPinAddress":{
        "PinID":1159247816,
        "PinOwnerID":291698057
      },
      "ConnectionType":0,
      "ConnectedWireIndex":-1,
      "ConnectedWireSegmentIndex":-1,
      "Points":[{"x":0.0,"y":0.0},{"x":0.0,"y":0.0}]
    },
    {
      "SourcePinAddress":{
        "PinID":0,
        "PinOwnerID":762869370
      },
      "TargetPinAddress":{
        "PinID":893976640,
        "PinOwnerID":291698057
      },
      "ConnectionType":0,
      "ConnectedWireIndex":-1,
      "ConnectedWireSegmentIndex":-1,
      "Points":[{"x":0.0,"y":0.0},{"x":0.0,"y":0.0}]
    },
    {
      "SourcePinAddress":{
        "PinID":0,
        "PinOwnerID":1834497044
      },
      "TargetPinAddress":{
        "PinID":986058861,
        "PinOwnerID":291698057
      },
      "ConnectionType":0,
      "ConnectedWireIndex":-1,
      "ConnectedWireSegmentIndex":-1,
      "Points":[{"x":0.0,"y":0.0},{"x":0.0,"y":0.0}]
    },
    {
      "SourcePinAddress":{
        "PinID":0,
        "PinOwnerID":567424819
      },
      "TargetPinAddress":{
        "PinID":550575407,
        "PinOwnerID":291698057
      },
      "ConnectionType":0,
      "ConnectedWireIndex":-1,
      "ConnectedWireSegmentIndex":-1,
      "Points":[{"x":0.0,"y":0.0},{"x":0.0,"y":0.0}]
    },
    {
      "SourcePinAddress":{
        "PinID":0,
        "PinOwnerID":536752359
      },
      "TargetPinAddress":{
        "PinID":906469898,
        "PinOwnerID":291698057
      },
      "ConnectionType":0,
      "ConnectedWireIndex":-1,
      "ConnectedWireSegmentIndex":-1,
      "Points":[{"x":0.0,"y":0.0},{"x":0.0,"y":0.0}]
    },
    {
      "SourcePinAddress":{
        "PinID":0,
        "PinOwnerID":828118159
      },
      "TargetPinAddress":{
        "PinID":1327258120,
        "PinOwnerID":291698057
      },
      "ConnectionType":0,
      "ConnectedWireIndex":-1,
      "ConnectedWireSegmentIndex":-1,
      "Points":[{"x":0.0,"y":0.0},{"x":0.0,"y":0.0}]
    },
    {
      "SourcePinAddress":{
        "PinID":0,
        "PinOwnerID":731710029
      },
      "TargetPinAddress":{
        "PinID":2052322996,
        "PinOwnerID":291698057
      },
      "ConnectionType":0,
      "ConnectedWireIndex":-1,
      "ConnectedWireSegmentIndex":-1,
      "Points":[{"x":0.0,"y":0.0},{"x":0.0,"y":0.0}]
    },
    {
      "SourcePinAddress":{
        "PinID":0,
        "PinOwnerID":749539340
      },
      "TargetPinAddress":{
        "PinID":1592377507,
        "PinOwnerID":291698057
      },
      "ConnectionType":0,
      "ConnectedWireIndex":-1,
      "ConnectedWireSegmentIndex":-1,
      "Points":[{"x":0.0,"y":0.0},{"x":0.0,"y":0.0}]
    },
    {
      "SourcePinAddress":{
        "PinID":0,
        "PinOwnerID":999067385
      },
      "TargetPinAddress":{
        "PinID":1029600462,
        "PinOwnerID":1222417854
      },
      "ConnectionType":0,
      "ConnectedWireIndex":-1,
      "ConnectedWireSegmentIndex":-1,
      "Points":[{"x":0.0,"y":0.0},{"x":0.0,"y":0.0}]
    },
    {
      "SourcePinAddress":{
        "PinID":0,
        "PinOwnerID":867553060
      },
      "TargetPinAddress":{
        "PinID":2111449072,
        "PinOwnerID":1222417854
      },
      "ConnectionType":0,
      "ConnectedWireIndex":-1,
      "ConnectedWireSegmentIndex":-1,
      "Points":[{"x":0.0,"y":0.0},{"x":0.0,"y":0.0}]
    },
    {
      "SourcePinAddress":{
        "PinID":0,
        "PinOwnerID":1292608307
      },
      "TargetPinAddress":{
        "PinID":1743782009,
        "PinOwnerID":1222417854
      },
      "ConnectionType":0,
      "ConnectedWireIndex":-1,
      "ConnectedWireSegmentIndex":-1,
      "Points":[{"x":0.0,"y":0.0},{"x":0.0,"y":0.0}]
    },
    {
      "SourcePinAddress":{
        "PinID":0,
        "PinOwnerID":1922366826
      },
      "TargetPinAddress":{
        "PinID":1391913614,
        "PinOwnerID":1222417854
      },
      "ConnectionType":0,
      "ConnectedWireIndex":-1,
      "ConnectedWireSegmentIndex":-1,
      "Points":[{"x":0.0,"y":0.0},{"x":0.0,"y":0.0}]
    },
    {
      "SourcePinAddress":{
        "PinID":0,
        "PinOwnerID":770010381
      },
      "TargetPinAddress":{
        "PinID":78578819,
        "PinOwnerID":1222417854
      },
      "ConnectionType":0,
      "ConnectedWireIndex":-1,
      "ConnectedWireSegmentIndex":-1,
      "Points":[{"x":0.0,"y":0.0},{"x":0.0,"y":0.0}]
    },
    {
      "SourcePinAddress":{
        "PinID":0,
        "PinOwnerID":1880752555
      },
      "TargetPinAddress":{
        "PinID":440011972,
        "PinOwnerID":1222417854
      },
      "ConnectionType":0,
      "ConnectedWireIndex":-1,
      "ConnectedWireSegmentIndex":-1,
      "Points":[{"x":0.0,"y":0.0},{"x":0.0,"y":0.0}]
    },
    {
      "SourcePinAddress":{
        "PinID":0,
        "PinOwnerID":1870531619
      },
      "TargetPinAddress":{
        "PinID":1040434703,
        "PinOwnerID":1222417854
      },
      "ConnectionType":0,
      "ConnectedWireIndex":-1,
      "ConnectedWireSegmentIndex":-1,
      "Points":[{"x":0.0,"y":0.0},{"x":0.0,"y":0.0}]
    },
    {
      "SourcePinAddress":{
        "PinID":0,
        "PinOwnerID":971126457
      },
      "TargetPinAddress":{
        "PinID":1731256391,
        "PinOwnerID":1222417854
      },
      "ConnectionType":0,
      "ConnectedWireIndex":-1,
      "ConnectedWireSegmentIndex":-1,
      "Points":[{"x":0.0,"y":0.0},{"x":0.0,"y":0.0}]
    },
    {
      "SourcePinAddress":{
        "PinID":0,
        "PinOwnerID":1292322392
      },
      "TargetPinAddress":{
        "PinID":1159247816,
        "PinOwnerID":1222417854
      },
      "ConnectionType":0,
      "ConnectedWireIndex":-1,
      "ConnectedWireSegmentIndex":-1,
      "Points":[{"x":0.0,"y":0.0},{"x":0.0,"y":0.0}]
    },
    {
      "SourcePinAddress":{
        "PinID":0,
        "PinOwnerID":2088597802
      },
      "TargetPinAddress":{
        "PinID":893976640,
        "PinOwnerID":1222417854
      },
      "ConnectionType":0,
      "ConnectedWireIndex":-1,
      "ConnectedWireSegmentIndex":-1,
      "Points":[{"x":0.0,"y":0.0},{"x":0.0,"y":0.0}]
    },
    {
      "SourcePinAddress":{
        "PinID":0,
        "PinOwnerID":1801445382
      },
      "TargetPinAddress":{
        "PinID":986058861,
        "PinOwnerID":1222417854
      },
      "ConnectionType":0,
      "ConnectedWireIndex":-1,
      "ConnectedWireSegmentIndex":-1,
      "Points":[{"x":0.0,"y":0.0},{"x":0.0,"y":0.0}]
    },
    {
      "SourcePinAddress":{
        "PinID":0,
        "PinOwnerID":1239464586
      },
      "TargetPinAddress":{
        "PinID":550575407,
        "PinOwnerID":1222417854
      },
      "ConnectionType":0,
      "ConnectedWireIndex":-1,
      "ConnectedWireSegmentIndex":-1,
      "Points":[{"x":0.0,"y":0.0},{"x":0.0,"y":0.0}]
    },
    {
      "SourcePinAddress":{
        "PinID":0,
        "PinOwnerID":640702602
      },
      "TargetPinAddress":{
        "PinID":906469898,
        "PinOwnerID":1222417854
      },
      "ConnectionType":0,
      "ConnectedWireIndex":-1,
      "ConnectedWireSegmentIndex":-1,
      "Points":[{"x":0.0,"y":0.0},{"x":0.0,"y":0.0}]
    },
    {
      "SourcePinAddress":{
        "PinID":0,
        "PinOwnerID":234656117
      },
      "TargetPinAddress":{
        "PinID":1327258120,
        "PinOwnerID":1222417854
      },
      "ConnectionType":0,
      "ConnectedWireIndex":-1,
      "ConnectedWireSegmentIndex":-1,
      "Points":[{"x":0.0,"y":0.0},{"x":0.0,"y":0.0}]
    },
    {
      "SourcePinAddress":{
        "PinID":0,
        "PinOwnerID":1884918046
      },
      "TargetPinAddress":{
        "PinID":2052322996,
        "PinOwnerID":1222417854
      },
      "ConnectionType":0,
      "ConnectedWireIndex":-1,
      "ConnectedWireSegmentIndex":-1,
      "Points":[{"x":0.0,"y":0.0},{"x":0.0,"y":0.0}]
    },
    {
      "SourcePinAddress":{
        "PinID":0,
        "PinOwnerID":465307480
      },
      "TargetPinAddress":{
        "PinID":1592377507,
        "PinOwnerID":1222417854
      },
      "ConnectionType":0,
      "ConnectedWireIndex":-1,
      "ConnectedWireSegmentIndex":-1,
      "Points":[{"x":0.0,"y":0.0},{"x":0.0,"y":0.0}]
    },
    {
      "SourcePinAddress":{
        "PinID":0,
        "PinOwnerID":495938530
      },
      "TargetPinAddress":{
        "PinID":1181610485,
        "PinOwnerID":1688544509
      },
      "ConnectionType":0,
      "ConnectedWireIndex":-1,
      "ConnectedWireSegmentIndex":-1,
      "Points":[{"x":0.0,"y":0.0},{"x":0.0,"y":0.0}]
    },
    {
      "SourcePinAddress":{
        "PinID":0,
        "PinOwnerID":2041407819
      },
      "TargetPinAddress":{
        "PinID":498789866,
        "PinOwnerID":1688544509
      },
      "ConnectionType":0,
      "ConnectedWireIndex":-1,
      "ConnectedWireSegmentIndex":-1,
      "Points":[{"x":0.0,"y":0.0},{"x":0.0,"y":0.0}]
    },
    {
      "SourcePinAddress":{
        "PinID":0,
        "PinOwnerID":952163009
      },
      "TargetPinAddress":{
        "PinID":30010606,
        "PinOwnerID":1688544509
      },
      "ConnectionType":0,
      "ConnectedWireIndex":-1,
      "ConnectedWireSegmentIndex":-1,
      "Points":[{"x":0.0,"y":0.0},{"x":0.0,"y":0.0}]
    },
    {
      "SourcePinAddress":{
        "PinID":0,
        "PinOwnerID":321932905
      },
      "TargetPinAddress":{
        "PinID":70077249,
        "PinOwnerID":1688544509
      },
      "ConnectionType":0,
      "ConnectedWireIndex":-1,
      "ConnectedWireSegmentIndex":-1,
      "Points":[{"x":0.0,"y":0.0},{"x":0.0,"y":0.0}]
    },
    {
      "SourcePinAddress":{
        "PinID":0,
        "PinOwnerID":1856866602
      },
      "TargetPinAddress":{
        "PinID":1610115938,
        "PinOwnerID":1688544509
      },
      "ConnectionType":0,
      "ConnectedWireIndex":-1,
      "ConnectedWireSegmentIndex":-1,
      "Points":[{"x":0.0,"y":0.0},{"x":0.0,"y":0.0}]
    },
    {
      "SourcePinAddress":{
        "PinID":0,
        "PinOwnerID":697146664
      },
      "TargetPinAddress":{
        "PinID":2140315642,
        "PinOwnerID":1688544509
      },
      "ConnectionType":0,
      "ConnectedWireIndex":-1,
      "ConnectedWireSegmentIndex":-1,
      "Points":[{"x":0.0,"y":0.0},{"x":0.0,"y":0.0}]
    },
    {
      "SourcePinAddress":{
        "PinID":73798155,
        "PinOwnerID":1222417854
      },
      "TargetPinAddress":{
        "PinID":643740030,
        "PinOwnerID":1508378014
      },
      "ConnectionType":0,
      "ConnectedWireIndex":-1,
      "ConnectedWireSegmentIndex":-1,
      "Points":[{"x":0.0,"y":0.0},{"x":0.0,"y":0.0}]
    },
    {
      "SourcePinAddress":{
        "PinID":609896289,
        "PinOwnerID":1222417854
      },
      "TargetPinAddress":{
        "PinID":643740030,
        "PinOwnerID":2130543860
      },
      "ConnectionType":0,
      "ConnectedWireIndex":-1,
      "ConnectedWireSegmentIndex":-1,
      "Points":[{"x":0.0,"y":0.0},{"x":0.0,"y":0.0}]
    },
    {
      "SourcePinAddress":{
        "PinID":70282740,
        "PinOwnerID":1222417854
      },
      "TargetPinAddress":{
        "PinID":643740030,
        "PinOwnerID":1364889395
      },
      "ConnectionType":0,
      "ConnectedWireIndex":-1,
      "ConnectedWireSegmentIndex":-1,
      "Points":[{"x":0.0,"y":0.0},{"x":0.0,"y":0.0}]
    },
    {
      "SourcePinAddress":{
        "PinID":1458594468,
        "PinOwnerID":1222417854
      },
      "TargetPinAddress":{
        "PinID":643740030,
        "PinOwnerID":1948988103
      },
      "ConnectionType":0,
      "ConnectedWireIndex":-1,
      "ConnectedWireSegmentIndex":-1,
      "Points":[{"x":0.0,"y":0.0},{"x":0.0,"y":0.0}]
    },
    {
      "SourcePinAddress":{
        "PinID":1686933192,
        "PinOwnerID":1948988103
      },
      "TargetPinAddress":{
        "PinID":1879969570,
        "PinOwnerID":879742428
      },
      "ConnectionType":0,
      "ConnectedWireIndex":-1,
      "ConnectedWireSegmentIndex":-1,
      "Points":[{"x":0.0,"y":0.0},{"x":0.0,"y":0.0}]
    },
    {
      "SourcePinAddress":{
        "PinID":1686933192,
        "PinOwnerID":1364889395
      },
      "TargetPinAddress":{
        "PinID":520382674,
        "PinOwnerID":879742428
      },
      "ConnectionType":0,
      "ConnectedWireIndex":-1,
      "ConnectedWireSegmentIndex":-1,
      "Points":[{"x":0.0,"y":0.0},{"x":0.0,"y":0.0}]
    },
    {
      "SourcePinAddress":{
        "PinID":1686933192,
        "PinOwnerID":2130543860
      },
      "TargetPinAddress":{
        "PinID":232070056,
        "PinOwnerID":879742428
      },
      "ConnectionType":0,
      "ConnectedWireIndex":-1,
      "ConnectedWireSegmentIndex":-1,
      "Points":[{"x":0.0,"y":0.0},{"x":0.0,"y":0.0}]
    },
    {
      "SourcePinAddress":{
        "PinID":1686933192,
        "PinOwnerID":1508378014
      },
      "TargetPinAddress":{
        "PinID":980057455,
        "PinOwnerID":879742428
      },
      "ConnectionType":0,
      "ConnectedWireIndex":-1,
      "ConnectedWireSegmentIndex":-1,
      "Points":[{"x":0.0,"y":0.0},{"x":0.0,"y":0.0}]
    },
    {
      "SourcePinAddress":{
        "PinID":47567960,
        "PinOwnerID":1222417854
      },
      "TargetPinAddress":{
        "PinID":977249482,
        "PinOwnerID":1563726410
      },
      "ConnectionType":0,
      "ConnectedWireIndex":-1,
      "ConnectedWireSegmentIndex":-1,
      "Points":[{"x":0.0,"y":0.0},{"x":0.0,"y":0.0}]
    },
    {
      "SourcePinAddress":{
        "PinID":1686933192,
        "PinOwnerID":1563726410
      },
      "TargetPinAddress":{
        "PinID":859366620,
        "PinOwnerID":879742428
      },
      "ConnectionType":0,
      "ConnectedWireIndex":-1,
      "ConnectedWireSegmentIndex":-1,
      "Points":[{"x":0.0,"y":0.0},{"x":0.0,"y":0.0}]
    },
    {
      "SourcePinAddress":{
        "PinID":936272551,
        "PinOwnerID":1688544509
      },
      "TargetPinAddress":{
        "PinID":851630336,
        "PinOwnerID":2096457401
      },
      "ConnectionType":0,
      "ConnectedWireIndex":-1,
      "ConnectedWireSegmentIndex":-1,
      "Points":[{"x":0.0,"y":0.0},{"x":-15.42896,"y":-2.75873},{"x":-15.56231,"y":-7.36891},{"x":-7.94219,"y":-7.34986},{"x":-7.82789,"y":-4.20656},{"x":0.0,"y":0.0}]
    },
    {
      "SourcePinAddress":{
        "PinID":47567960,
        "PinOwnerID":1222417854
      },
      "TargetPinAddress":{
        "PinID":1116892438,
        "PinOwnerID":2096457401
      },
      "ConnectionType":0,
      "ConnectedWireIndex":-1,
      "ConnectedWireSegmentIndex":-1,
      "Points":[{"x":0.0,"y":0.0},{"x":0.0,"y":0.0}]
    },
    {
      "SourcePinAddress":{
        "PinID":787439702,
        "PinOwnerID":2096457401
      },
      "TargetPinAddress":{
        "PinID":231462753,
        "PinOwnerID":879742428
      },
      "ConnectionType":0,
      "ConnectedWireIndex":-1,
      "ConnectedWireSegmentIndex":-1,
      "Points":[{"x":0.0,"y":0.0},{"x":-6.18957,"y":-4.18751},{"x":-6.20862,"y":-3.00639},{"x":0.0,"y":0.0}]
    },
    {
      "SourcePinAddress":{
        "PinID":1521713449,
        "PinOwnerID":1688544509
      },
      "TargetPinAddress":{
        "PinID":643740030,
        "PinOwnerID":1563726410
      },
      "ConnectionType":0,
      "ConnectedWireIndex":-1,
      "ConnectedWireSegmentIndex":-1,
      "Points":[{"x":0.0,"y":0.0},{"x":-15.20036,"y":-2.14912},{"x":-15.35276,"y":-7.1784},{"x":-8.1708,"y":-7.1403},{"x":-8.07555,"y":-3.02544},{"x":0.0,"y":0.0}]
    },
    {
      "SourcePinAddress":{
        "PinID":166272076,
        "PinOwnerID":1688544509
      },
      "TargetPinAddress":{
        "PinID":1526064495,
        "PinOwnerID":879742428
      },
      "ConnectionType":0,
      "ConnectedWireIndex":-1,
      "ConnectedWireSegmentIndex":-1,
      "Points":[{"x":0.0,"y":0.0},{"x":-15.04796,"y":-1.59666},{"x":-15.16226,"y":-7.00695},{"x":-8.3613,"y":-6.9879},{"x":-8.247,"y":-3.31119},{"x":0.0,"y":0.0}]
    },
    {
      "SourcePinAddress":{
        "PinID":1468227047,
        "PinOwnerID":1688544509
      },
      "TargetPinAddress":{
        "PinID":2099051728,
        "PinOwnerID":879742428
      },
      "ConnectionType":0,
      "ConnectedWireIndex":-1,
      "ConnectedWireSegmentIndex":-1,
      "Points":[{"x":0.0,"y":0.0},{"x":-14.81935,"y":-0.968},{"x":-14.8765,"y":-6.89265},{"x":-8.53275,"y":-6.7974},{"x":-8.45655,"y":-3.67315},{"x":0.0,"y":0.0}]
    },
    {
      "SourcePinAddress":{
        "PinID":47567960,
        "PinOwnerID":291698057
      },
      "TargetPinAddress":{
        "PinID":1042965712,
        "PinOwnerID":2096457401
      },
      "ConnectionType":0,
      "ConnectedWireIndex":-1,
      "ConnectedWireSegmentIndex":-1,
      "Points":[{"x":0.0,"y":0.0},{"x":-20.33035,"y":-6.82111},{"x":-8.74998,"y":-6.6922},{"x":-8.66404,"y":-4.47925},{"x":0.0,"y":0.0}]
    },
    {
      "SourcePinAddress":{
        "PinID":1458594468,
        "PinOwnerID":291698057
      },
      "TargetPinAddress":{
        "PinID":977249482,
        "PinOwnerID":1948988103
      },
      "ConnectionType":0,
      "ConnectedWireIndex":-1,
      "ConnectedWireSegmentIndex":-1,
      "Points":[{"x":0.0,"y":0.0},{"x":-20.01299,"y":-0.04182},{"x":-20.05749,"y":3.78524},{"x":-7.41927,"y":3.76299},{"x":0.0,"y":0.0}]
    },
    {
      "SourcePinAddress":{
        "PinID":70282740,
        "PinOwnerID":291698057
      },
      "TargetPinAddress":{
        "PinID":977249482,
        "PinOwnerID":1364889395
      },
      "ConnectionType":0,
      "ConnectedWireIndex":-1,
      "ConnectedWireSegmentIndex":-1,
      "Points":[{"x":0.0,"y":0.0},{"x":-19.81274,"y":-1.02084},{"x":-19.83499,"y":3.54049},{"x":-7.70852,"y":3.49599},{"x":-7.59727,"y":-0.46458},{"x":0.0,"y":0.0}]
    },
    {
      "SourcePinAddress":{
        "PinID":609896289,
        "PinOwnerID":291698057
      },
      "TargetPinAddress":{
        "PinID":977249482,
        "PinOwnerID":2130543860
      },
      "ConnectionType":0,
      "ConnectedWireIndex":-1,
      "ConnectedWireSegmentIndex":-1,
      "Points":[{"x":0.0,"y":0.0},{"x":-19.59023,"y":-1.88861},{"x":-19.59023,"y":3.22898},{"x":-7.93103,"y":3.22898},{"x":-7.75302,"y":-1.15434},{"x":0.0,"y":0.0}]
    },
    {
      "SourcePinAddress":{
        "PinID":73798155,
        "PinOwnerID":291698057
      },
      "TargetPinAddress":{
        "PinID":977249482,
        "PinOwnerID":1508378014
      },
      "ConnectionType":0,
      "ConnectedWireIndex":-1,
      "ConnectedWireSegmentIndex":-1,
      "Points":[{"x":0.0,"y":0.0},{"x":-19.34548,"y":-2.93438},{"x":-19.38998,"y":2.93973},{"x":-8.17578,"y":2.98423},{"x":-8.08678,"y":-1.82186},{"x":0.0,"y":0.0}]
    }
  ],
  "Displays": null
}