{
  "DLSVersion": "2.1.6",
  "Name": "COMPARATOR",
  "NameLocation": 0,
  "ChipType": 0,
  "Size": {
    "x": 1.625,
    "y": 0.75
  },
  "Colour": {
    "r": 0.254684329,
    "g": 0.6052818,
    "b": 0.191546068,
    "a": 1
  },
  "InputPins":[
    {
      "Name":"A",
      "ID":1138530598,
      "Position":{
        "x":-13.7401,
        "y":4.68378
      },
      "BitCount":1,
      "Colour":0,
      "ValueDisplayMode":0
    },
    {
      "Name":"B",
      "ID":1346201759,
      "Position":{
        "x":-13.7401,
        "y":1.81487
      },
      "BitCount":1,
      "Colour":0,
      "ValueDisplayMode":0
    }
  ],
  "OutputPins":[
    {
      "Name":"A>B",
      "ID":198178582,
      "Position":{
        "x":2.71326,
        "y":5.28956
      },
      "BitCount":1,
      "Colour":0,
      "ValueDisplayMode":0
    },
    {
      "Name":"A=B",
      "ID":2051286801,
      "Position":{
        "x":2.67897,
        "y":3.36934
      },
      "BitCount":1,
      "Colour":0,
      "ValueDisplayMode":0
    },
    {
      "Name":"A<B",
      "ID":807836300,
      "Position":{
        "x":2.71326,
        "y":1.58627
      },
      "BitCount":1,
      "Colour":0,
      "ValueDisplayMode":0
    }
  ],
  "SubChips":[
    {
      "Name":"AND",
      "ID":1119575393,
      "Label":"",
      "Position":{
        "x":-5.64201,
        "y":3.59794
      },
      "OutputPinColourInfo":[{"PinColour":0,"PinID":1834173622}],
      "InternalData":null
    },
    {
      "Name":"AND",
      "ID":1405787074,
      "Label":"",
      "Position":{
        "x":-5.63058,
        "y":3.00358
      },
      "OutputPinColourInfo":[{"PinColour":0,"PinID":1834173622}],
      "InternalData":null
    },
    {
      "Name":"XNOR",
      "ID":1118712476,
      "Label":"",
      "Position":{
        "x":-4.05325,
        "y":3.28361
      },
      "OutputPinColourInfo":[{"PinColour":0,"PinID":1556263247}],
      "InternalData":null
    },
    {
      "Name":"NOT",
      "ID":390395227,
      "Label":"",
      "Position":{
        "x":-8.05372,
        "y":3.44363
      },
      "OutputPinColourInfo":[{"PinColour":0,"PinID":329703237}],
      "InternalData":null
    },
    {
      "Name":"NOT",
      "ID":2009486085,
      "Label":"",
      "Position":{
        "x":-8.05372,
        "y":2.86071
      },
      "OutputPinColourInfo":[{"PinColour":0,"PinID":329703237}],
      "InternalData":null
    }
  ],
  "Wires":[
    {
      "SourcePinAddress":{
        "PinID":0,
        "PinOwnerID":1138530598
      },
      "TargetPinAddress":{
        "PinID":1479226400,
        "PinOwnerID":1119575393
      },
      "ConnectionType":0,
      "ConnectedWireIndex":-1,
      "ConnectedWireSegmentIndex":-1,
      "Points":[{"x":0.0,"y":0.0},{"x":0.0,"y":0.0}]
    },
    {
      "SourcePinAddress":{
        "PinID":0,
        "PinOwnerID":1346201759
      },
      "TargetPinAddress":{
        "PinID":267671138,
        "PinOwnerID":1405787074
      },
      "ConnectionType":0,
      "ConnectedWireIndex":-1,
      "ConnectedWireSegmentIndex":-1,
      "Points":[{"x":0.0,"y":0.0},{"x":0.0,"y":0.0}]
    },
    {
      "SourcePinAddress":{
        "PinID":0,
        "PinOwnerID":1346201759
      },
      "TargetPinAddress":{
        "PinID":592835066,
        "PinOwnerID":2009486085
      },
      "ConnectionType":0,
      "ConnectedWireIndex":-1,
      "ConnectedWireSegmentIndex":-1,
      "Points":[{"x":0.0,"y":0.0},{"x":0.0,"y":0.0}]
    },
    {
      "SourcePinAddress":{
        "PinID":0,
        "PinOwnerID":1138530598
      },
      "TargetPinAddress":{
        "PinID":592835066,
        "PinOwnerID":390395227
      },
      "ConnectionType":0,
      "ConnectedWireIndex":-1,
      "ConnectedWireSegmentIndex":-1,
      "Points":[{"x":0.0,"y":0.0},{"x":0.0,"y":0.0}]
    },
    {
      "SourcePinAddress":{
        "PinID":329703237,
        "PinOwnerID":390395227
      },
      "TargetPinAddress":{
        "PinID":1479226400,
        "PinOwnerID":1405787074
      },
      "ConnectionType":0,
      "ConnectedWireIndex":-1,
      "ConnectedWireSegmentIndex":-1,
      "Points":[{"x":0.0,"y":0.0},{"x":0.0,"y":0.0}]
    },
    {
      "SourcePinAddress":{
        "PinID":329703237,
        "PinOwnerID":2009486085
      },
      "TargetPinAddress":{
        "PinID":267671138,
        "PinOwnerID":1119575393
      },
      "ConnectionType":0,
      "ConnectedWireIndex":-1,
      "ConnectedWireSegmentIndex":-1,
      "Points":[{"x":0.0,"y":0.0},{"x":0.0,"y":0.0}]
    },
    {
      "SourcePinAddress":{
        "PinID":1834173622,
        "PinOwnerID":1119575393
      },
      "TargetPinAddress":{
        "PinID":1594264926,
        "PinOwnerID":1118712476
      },
      "ConnectionType":0,
      "ConnectedWireIndex":-1,
      "ConnectedWireSegmentIndex":-1,
      "Points":[{"x":0.0,"y":0.0},{"x":0.0,"y":0.0}]
    },
    {
      "SourcePinAddress":{
        "PinID":1834173622,
        "PinOwnerID":1405787074
      },
      "TargetPinAddress":{
        "PinID":1830648072,
        "PinOwnerID":1118712476
      },
      "ConnectionType":0,
      "ConnectedWireIndex":-1,
      "ConnectedWireSegmentIndex":-1,
      "Points":[{"x":0.0,"y":0.0},{"x":0.0,"y":0.0}]
    },
    {
      "SourcePinAddress":{
        "PinID":1556263247,
        "PinOwnerID":1118712476
      },
      "TargetPinAddress":{
        "PinID":0,
        "PinOwnerID":2051286801
      },
      "ConnectionType":0,
      "ConnectedWireIndex":-1,
      "ConnectedWireSegmentIndex":-1,
      "Points":[{"x":0.0,"y":0.0},{"x":0.0,"y":0.0}]
    },
    {
      "SourcePinAddress":{
        "PinID":1834173622,
        "PinOwnerID":1119575393
      },
      "TargetPinAddress":{
        "PinID":0,
        "PinOwnerID":198178582
      },
      "ConnectionType":0,
      "ConnectedWireIndex":-1,
      "ConnectedWireSegmentIndex":-1,
      "Points":[{"x":0.0,"y":0.0},{"x":0.0,"y":0.0}]
    },
    {
      "SourcePinAddress":{
        "PinID":1834173622,
        "PinOwnerID":1405787074
      },
      "TargetPinAddress":{
        "PinID":0,
        "PinOwnerID":807836300
      },
      "ConnectionType":0,
      "ConnectedWireIndex":-1,
      "ConnectedWireSegmentIndex":-1,
      "Points":[{"x":0.0,"y":0.0},{"x":0.0,"y":0.0}]
    }
  ],
  "Displays": null
}