{
  "DLSVersion": "2.1.6",
  "Name": "CONST",
  "NameLocation": 0,
  "ChipType": 0,
  "Size": {
    "x": 0.875,
    "y": 0.5
  },
  "Colour": {
    "r": 0.27147904,
    "g": 0.326038748,
    "b": 0.6272503,
    "a": 1
  },
  "InputPins":[
    {
      "Name":"IN",
      "ID":1586349065,
      "Position":{
        "x":-20.17342,
        "y":-3.67045
      },
      "BitCount":1,
      "Colour":0,
      "ValueDisplayMode":0
    },
    {
      "Name":"IN",
      "ID":2076189384,
      "Position":{
        "x":-20.17342,
        "y":-5.02921
      },
      "BitCount":1,
      "Colour":0,
      "ValueDisplayMode":0
    }
  ],
  "OutputPins":[
    {
      "Name":"OUT",
      "ID":318973679,
      "Position":{
        "x":-15.48405,
        "y":-4.46582
      },
      "BitCount":1,
      "Colour":0,
      "ValueDisplayMode":0
    }
  ],
  "SubChips":[
    {
      "Name":"OR",
      "ID":1936176525,
      "Label":"",
      "Position":{
        "x":-16.99194,
        "y":-4.43268
      },
      "OutputPinColourInfo":[{"PinColour":0,"PinID":1686933192}],
      "InternalData":null
    },
    {
      "Name":"NOT",
      "ID":1492204524,
      "Label":"",
      "Position":{
        "x":-17.87016,
        "y":-4.68123
      },
      "OutputPinColourInfo":[{"PinColour":0,"PinID":329703237}],
      "InternalData":null
    }
  ],
  "Wires":[
    {
      "SourcePinAddress":{
        "PinID":0,
        "PinOwnerID":2076189384
      },
      "TargetPinAddress":{
        "PinID":592835066,
        "PinOwnerID":1492204524
      },
      "ConnectionType":0,
      "ConnectedWireIndex":-1,
      "ConnectedWireSegmentIndex":-1,
      "Points":[{"x":0.0,"y":0.0},{"x":0.0,"y":0.0}]
    },
    {
      "SourcePinAddress":{
        "PinID":329703237,
        "PinOwnerID":1492204524
      },
      "TargetPinAddress":{
        "PinID":643740030,
        "PinOwnerID":1936176525
      },
      "ConnectionType":0,
      "ConnectedWireIndex":-1,
      "ConnectedWireSegmentIndex":-1,
      "Points":[{"x":0.0,"y":0.0},{"x":0.0,"y":0.0}]
    },
    {
      "SourcePinAddress":{
        "PinID":0,
        "PinOwnerID":1586349065
      },
      "TargetPinAddress":{
        "PinID":977249482,
        "PinOwnerID":1936176525
      },
      "ConnectionType":0,
      "ConnectedWireIndex":-1,
      "ConnectedWireSegmentIndex":-1,
      "Points":[{"x":0.0,"y":0.0},{"x":0.0,"y":0.0}]
    },
    {
      "SourcePinAddress":{
        "PinID":1686933192,
        "PinOwnerID":1936176525
      },
      "TargetPinAddress":{
        "PinID":0,
        "PinOwnerID":318973679
      },
      "ConnectionType":0,
      "ConnectedWireIndex":-1,
      "ConnectedWireSegmentIndex":-1,
      "Points":[{"x":0.0,"y":0.0},{"x":0.0,"y":0.0}]
    }
  ],
  "Displays": null
}