{
  "DLSVersion": "2.1.6",
  "Name": "CONTROL UNIT",
  "NameLocation": 0,
  "ChipType": 0,
  "Size": {
    "x": 1.25,
    "y": 3.5
  },
  "Colour": {
    "r": 0.2877027,
    "g": 0.6574845,
    "b": 0.274574161,
    "a": 1
  },
  "InputPins":[
    {
      "Name":"A3",
      "ID":1251535064,
      "Position":{
        "x":-12.425,
        "y":5.3084
      },
      "BitCount":1,
      "Colour":0,
      "ValueDisplayMode":0
    },
    {
      "Name":"A2",
      "ID":79929901,
      "Position":{
        "x":-12.425,
        "y":4.75628
      },
      "BitCount":1,
      "Colour":0,
      "ValueDisplayMode":0
    },
    {
      "Name":"A1",
      "ID":1932598672,
      "Position":{
        "x":-12.425,
        "y":4.15028
      },
      "BitCount":1,
      "Colour":0,
      "ValueDisplayMode":0
    },
    {
      "Name":"A0",
      "ID":1831078387,
      "Position":{
        "x":-12.425,
        "y":3.53082
      },
      "BitCount":1,
      "Colour":0,
      "ValueDisplayMode":0
    },
    {
      "Name":"IN",
      "ID":403541703,
      "Position":{
        "x":-12.425,
        "y":0.72978
      },
      "BitCount":1,
      "Colour":0,
      "ValueDisplayMode":0
    },
    {
      "Name":"IN",
      "ID":1790546607,
      "Position":{
        "x":-12.425,
        "y":0.20459
      },
      "BitCount":1,
      "Colour":0,
      "ValueDisplayMode":0
    },
    {
      "Name":"IN",
      "ID":1691032317,
      "Position":{
        "x":-12.425,
        "y":-0.36101
      },
      "BitCount":1,
      "Colour":0,
      "ValueDisplayMode":0
    }
  ],
  "OutputPins":[
    {
      "Name":"D3",
      "ID":1771008241,
      "Position":{
        "x":6.96008,
        "y":5.13334
      },
      "BitCount":1,
      "Colour":0,
      "ValueDisplayMode":0
    },
    {
      "Name":"D2",
      "ID":1373480795,
      "Position":{
        "x":6.96008,
        "y":4.56774
      },
      "BitCount":1,
      "Colour":0,
      "ValueDisplayMode":0
    },
    {
      "Name":"D1",
      "ID":1532281307,
      "Position":{
        "x":6.96008,
        "y":3.96175
      },
      "BitCount":1,
      "Colour":0,
      "ValueDisplayMode":0
    },
    {
      "Name":"D0",
      "ID":454207127,
      "Position":{
        "x":6.96008,
        "y":3.38269
      },
      "BitCount":1,
      "Colour":0,
      "ValueDisplayMode":0
    },
    {
      "Name":"ENB",
      "ID":1925285996,
      "Position":{
        "x":6.96008,
        "y":2.5747
      },
      "BitCount":1,
      "Colour":0,
      "ValueDisplayMode":0
    },
    {
      "Name":"STORE A",
      "ID":82286499,
      "Position":{
        "x":6.96008,
        "y":1.63204
      },
      "BitCount":1,
      "Colour":0,
      "ValueDisplayMode":0
    },
    {
      "Name":"STORE B",
      "ID":1257701854,
      "Position":{
        "x":6.96008,
        "y":1.14724
      },
      "BitCount":1,
      "Colour":0,
      "ValueDisplayMode":0
    },
    {
      "Name":"ADD",
      "ID":2116695813,
      "Position":{
        "x":6.96008,
        "y":0.54125
      },
      "BitCount":1,
      "Colour":0,
      "ValueDisplayMode":0
    },
    {
      "Name":"SUB",
      "ID":1034145797,
      "Position":{
        "x":6.96008,
        "y":0.09686
      },
      "BitCount":1,
      "Colour":0,
      "ValueDisplayMode":0
    },
    {
      "Name":"MUL",
      "ID":628618310,
      "Position":{
        "x":6.96008,
        "y":-0.6842
      },
      "BitCount":1,
      "Colour":0,
      "ValueDisplayMode":0
    },
    {
      "Name":"DIV",
      "ID":677781504,
      "Position":{
        "x":6.96008,
        "y":-1.15553
      },
      "BitCount":1,
      "Colour":0,
      "ValueDisplayMode":0
    },
    {
      "Name":"RAM STORE",
      "ID":162123033,
      "Position":{
        "x":6.96008,
        "y":-2.04432
      },
      "BitCount":1,
      "Colour":0,
      "ValueDisplayMode":0
    },
    {
      "Name":"RAM OUT",
      "ID":1921997803,
      "Position":{
        "x":6.96008,
        "y":-2.52912
      },
      "BitCount":1,
      "Colour":0,
      "ValueDisplayMode":0
    }
  ],
  "SubChips":[
    {
      "Name":"NOT",
      "ID":1969204135,
      "Label":"",
      "Position":{
        "x":-7.45585,
        "y":-0.10514
      },
      "OutputPinColourInfo":[{"PinColour":0,"PinID":329703237}],
      "InternalData":null
    },
    {
      "Name":"OR",
      "ID":943710556,
      "Label":"",
      "Position":{
        "x":-8.78903,
        "y":-0.11861
      },
      "OutputPinColourInfo":[{"PinColour":0,"PinID":1686933192}],
      "InternalData":null
    },
    {
      "Name":"AND",
      "ID":1282457389,
      "Label":"",
      "Position":{
        "x":-5.04534,
        "y":-1.26326
      },
      "OutputPinColourInfo":[{"PinColour":0,"PinID":1834173622}],
      "InternalData":null
    },
    {
      "Name":"AND",
      "ID":176647636,
      "Label":"",
      "Position":{
        "x":-4.66828,
        "y":-0.41487
      },
      "OutputPinColourInfo":[{"PinColour":0,"PinID":1834173622}],
      "InternalData":null
    },
    {
      "Name":"NOT",
      "ID":988023040,
      "Label":"",
      "Position":{
        "x":-5.63787,
        "y":-0.33407
      },
      "OutputPinColourInfo":[{"PinColour":0,"PinID":329703237}],
      "InternalData":null
    },
    {
      "Name":"NOT",
      "ID":2038522318,
      "Label":"",
      "Position":{
        "x":-8.81597,
        "y":-2.51565
      },
      "OutputPinColourInfo":[{"PinColour":0,"PinID":329703237}],
      "InternalData":null
    },
    {
      "Name":"NOT",
      "ID":1300211251,
      "Label":"",
      "Position":{
        "x":-8.7621,
        "y":-3.31018
      },
      "OutputPinColourInfo":[{"PinColour":0,"PinID":329703237}],
      "InternalData":null
    },
    {
      "Name":"AND 3",
      "ID":1621633319,
      "Label":"",
      "Position":{
        "x":-6.67479,
        "y":-2.97351
      },
      "OutputPinColourInfo":[{"PinColour":0,"PinID":736417241}],
      "InternalData":null
    },
    {
      "Name":"AND 3",
      "ID":1221491314,
      "Label":"",
      "Position":{
        "x":-6.69333,
        "y":-4.77041
      },
      "OutputPinColourInfo":[{"PinColour":0,"PinID":736417241}],
      "InternalData":null
    },
    {
      "Name":"AND 3",
      "ID":2020195219,
      "Label":"",
      "Position":{
        "x":-6.71877,
        "y":-6.88243
      },
      "OutputPinColourInfo":[{"PinColour":0,"PinID":736417241}],
      "InternalData":null
    },
    {
      "Name":"AND 3",
      "ID":1875782646,
      "Label":"",
      "Position":{
        "x":-6.66788,
        "y":-8.81632
      },
      "OutputPinColourInfo":[{"PinColour":0,"PinID":736417241}],
      "InternalData":null
    },
    {
      "Name":"AND 3",
      "ID":1130948645,
      "Label":"",
      "Position":{
        "x":-6.66788,
        "y":-10.95378
      },
      "OutputPinColourInfo":[{"PinColour":0,"PinID":736417241}],
      "InternalData":null
    },
    {
      "Name":"NOT",
      "ID":98183222,
      "Label":"",
      "Position":{
        "x":-7.84937,
        "y":-5.06115
      },
      "OutputPinColourInfo":[{"PinColour":0,"PinID":329703237}],
      "InternalData":null
    },
    {
      "Name":"NOT",
      "ID":736209725,
      "Label":"",
      "Position":{
        "x":-7.96254,
        "y":-6.43334
      },
      "OutputPinColourInfo":[{"PinColour":0,"PinID":329703237}],
      "InternalData":null
    },
    {
      "Name":"NOT",
      "ID":1410649043,
      "Label":"",
      "Position":{
        "x":-7.96254,
        "y":-6.88602
      },
      "OutputPinColourInfo":[{"PinColour":0,"PinID":329703237}],
      "InternalData":null
    },
    {
      "Name":"NOT",
      "ID":1357382609,
      "Label":"",
      "Position":{
        "x":-8.08986,
        "y":-8.85235
      },
      "OutputPinColourInfo":[{"PinColour":0,"PinID":329703237}],
      "InternalData":null
    },
    {
      "Name":"NOT",
      "ID":148056340,
      "Label":"",
      "Position":{
        "x":-8.07913,
        "y":-10.6636
      },
      "OutputPinColourInfo":[{"PinColour":0,"PinID":329703237}],
      "InternalData":null
    },
    {
      "Name":"OR 4",
      "ID":2047230869,
      "Label":"",
      "Position":{
        "x":0.71741,
        "y":-3.8773
      },
      "OutputPinColourInfo":[{"PinColour":0,"PinID":1092352385}],
      "InternalData":null
    }
  ],
  "Wires":[
    {
      "SourcePinAddress":{
        "PinID":1686933192,
        "PinOwnerID":943710556
      },
      "TargetPinAddress":{
        "PinID":592835066,
        "PinOwnerID":1969204135
      },
      "ConnectionType":0,
      "ConnectedWireIndex":-1,
      "ConnectedWireSegmentIndex":-1,
      "Points":[{"x":0.0,"y":0.0},{"x":0.0,"y":0.0}]
    },
    {
      "SourcePinAddress":{
        "PinID":329703237,
        "PinOwnerID":1969204135
      },
      "TargetPinAddress":{
        "PinID":0,
        "PinOwnerID":1925285996
      },
      "ConnectionType":0,
      "ConnectedWireIndex":-1,
      "ConnectedWireSegmentIndex":-1,
      "Points":[{"x":0.0,"y":0.0},{"x":0.0,"y":0.0}]
    },
    {
      "SourcePinAddress":{
        "PinID":0,
        "PinOwnerID":1790546607
      },
      "TargetPinAddress":{
        "PinID":977249482,
        "PinOwnerID":943710556
      },
      "ConnectionType":0,
      "ConnectedWireIndex":-1,
      "ConnectedWireSegmentIndex":-1,
      "Points":[{"x":0.0,"y":0.0},{"x":0.0,"y":0.0}]
    },
    {
      "SourcePinAddress":{
        "PinID":0,
        "PinOwnerID":1691032317
      },
      "TargetPinAddress":{
        "PinID":643740030,
        "PinOwnerID":943710556
      },
      "ConnectionType":0,
      "ConnectedWireIndex":-1,
      "ConnectedWireSegmentIndex":-1,
      "Points":[{"x":0.0,"y":0.0},{"x":0.0,"y":0.0}]
    },
    {
      "SourcePinAddress":{
        "PinID":0,
        "PinOwnerID":1831078387
      },
      "TargetPinAddress":{
        "PinID":0,
        "PinOwnerID":454207127
      },
      "ConnectionType":0,
      "ConnectedWireIndex":-1,
      "ConnectedWireSegmentIndex":-1,
      "Points":[{"x":0.0,"y":0.0},{"x":0.0,"y":0.0}]
    },
    {
      "SourcePinAddress":{
        "PinID":0,
        "PinOwnerID":1932598672
      },
      "TargetPinAddress":{
        "PinID":0,
        "PinOwnerID":1532281307
      },
      "ConnectionType":0,
      "ConnectedWireIndex":-1,
      "ConnectedWireSegmentIndex":-1,
      "Points":[{"x":0.0,"y":0.0},{"x":0.0,"y":0.0}]
    },
    {
      "SourcePinAddress":{
        "PinID":0,
        "PinOwnerID":79929901
      },
      "TargetPinAddress":{
        "PinID":0,
        "PinOwnerID":1373480795
      },
      "ConnectionType":0,
      "ConnectedWireIndex":-1,
      "ConnectedWireSegmentIndex":-1,
      "Points":[{"x":0.0,"y":0.0},{"x":0.0,"y":0.0}]
    },
    {
      "SourcePinAddress":{
        "PinID":0,
        "PinOwnerID":1251535064
      },
      "TargetPinAddress":{
        "PinID":0,
        "PinOwnerID":1771008241
      },
      "ConnectionType":0,
      "ConnectedWireIndex":-1,
      "ConnectedWireSegmentIndex":-1,
      "Points":[{"x":0.0,"y":0.0},{"x":0.0,"y":0.0}]
    },
    {
      "SourcePinAddress":{
        "PinID":0,
        "PinOwnerID":403541703
      },
      "TargetPinAddress":{
        "PinID":1479226400,
        "PinOwnerID":1282457389
      },
      "ConnectionType":0,
      "ConnectedWireIndex":-1,
      "ConnectedWireSegmentIndex":-1,
      "Points":[{"x":0.0,"y":0.0},{"x":-10.45889,"y":0.63552},{"x":-10.58008,"y":-0.89967},{"x":0.0,"y":0.0}]
    },
    {
      "SourcePinAddress":{
        "PinID":329703237,
        "PinOwnerID":1969204135
      },
      "TargetPinAddress":{
        "PinID":267671138,
        "PinOwnerID":1282457389
      },
      "ConnectionType":1,
      "ConnectedWireIndex":1,
      "ConnectedWireSegmentIndex":0,
      "Points":[{"x":-6.59503,"y":0.00778},{"x":-6.52666,"y":-1.54606},{"x":0.0,"y":0.0}]
    },
    {
      "SourcePinAddress":{
        "PinID":1834173622,
        "PinOwnerID":1282457389
      },
      "TargetPinAddress":{
        "PinID":0,
        "PinOwnerID":1257701854
      },
      "ConnectionType":0,
      "ConnectedWireIndex":-1,
      "ConnectedWireSegmentIndex":-1,
      "Points":[{"x":0.0,"y":0.0},{"x":4.05804,"y":-1.3306},{"x":4.09844,"y":1.14724},{"x":0.0,"y":0.0}]
    },
    {
      "SourcePinAddress":{
        "PinID":0,
        "PinOwnerID":403541703
      },
      "TargetPinAddress":{
        "PinID":592835066,
        "PinOwnerID":988023040
      },
      "ConnectionType":1,
      "ConnectedWireIndex":8,
      "ConnectedWireSegmentIndex":2,
      "Points":[{"x":-6.89177,"y":-1.0677},{"x":-6.84985,"y":-0.29367},{"x":0.0,"y":0.0}]
    },
    {
      "SourcePinAddress":{
        "PinID":329703237,
        "PinOwnerID":988023040
      },
      "TargetPinAddress":{
        "PinID":1479226400,
        "PinOwnerID":176647636
      },
      "ConnectionType":0,
      "ConnectedWireIndex":-1,
      "ConnectedWireSegmentIndex":-1,
      "Points":[{"x":0.0,"y":0.0},{"x":0.0,"y":0.0}]
    },
    {
      "SourcePinAddress":{
        "PinID":329703237,
        "PinOwnerID":1969204135
      },
      "TargetPinAddress":{
        "PinID":267671138,
        "PinOwnerID":176647636
      },
      "ConnectionType":1,
      "ConnectedWireIndex":9,
      "ConnectedWireSegmentIndex":0,
      "Points":[{"x":-6.56333,"y":-0.71275},{"x":0.0,"y":0.0}]
    },
    {
      "SourcePinAddress":{
        "PinID":1834173622,
        "PinOwnerID":176647636
      },
      "TargetPinAddress":{
        "PinID":0,
        "PinOwnerID":82286499
      },
      "ConnectionType":0,
      "ConnectedWireIndex":-1,
      "ConnectedWireSegmentIndex":-1,
      "Points":[{"x":0.0,"y":0.0},{"x":3.68098,"y":-0.54954},{"x":3.74831,"y":1.72631},{"x":0.0,"y":0.0}]
    },
    {
      "SourcePinAddress":{
        "PinID":0,
        "PinOwnerID":403541703
      },
      "TargetPinAddress":{
        "PinID":592835066,
        "PinOwnerID":2038522318
      },
      "ConnectionType":1,
      "ConnectedWireIndex":8,
      "ConnectedWireSegmentIndex":0,
      "Points":[{"x":-10.89035,"y":0.66896},{"x":-10.79555,"y":-2.34059},{"x":0.0,"y":0.0}]
    },
    {
      "SourcePinAddress":{
        "PinID":0,
        "PinOwnerID":1691032317
      },
      "TargetPinAddress":{
        "PinID":592835066,
        "PinOwnerID":1300211251
      },
      "ConnectionType":1,
      "ConnectedWireIndex":3,
      "ConnectedWireSegmentIndex":0,
      "Points":[{"x":-11.22676,"y":-0.34125},{"x":-11.22648,"y":-3.33711},{"x":0.0,"y":0.0}]
    },
    {
      "SourcePinAddress":{
        "PinID":0,
        "PinOwnerID":1790546607
      },
      "TargetPinAddress":{
        "PinID":1053466565,
        "PinOwnerID":1621633319
      },
      "ConnectionType":1,
      "ConnectedWireIndex":2,
      "ConnectedWireSegmentIndex":0,
      "Points":[{"x":-11.10543,"y":0.1622},{"x":-11.01101,"y":-2.86578},{"x":-7.80598,"y":-2.97351},{"x":0.0,"y":0.0}]
    },
    {
      "SourcePinAddress":{
        "PinID":329703237,
        "PinOwnerID":2038522318
      },
      "TargetPinAddress":{
        "PinID":241641952,
        "PinOwnerID":1621633319
      },
      "ConnectionType":0,
      "ConnectedWireIndex":-1,
      "ConnectedWireSegmentIndex":-1,
      "Points":[{"x":0.0,"y":0.0},{"x":0.0,"y":0.0}]
    },
    {
      "SourcePinAddress":{
        "PinID":329703237,
        "PinOwnerID":1300211251
      },
      "TargetPinAddress":{
        "PinID":1236949195,
        "PinOwnerID":1621633319
      },
      "ConnectionType":0,
      "ConnectedWireIndex":-1,
      "ConnectedWireSegmentIndex":-1,
      "Points":[{"x":0.0,"y":0.0},{"x":0.0,"y":0.0}]
    },
    {
      "SourcePinAddress":{
        "PinID":736417241,
        "PinOwnerID":1621633319
      },
      "TargetPinAddress":{
        "PinID":0,
        "PinOwnerID":2116695813
      },
      "ConnectionType":0,
      "ConnectedWireIndex":-1,
      "ConnectedWireSegmentIndex":-1,
      "Points":[{"x":0.0,"y":0.0},{"x":4.34084,"y":-2.97351},{"x":4.38124,"y":0.70285},{"x":0.0,"y":0.0}]
    },
    {
      "SourcePinAddress":{
        "PinID":0,
        "PinOwnerID":1691032317
      },
      "TargetPinAddress":{
        "PinID":1236949195,
        "PinOwnerID":1130948645
      },
      "ConnectionType":1,
      "ConnectedWireIndex":16,
      "ConnectedWireSegmentIndex":1,
      "Points":[{"x":-11.22256,"y":-3.33706},{"x":-11.18333,"y":-11.15243},{"x":0.0,"y":0.0}]
    },
    {
      "SourcePinAddress":{
        "PinID":0,
        "PinOwnerID":1691032317
      },
      "TargetPinAddress":{
        "PinID":1236949195,
        "PinOwnerID":1875782646
      },
      "ConnectionType":1,
      "ConnectedWireIndex":21,
      "ConnectedWireSegmentIndex":0,
      "Points":[{"x":-11.19379,"y":-9.06744},{"x":0.0,"y":0.0}]
    },
    {
      "SourcePinAddress":{
        "PinID":0,
        "PinOwnerID":1691032317
      },
      "TargetPinAddress":{
        "PinID":1236949195,
        "PinOwnerID":2020195219
      },
      "ConnectionType":1,
      "ConnectedWireIndex":21,
      "ConnectedWireSegmentIndex":0,
      "Points":[{"x":-11.20367,"y":-7.09946},{"x":0.0,"y":0.0}]
    },
    {
      "SourcePinAddress":{
        "PinID":329703237,
        "PinOwnerID":98183222
      },
      "TargetPinAddress":{
        "PinID":1236949195,
        "PinOwnerID":1221491314
      },
      "ConnectionType":0,
      "ConnectedWireIndex":-1,
      "ConnectedWireSegmentIndex":-1,
      "Points":[{"x":0.0,"y":0.0},{"x":0.0,"y":0.0}]
    },
    {
      "SourcePinAddress":{
        "PinID":0,
        "PinOwnerID":1691032317
      },
      "TargetPinAddress":{
        "PinID":592835066,
        "PinOwnerID":98183222
      },
      "ConnectionType":1,
      "ConnectedWireIndex":21,
      "ConnectedWireSegmentIndex":0,
      "Points":[{"x":-11.21355,"y":-5.13128},{"x":0.0,"y":0.0}]
    },
    {
      "SourcePinAddress":{
        "PinID":0,
        "PinOwnerID":1790546607
      },
      "TargetPinAddress":{
        "PinID":1053466565,
        "PinOwnerID":1130948645
      },
      "ConnectionType":1,
      "ConnectedWireIndex":17,
      "ConnectedWireSegmentIndex":1,
      "Points":[{"x":-10.98767,"y":-2.86657},{"x":-10.98846,"y":-10.93808},{"x":0.0,"y":0.0}]
    },
    {
      "SourcePinAddress":{
        "PinID":0,
        "PinOwnerID":1790546607
      },
      "TargetPinAddress":{
        "PinID":592835066,
        "PinOwnerID":1357382609
      },
      "ConnectionType":1,
      "ConnectedWireIndex":26,
      "ConnectedWireSegmentIndex":0,
      "Points":[{"x":-10.98825,"y":-8.81406},{"x":0.0,"y":0.0}]
    },
    {
      "SourcePinAddress":{
        "PinID":329703237,
        "PinOwnerID":1357382609
      },
      "TargetPinAddress":{
        "PinID":1053466565,
        "PinOwnerID":1875782646
      },
      "ConnectionType":0,
      "ConnectedWireIndex":-1,
      "ConnectedWireSegmentIndex":-1,
      "Points":[{"x":0.0,"y":0.0},{"x":0.0,"y":0.0}]
    },
    {
      "SourcePinAddress":{
        "PinID":0,
        "PinOwnerID":1790546607
      },
      "TargetPinAddress":{
        "PinID":592835066,
        "PinOwnerID":1410649043
      },
      "ConnectionType":1,
      "ConnectedWireIndex":26,
      "ConnectedWireSegmentIndex":0,
      "Points":[{"x":-10.98806,"y":-6.84594},{"x":0.0,"y":0.0}]
    },
    {
      "SourcePinAddress":{
        "PinID":329703237,
        "PinOwnerID":1410649043
      },
      "TargetPinAddress":{
        "PinID":1053466565,
        "PinOwnerID":2020195219
      },
      "ConnectionType":0,
      "ConnectedWireIndex":-1,
      "ConnectedWireSegmentIndex":-1,
      "Points":[{"x":0.0,"y":0.0},{"x":0.0,"y":0.0}]
    },
    {
      "SourcePinAddress":{
        "PinID":0,
        "PinOwnerID":1790546607
      },
      "TargetPinAddress":{
        "PinID":1053466565,
        "PinOwnerID":1221491314
      },
      "ConnectionType":1,
      "ConnectedWireIndex":26,
      "ConnectedWireSegmentIndex":0,
      "Points":[{"x":-10.98786,"y":-4.78037},{"x":0.0,"y":0.0}]
    },
    {
      "SourcePinAddress":{
        "PinID":0,
        "PinOwnerID":403541703
      },
      "TargetPinAddress":{
        "PinID":592835066,
        "PinOwnerID":148056340
      },
      "ConnectionType":1,
      "ConnectedWireIndex":15,
      "ConnectedWireSegmentIndex":0,
      "Points":[{"x":-10.79603,"y":-2.32516},{"x":-10.77411,"y":-10.70424},{"x":0.0,"y":0.0}]
    },
    {
      "SourcePinAddress":{
        "PinID":329703237,
        "PinOwnerID":148056340
      },
      "TargetPinAddress":{
        "PinID":241641952,
        "PinOwnerID":1130948645
      },
      "ConnectionType":0,
      "ConnectedWireIndex":-1,
      "ConnectedWireSegmentIndex":-1,
      "Points":[{"x":0.0,"y":0.0},{"x":0.0,"y":0.0}]
    },
    {
      "SourcePinAddress":{
        "PinID":0,
        "PinOwnerID":403541703
      },
      "TargetPinAddress":{
        "PinID":241641952,
        "PinOwnerID":1875782646
      },
      "ConnectionType":1,
      "ConnectedWireIndex":32,
      "ConnectedWireSegmentIndex":0,
      "Points":[{"x":-10.77977,"y":-8.54127},{"x":0.0,"y":0.0}]
    },
    {
      "SourcePinAddress":{
        "PinID":329703237,
        "PinOwnerID":736209725
      },
      "TargetPinAddress":{
        "PinID":241641952,
        "PinOwnerID":2020195219
      },
      "ConnectionType":0,
      "ConnectedWireIndex":-1,
      "ConnectedWireSegmentIndex":-1,
      "Points":[{"x":0.0,"y":0.0},{"x":0.0,"y":0.0}]
    },
    {
      "SourcePinAddress":{
        "PinID":0,
        "PinOwnerID":403541703
      },
      "TargetPinAddress":{
        "PinID":592835066,
        "PinOwnerID":736209725
      },
      "ConnectionType":1,
      "ConnectedWireIndex":32,
      "ConnectedWireSegmentIndex":0,
      "Points":[{"x":-10.78528,"y":-6.43665},{"x":0.0,"y":0.0}]
    },
    {
      "SourcePinAddress":{
        "PinID":0,
        "PinOwnerID":403541703
      },
      "TargetPinAddress":{
        "PinID":241641952,
        "PinOwnerID":1221491314
      },
      "ConnectionType":1,
      "ConnectedWireIndex":32,
      "ConnectedWireSegmentIndex":0,
      "Points":[{"x":-10.79022,"y":-4.54663},{"x":0.0,"y":0.0}]
    },
    {
      "SourcePinAddress":{
        "PinID":736417241,
        "PinOwnerID":1221491314
      },
      "TargetPinAddress":{
        "PinID":0,
        "PinOwnerID":1034145797
      },
      "ConnectionType":0,
      "ConnectedWireIndex":-1,
      "ConnectedWireSegmentIndex":-1,
      "Points":[{"x":0.0,"y":0.0},{"x":4.50324,"y":-4.89729},{"x":4.48376,"y":0.18866},{"x":0.0,"y":0.0}]
    },
    {
      "SourcePinAddress":{
        "PinID":736417241,
        "PinOwnerID":2020195219
      },
      "TargetPinAddress":{
        "PinID":0,
        "PinOwnerID":628618310
      },
      "ConnectionType":0,
      "ConnectedWireIndex":-1,
      "ConnectedWireSegmentIndex":-1,
      "Points":[{"x":0.0,"y":0.0},{"x":4.87749,"y":-6.7732},{"x":4.90191,"y":-0.59528},{"x":0.0,"y":0.0}]
    },
    {
      "SourcePinAddress":{
        "PinID":736417241,
        "PinOwnerID":1875782646
      },
      "TargetPinAddress":{
        "PinID":0,
        "PinOwnerID":677781504
      },
      "ConnectionType":0,
      "ConnectedWireIndex":-1,
      "ConnectedWireSegmentIndex":-1,
      "Points":[{"x":0.0,"y":0.0},{"x":5.17051,"y":-8.77552},{"x":5.09725,"y":-1.05924},{"x":0.0,"y":0.0}]
    },
    {
      "SourcePinAddress":{
        "PinID":736417241,
        "PinOwnerID":1130948645
      },
      "TargetPinAddress":{
        "PinID":0,
        "PinOwnerID":1921997803
      },
      "ConnectionType":0,
      "ConnectedWireIndex":-1,
      "ConnectedWireSegmentIndex":-1,
      "Points":[{"x":0.0,"y":0.0},{"x":5.58563,"y":-10.89994},{"x":5.53679,"y":-2.52435},{"x":0.0,"y":0.0}]
    },
    {
      "SourcePinAddress":{
        "PinID":736417241,
        "PinOwnerID":1621633319
      },
      "TargetPinAddress":{
        "PinID":890670445,
        "PinOwnerID":2047230869
      },
      "ConnectionType":1,
      "ConnectedWireIndex":20,
      "ConnectedWireSegmentIndex":0,
      "Points":[{"x":-0.18388,"y":-2.97351},{"x":-0.16135,"y":-3.49425},{"x":0.0,"y":0.0}]
    },
    {
      "SourcePinAddress":{
        "PinID":736417241,
        "PinOwnerID":1221491314
      },
      "TargetPinAddress":{
        "PinID":3907582,
        "PinOwnerID":2047230869
      },
      "ConnectionType":1,
      "ConnectedWireIndex":38,
      "ConnectedWireSegmentIndex":0,
      "Points":[{"x":-1.10778,"y":-4.8306},{"x":-1.13023,"y":-3.78717},{"x":0.0,"y":0.0}]
    },
    {
      "SourcePinAddress":{
        "PinID":736417241,
        "PinOwnerID":2020195219
      },
      "TargetPinAddress":{
        "PinID":637317229,
        "PinOwnerID":2047230869
      },
      "ConnectionType":1,
      "ConnectedWireIndex":39,
      "ConnectedWireSegmentIndex":0,
      "Points":[{"x":-0.815,"y":-6.82935},{"x":-0.85984,"y":-3.92236},{"x":0.0,"y":0.0}]
    },
    {
      "SourcePinAddress":{
        "PinID":736417241,
        "PinOwnerID":1875782646
      },
      "TargetPinAddress":{
        "PinID":1001885611,
        "PinOwnerID":2047230869
      },
      "ConnectionType":1,
      "ConnectedWireIndex":40,
      "ConnectedWireSegmentIndex":0,
      "Points":[{"x":-0.31897,"y":-8.79531},{"x":-0.4768,"y":-4.26035},{"x":0.0,"y":0.0}]
    },
    {
      "SourcePinAddress":{
        "PinID":1092352385,
        "PinOwnerID":2047230869
      },
      "TargetPinAddress":{
        "PinID":0,
        "PinOwnerID":162123033
      },
      "ConnectionType":0,
      "ConnectedWireIndex":-1,
      "ConnectedWireSegmentIndex":-1,
      "Points":[{"x":0.0,"y":0.0},{"x":3.98457,"y":-3.8773},{"x":3.98457,"y":-1.96207},{"x":0.0,"y":0.0}]
    }
  ],
  "Displays": null
}