{
  "DLSVersion": "2.1.6",
  "Name": "CPU",
  "NameLocation": 0,
  "ChipType": 0,
  "Size": {
    "x": 0.575,
    "y": 2.0
  },
  "Colour": {
    "r": 0.712811947,
    "g": 0.330223471,
    "b": 0.8547843,
    "a": 1
  },
  "InputPins":[
    {
      "Name":"IN",
      "ID":1879969570,
      "Position":{
        "x":-15.28715,
        "y":0.06031
      },
      "BitCount":1,
      "Colour":0,
      "ValueDisplayMode":0
    },
    {
      "Name":"IN",
      "ID":520382674,
      "Position":{
        "x":-15.28715,
        "y":-0.5523
      },
      "BitCount":1,
      "Colour":0,
      "ValueDisplayMode":0
    },
    {
      "Name":"IN",
      "ID":232070056,
      "Position":{
        "x":-15.28715,
        "y":-1.09368
      },
      "BitCount":1,
      "Colour":0,
      "ValueDisplayMode":0
    },
    {
      "Name":"IN",
      "ID":980057455,
      "Position":{
        "x":-15.28715,
        "y":-1.69204
      },
      "BitCount":1,
      "Colour":0,
      "ValueDisplayMode":0
    },
    {
      "Name":"IN",
      "ID":859366620,
      "Position":{
        "x":-15.28715,
        "y":-2.33314
      },
      "BitCount":1,
      "Colour":0,
      "ValueDisplayMode":0
    },
    {
      "Name":"IN",
      "ID":1526064495,
      "Position":{
        "x":-15.28715,
        "y":-2.96
      },
      "BitCount":1,
      "Colour":0,
      "ValueDisplayMode":0
    },
    {
      "Name":"IN",
      "ID":2099051728,
      "Position":{
        "x":-15.28715,
        "y":-3.51562
      },
      "BitCount":1,
      "Colour":0,
      "ValueDisplayMode":0
    },
    {
      "Name":"LOAD",
      "ID":231462753,
      "Position":{
        "x":-15.28715,
        "y":-4.17097
      },
      "BitCount":1,
      "Colour":0,
      "ValueDisplayMode":0
    }
  ],
  "OutputPins":[
    {
      "Name":"A",
      "ID":1807756278,
      "Position":{
        "x":2.66512,
        "y":-0.67414
      },
      "BitCount":1,
      "Colour":0,
      "ValueDisplayMode":0
    },
    {
      "Name":"B",
      "ID":751172543,
      "Position":{
        "x":2.6555,
        "y":-1.20324
      },
      "BitCount":1,
      "Colour":0,
      "ValueDisplayMode":0
    },
    {
      "Name":"C",
      "ID":1555610119,
      "Position":{
        "x":2.62664,
        "y":-1.75158
      },
      "BitCount":1,
      "Colour":0,
      "ValueDisplayMode":0
    },
    {
      "Name":"D",
      "ID":1184203247,
      "Position":{
        "x":2.58816,
        "y":-2.28068
      },
      "BitCount":1,
      "Colour":0,
      "ValueDisplayMode":0
    },
    {
      "Name":"E",
      "ID":1501932885,
      "Position":{
        "x":2.56892,
        "y":-2.8194
      },
      "BitCount":1,
      "Colour":0,
      "ValueDisplayMode":0
    },
    {
      "Name":"F",
      "ID":1081821040,
      "Position":{
        "x":2.66512,
        "y":-3.36774
      },
      "BitCount":1,
      "Colour":0,
      "ValueDisplayMode":0
    },
    {
      "Name":"G",
      "ID":1428265919,
      "Position":{
        "x":2.69398,
        "y":-3.89684
      },
      "BitCount":1,
      "Colour":0,
      "ValueDisplayMode":0
    },
    {
      "Name":"COL",
      "ID":346038505,
      "Position":{
        "x":2.7077,
        "y":-4.47582
      },
      "BitCount":1,
      "Colour":0,
      "ValueDisplayMode":0
    }
  ],
  "SubChips":[
    {
      "Name":"CONTROL UNIT",
      "ID":1011818807,
      "Label":"",
      "Position":{
        "x":-8.41199,
        "y":-1.88208
      },
      "OutputPinColourInfo":[{"PinColour":0,"PinID":1771008241},{"PinColour":0,"PinID":1373480795},{"PinColour":0,"PinID":1532281307},{"PinColour":0,"PinID":454207127},{"PinColour":0,"PinID":1925285996},{"PinColour":0,"PinID":82286499},{"PinColour":0,"PinID":1257701854},{"PinColour":0,"PinID":2116695813},{"PinColour":0,"PinID":1034145797},{"PinColour":0,"PinID":628618310},{"PinColour":0,"PinID":677781504},{"PinColour":0,"PinID":162123033},{"PinColour":0,"PinID":1921997803}],
      "InternalData":null
    },
    {
      "Name":"ALU",
      "ID":49633309,
      "Label":"",
      "Position":{
        "x":-5.04346,
        "y":-1.97191
      },
      "OutputPinColourInfo":[{"PinColour":0,"PinID":467600816},{"PinColour":0,"PinID":117268506},{"PinColour":0,"PinID":933893019},{"PinColour":0,"PinID":1640437117},{"PinColour":0,"PinID":1415609234}],
      "InternalData":null
    },
    {
      "Name":"4 BIT REG",
      "ID":1654430751,
      "Label":"",
      "Position":{
        "x":-11.7231,
        "y":-0.96031
      },
      "OutputPinColourInfo":[{"PinColour":0,"PinID":13869904},{"PinColour":0,"PinID":1983872400},{"PinColour":0,"PinID":1893517814},{"PinColour":0,"PinID":1350937073}],
      "InternalData":null
    },
    {
      "Name":"4 BIT REG",
      "ID":1507436145,
      "Label":"",
      "Position":{
        "x":-11.73573,
        "y":-2.55198
      },
      "OutputPinColourInfo":[{"PinColour":0,"PinID":13869904},{"PinColour":0,"PinID":1983872400},{"PinColour":0,"PinID":1893517814},{"PinColour":0,"PinID":1350937073}],
      "InternalData":null
    },
    {
      "Name":"CLOCK",
      "ID":380497326,
      "Label":"",
      "Position":{
        "x":-13.05041,
        "y":-5.75236
      },
      "OutputPinColourInfo":[{"PinColour":0,"PinID":0}],
      "InternalData":null
    },
    {
      "Name":"BLANK NEG DRI",
      "ID":2120469811,
      "Label":"",
      "Position":{
        "x":-0.56974,
        "y":-2.05452
      },
      "OutputPinColourInfo":[{"PinColour":0,"PinID":974479745},{"PinColour":0,"PinID":737207685},{"PinColour":0,"PinID":369627435},{"PinColour":0,"PinID":1435297326},{"PinColour":0,"PinID":471600615},{"PinColour":0,"PinID":257634744},{"PinColour":0,"PinID":1059586327},{"PinColour":0,"PinID":629940881},{"PinColour":0,"PinID":257193658},{"PinColour":0,"PinID":1091014212}],
      "InternalData":null
    },
    {
      "Name":"Sign Conv",
      "ID":1694045335,
      "Label":"",
      "Position":{
        "x":-2.94763,
        "y":-1.99429
      },
      "OutputPinColourInfo":[{"PinColour":0,"PinID":1511199624},{"PinColour":0,"PinID":1988762961},{"PinColour":0,"PinID":966748674},{"PinColour":0,"PinID":839966700},{"PinColour":0,"PinID":2138775096}],
      "InternalData":null
    },
    {
      "Name":"AND 3",
      "ID":727984221,
      "Label":"",
      "Position":{
        "x":-8.42369,
        "y":-4.57479
      },
      "OutputPinColourInfo":[{"PinColour":0,"PinID":736417241}],
      "InternalData":null
    },
    {
      "Name":"NOT",
      "ID":1998527005,
      "Label":"",
      "Position":{
        "x":-3.4646,
        "y":-3.58075
      },
      "OutputPinColourInfo":[{"PinColour":0,"PinID":329703237}],
      "InternalData":null
    }
  ],
  "Wires":[
    {
      "SourcePinAddress":{
        "PinID":1771008241,
        "PinOwnerID":1011818807
      },
      "TargetPinAddress":{
        "PinID":449622665,
        "PinOwnerID":49633309
      },
      "ConnectionType":0,
      "ConnectedWireIndex":-1,
      "ConnectedWireSegmentIndex":-1,
      "Points":[{"x":0.0,"y":0.0},{"x":0.0,"y":0.0}]
    },
    {
      "SourcePinAddress":{
        "PinID":1373480795,
        "PinOwnerID":1011818807
      },
      "TargetPinAddress":{
        "PinID":1895106682,
        "PinOwnerID":49633309
      },
      "ConnectionType":0,
      "ConnectedWireIndex":-1,
      "ConnectedWireSegmentIndex":-1,
      "Points":[{"x":0.0,"y":0.0},{"x":0.0,"y":0.0}]
    },
    {
      "SourcePinAddress":{
        "PinID":1532281307,
        "PinOwnerID":1011818807
      },
      "TargetPinAddress":{
        "PinID":877221774,
        "PinOwnerID":49633309
      },
      "ConnectionType":0,
      "ConnectedWireIndex":-1,
      "ConnectedWireSegmentIndex":-1,
      "Points":[{"x":0.0,"y":0.0},{"x":0.0,"y":0.0}]
    },
    {
      "SourcePinAddress":{
        "PinID":454207127,
        "PinOwnerID":1011818807
      },
      "TargetPinAddress":{
        "PinID":1771744508,
        "PinOwnerID":49633309
      },
      "ConnectionType":0,
      "ConnectedWireIndex":-1,
      "ConnectedWireSegmentIndex":-1,
      "Points":[{"x":0.0,"y":0.0},{"x":0.0,"y":0.0}]
    },
    {
      "SourcePinAddress":{
        "PinID":1925285996,
        "PinOwnerID":1011818807
      },
      "TargetPinAddress":{
        "PinID":531035360,
        "PinOwnerID":49633309
      },
      "ConnectionType":0,
      "ConnectedWireIndex":-1,
      "ConnectedWireSegmentIndex":-1,
      "Points":[{"x":0.0,"y":0.0},{"x":0.0,"y":0.0}]
    },
    {
      "SourcePinAddress":{
        "PinID":82286499,
        "PinOwnerID":1011818807
      },
      "TargetPinAddress":{
        "PinID":2052415587,
        "PinOwnerID":49633309
      },
      "ConnectionType":0,
      "ConnectedWireIndex":-1,
      "ConnectedWireSegmentIndex":-1,
      "Points":[{"x":0.0,"y":0.0},{"x":0.0,"y":0.0}]
    },
    {
      "SourcePinAddress":{
        "PinID":1257701854,
        "PinOwnerID":1011818807
      },
      "TargetPinAddress":{
        "PinID":327843192,
        "PinOwnerID":49633309
      },
      "ConnectionType":0,
      "ConnectedWireIndex":-1,
      "ConnectedWireSegmentIndex":-1,
      "Points":[{"x":0.0,"y":0.0},{"x":0.0,"y":0.0}]
    },
    {
      "SourcePinAddress":{
        "PinID":2116695813,
        "PinOwnerID":1011818807
      },
      "TargetPinAddress":{
        "PinID":1453267084,
        "PinOwnerID":49633309
      },
      "ConnectionType":0,
      "ConnectedWireIndex":-1,
      "ConnectedWireSegmentIndex":-1,
      "Points":[{"x":0.0,"y":0.0},{"x":0.0,"y":0.0}]
    },
    {
      "SourcePinAddress":{
        "PinID":1034145797,
        "PinOwnerID":1011818807
      },
      "TargetPinAddress":{
        "PinID":448456284,
        "PinOwnerID":49633309
      },
      "ConnectionType":0,
      "ConnectedWireIndex":-1,
      "ConnectedWireSegmentIndex":-1,
      "Points":[{"x":0.0,"y":0.0},{"x":0.0,"y":0.0}]
    },
    {
      "SourcePinAddress":{
        "PinID":628618310,
        "PinOwnerID":1011818807
      },
      "TargetPinAddress":{
        "PinID":1719532386,
        "PinOwnerID":49633309
      },
      "ConnectionType":0,
      "ConnectedWireIndex":-1,
      "ConnectedWireSegmentIndex":-1,
      "Points":[{"x":0.0,"y":0.0},{"x":0.0,"y":0.0}]
    },
    {
      "SourcePinAddress":{
        "PinID":677781504,
        "PinOwnerID":1011818807
      },
      "TargetPinAddress":{
        "PinID":1412423724,
        "PinOwnerID":49633309
      },
      "ConnectionType":0,
      "ConnectedWireIndex":-1,
      "ConnectedWireSegmentIndex":-1,
      "Points":[{"x":0.0,"y":0.0},{"x":0.0,"y":0.0}]
    },
    {
      "SourcePinAddress":{
        "PinID":162123033,
        "PinOwnerID":1011818807
      },
      "TargetPinAddress":{
        "PinID":1885853133,
        "PinOwnerID":49633309
      },
      "ConnectionType":0,
      "ConnectedWireIndex":-1,
      "ConnectedWireSegmentIndex":-1,
      "Points":[{"x":0.0,"y":0.0},{"x":0.0,"y":0.0}]
    },
    {
      "SourcePinAddress":{
        "PinID":1921997803,
        "PinOwnerID":1011818807
      },
      "TargetPinAddress":{
        "PinID":472781320,
        "PinOwnerID":49633309
      },
      "ConnectionType":0,
      "ConnectedWireIndex":-1,
      "ConnectedWireSegmentIndex":-1,
      "Points":[{"x":0.0,"y":0.0},{"x":0.0,"y":0.0}]
    },
    {
      "SourcePinAddress":{
        "PinID":0,
        "PinOwnerID":1879969570
      },
      "TargetPinAddress":{
        "PinID":217290371,
        "PinOwnerID":1654430751
      },
      "ConnectionType":0,
      "ConnectedWireIndex":-1,
      "ConnectedWireSegmentIndex":-1,
      "Points":[{"x":0.0,"y":0.0},{"x":0.0,"y":0.0}]
    },
    {
      "SourcePinAddress":{
        "PinID":0,
        "PinOwnerID":520382674
      },
      "TargetPinAddress":{
        "PinID":385223175,
        "PinOwnerID":1654430751
      },
      "ConnectionType":0,
      "ConnectedWireIndex":-1,
      "ConnectedWireSegmentIndex":-1,
      "Points":[{"x":0.0,"y":0.0},{"x":0.0,"y":0.0}]
    },
    {
      "SourcePinAddress":{
        "PinID":0,
        "PinOwnerID":232070056
      },
      "TargetPinAddress":{
        "PinID":464952480,
        "PinOwnerID":1654430751
      },
      "ConnectionType":0,
      "ConnectedWireIndex":-1,
      "ConnectedWireSegmentIndex":-1,
      "Points":[{"x":0.0,"y":0.0},{"x":0.0,"y":0.0}]
    },
    {
      "SourcePinAddress":{
        "PinID":0,
        "PinOwnerID":980057455
      },
      "TargetPinAddress":{
        "PinID":236702342,
        "PinOwnerID":1654430751
      },
      "ConnectionType":0,
      "ConnectedWireIndex":-1,
      "ConnectedWireSegmentIndex":-1,
      "Points":[{"x":0.0,"y":0.0},{"x":0.0,"y":0.0}]
    },
    {
      "SourcePinAddress":{
        "PinID":0,
        "PinOwnerID":859366620
      },
      "TargetPinAddress":{
        "PinID":217290371,
        "PinOwnerID":1507436145
      },
      "ConnectionType":0,
      "ConnectedWireIndex":-1,
      "ConnectedWireSegmentIndex":-1,
      "Points":[{"x":0.0,"y":0.0},{"x":0.0,"y":0.0}]
    },
    {
      "SourcePinAddress":{
        "PinID":0,
        "PinOwnerID":1526064495
      },
      "TargetPinAddress":{
        "PinID":385223175,
        "PinOwnerID":1507436145
      },
      "ConnectionType":0,
      "ConnectedWireIndex":-1,
      "ConnectedWireSegmentIndex":-1,
      "Points":[{"x":0.0,"y":0.0},{"x":0.0,"y":0.0}]
    },
    {
      "SourcePinAddress":{
        "PinID":0,
        "PinOwnerID":2099051728
      },
      "TargetPinAddress":{
        "PinID":464952480,
        "PinOwnerID":1507436145
      },
      "ConnectionType":0,
      "ConnectedWireIndex":-1,
      "ConnectedWireSegmentIndex":-1,
      "Points":[{"x":0.0,"y":0.0},{"x":0.0,"y":0.0}]
    },
    {
      "SourcePinAddress":{
        "PinID":0,
        "PinOwnerID":231462753
      },
      "TargetPinAddress":{
        "PinID":1180692063,
        "PinOwnerID":1654430751
      },
      "ConnectionType":0,
      "ConnectedWireIndex":-1,
      "ConnectedWireSegmentIndex":-1,
      "Points":[{"x":0.0,"y":0.0},{"x":-13.36384,"y":-4.2707},{"x":-13.34959,"y":-1.56382},{"x":0.0,"y":0.0}]
    },
    {
      "SourcePinAddress":{
        "PinID":0,
        "PinOwnerID":231462753
      },
      "TargetPinAddress":{
        "PinID":1180692063,
        "PinOwnerID":1507436145
      },
      "ConnectionType":1,
      "ConnectedWireIndex":20,
      "ConnectedWireSegmentIndex":1,
      "Points":[{"x":-13.35904,"y":-3.35886},{"x":0.0,"y":0.0}]
    },
    {
      "SourcePinAddress":{
        "PinID":0,
        "PinOwnerID":380497326
      },
      "TargetPinAddress":{
        "PinID":1189533853,
        "PinOwnerID":49633309
      },
      "ConnectionType":0,
      "ConnectedWireIndex":-1,
      "ConnectedWireSegmentIndex":-1,
      "Points":[{"x":0.0,"y":0.0},{"x":-6.12649,"y":-5.85209},{"x":-6.15498,"y":-3.61535},{"x":0.0,"y":0.0}]
    },
    {
      "SourcePinAddress":{
        "PinID":0,
        "PinOwnerID":380497326
      },
      "TargetPinAddress":{
        "PinID":674377508,
        "PinOwnerID":1654430751
      },
      "ConnectionType":1,
      "ConnectedWireIndex":22,
      "ConnectedWireSegmentIndex":0,
      "Points":[{"x":-12.09598,"y":-5.75927},{"x":-12.03889,"y":-4.17097},{"x":-12.85096,"y":-4.14248},{"x":-12.93644,"y":-1.62081},{"x":0.0,"y":0.0}]
    },
    {
      "SourcePinAddress":{
        "PinID":0,
        "PinOwnerID":380497326
      },
      "TargetPinAddress":{
        "PinID":674377508,
        "PinOwnerID":1507436145
      },
      "ConnectionType":1,
      "ConnectedWireIndex":23,
      "ConnectedWireSegmentIndex":2,
      "Points":[{"x":-12.87075,"y":-3.55855},{"x":0.0,"y":0.0}]
    },
    {
      "SourcePinAddress":{
        "PinID":1893517814,
        "PinOwnerID":1507436145
      },
      "TargetPinAddress":{
        "PinID":1691032317,
        "PinOwnerID":1011818807
      },
      "ConnectionType":0,
      "ConnectedWireIndex":-1,
      "ConnectedWireSegmentIndex":-1,
      "Points":[{"x":0.0,"y":0.0},{"x":0.0,"y":0.0}]
    },
    {
      "SourcePinAddress":{
        "PinID":1983872400,
        "PinOwnerID":1507436145
      },
      "TargetPinAddress":{
        "PinID":1790546607,
        "PinOwnerID":1011818807
      },
      "ConnectionType":0,
      "ConnectedWireIndex":-1,
      "ConnectedWireSegmentIndex":-1,
      "Points":[{"x":0.0,"y":0.0},{"x":0.0,"y":0.0}]
    },
    {
      "SourcePinAddress":{
        "PinID":13869904,
        "PinOwnerID":1507436145
      },
      "TargetPinAddress":{
        "PinID":403541703,
        "PinOwnerID":1011818807
      },
      "ConnectionType":0,
      "ConnectedWireIndex":-1,
      "ConnectedWireSegmentIndex":-1,
      "Points":[{"x":0.0,"y":0.0},{"x":0.0,"y":0.0}]
    },
    {
      "SourcePinAddress":{
        "PinID":1350937073,
        "PinOwnerID":1654430751
      },
      "TargetPinAddress":{
        "PinID":1831078387,
        "PinOwnerID":1011818807
      },
      "ConnectionType":0,
      "ConnectedWireIndex":-1,
      "ConnectedWireSegmentIndex":-1,
      "Points":[{"x":0.0,"y":0.0},{"x":0.0,"y":0.0}]
    },
    {
      "SourcePinAddress":{
        "PinID":1893517814,
        "PinOwnerID":1654430751
      },
      "TargetPinAddress":{
        "PinID":1932598672,
        "PinOwnerID":1011818807
      },
      "ConnectionType":0,
      "ConnectedWireIndex":-1,
      "ConnectedWireSegmentIndex":-1,
      "Points":[{"x":0.0,"y":0.0},{"x":0.0,"y":0.0}]
    },
    {
      "SourcePinAddress":{
        "PinID":1983872400,
        "PinOwnerID":1654430751
      },
      "TargetPinAddress":{
        "PinID":79929901,
        "PinOwnerID":1011818807
      },
      "ConnectionType":0,
      "ConnectedWireIndex":-1,
      "ConnectedWireSegmentIndex":-1,
      "Points":[{"x":0.0,"y":0.0},{"x":0.0,"y":0.0}]
    },
    {
      "SourcePinAddress":{
        "PinID":13869904,
        "PinOwnerID":1654430751
      },
      "TargetPinAddress":{
        "PinID":1251535064,
        "PinOwnerID":1011818807
      },
      "ConnectionType":0,
      "ConnectedWireIndex":-1,
      "ConnectedWireSegmentIndex":-1,
      "Points":[{"x":0.0,"y":0.0},{"x":0.0,"y":0.0}]
    },
    {
      "SourcePinAddress":{
        "PinID":467600816,
        "PinOwnerID":49633309
      },
      "TargetPinAddress":{
        "PinID":1257358748,
        "PinOwnerID":1694045335
      },
      "ConnectionType":0,
      "ConnectedWireIndex":-1,
      "ConnectedWireSegmentIndex":-1,
      "Points":[{"x":0.0,"y":0.0},{"x":0.0,"y":0.0}]
    },
    {
      "SourcePinAddress":{
        "PinID":117268506,
        "PinOwnerID":49633309
      },
      "TargetPinAddress":{
        "PinID":301589737,
        "PinOwnerID":1694045335
      },
      "ConnectionType":0,
      "ConnectedWireIndex":-1,
      "ConnectedWireSegmentIndex":-1,
      "Points":[{"x":0.0,"y":0.0},{"x":0.0,"y":0.0}]
    },
    {
      "SourcePinAddress":{
        "PinID":933893019,
        "PinOwnerID":49633309
      },
      "TargetPinAddress":{
        "PinID":845527334,
        "PinOwnerID":1694045335
      },
      "ConnectionType":0,
      "ConnectedWireIndex":-1,
      "ConnectedWireSegmentIndex":-1,
      "Points":[{"x":0.0,"y":0.0},{"x":0.0,"y":0.0}]
    },
    {
      "SourcePinAddress":{
        "PinID":1640437117,
        "PinOwnerID":49633309
      },
      "TargetPinAddress":{
        "PinID":546247664,
        "PinOwnerID":1694045335
      },
      "ConnectionType":0,
      "ConnectedWireIndex":-1,
      "ConnectedWireSegmentIndex":-1,
      "Points":[{"x":0.0,"y":0.0},{"x":0.0,"y":0.0}]
    },
    {
      "SourcePinAddress":{
        "PinID":1511199624,
        "PinOwnerID":1694045335
      },
      "TargetPinAddress":{
        "PinID":2004468202,
        "PinOwnerID":2120469811
      },
      "ConnectionType":0,
      "ConnectedWireIndex":-1,
      "ConnectedWireSegmentIndex":-1,
      "Points":[{"x":0.0,"y":0.0},{"x":0.0,"y":0.0}]
    },
    {
      "SourcePinAddress":{
        "PinID":1988762961,
        "PinOwnerID":1694045335
      },
      "TargetPinAddress":{
        "PinID":1845259549,
        "PinOwnerID":2120469811
      },
      "ConnectionType":0,
      "ConnectedWireIndex":-1,
      "ConnectedWireSegmentIndex":-1,
      "Points":[{"x":0.0,"y":0.0},{"x":0.0,"y":0.0}]
    },
    {
      "SourcePinAddress":{
        "PinID":966748674,
        "PinOwnerID":1694045335
      },
      "TargetPinAddress":{
        "PinID":1281527666,
        "PinOwnerID":2120469811
      },
      "ConnectionType":0,
      "ConnectedWireIndex":-1,
      "ConnectedWireSegmentIndex":-1,
      "Points":[{"x":0.0,"y":0.0},{"x":0.0,"y":0.0}]
    },
    {
      "SourcePinAddress":{
        "PinID":839966700,
        "PinOwnerID":1694045335
      },
      "TargetPinAddress":{
        "PinID":2036008204,
        "PinOwnerID":2120469811
      },
      "ConnectionType":0,
      "ConnectedWireIndex":-1,
      "ConnectedWireSegmentIndex":-1,
      "Points":[{"x":0.0,"y":0.0},{"x":0.0,"y":0.0}]
    },
    {
      "SourcePinAddress":{
        "PinID":2138775096,
        "PinOwnerID":1694045335
      },
      "TargetPinAddress":{
        "PinID":1188169501,
        "PinOwnerID":2120469811
      },
      "ConnectionType":0,
      "ConnectedWireIndex":-1,
      "ConnectedWireSegmentIndex":-1,
      "Points":[{"x":0.0,"y":0.0},{"x":0.0,"y":0.0}]
    },
    {
      "SourcePinAddress":{
        "PinID":1893517814,
        "PinOwnerID":1507436145
      },
      "TargetPinAddress":{
        "PinID":241641952,
        "PinOwnerID":727984221
      },
      "ConnectionType":1,
      "ConnectedWireIndex":25,
      "ConnectedWireSegmentIndex":0,
      "Points":[{"x":-9.35931,"y":-3.39941},{"x":-9.36477,"y":-4.37313},{"x":0.0,"y":0.0}]
    },
    {
      "SourcePinAddress":{
        "PinID":1983872400,
        "PinOwnerID":1507436145
      },
      "TargetPinAddress":{
        "PinID":1053466565,
        "PinOwnerID":727984221
      },
      "ConnectionType":1,
      "ConnectedWireIndex":26,
      "ConnectedWireSegmentIndex":0,
      "Points":[{"x":-9.60354,"y":-2.80567},{"x":-9.60004,"y":-4.65881},{"x":0.0,"y":0.0}]
    },
    {
      "SourcePinAddress":{
        "PinID":13869904,
        "PinOwnerID":1507436145
      },
      "TargetPinAddress":{
        "PinID":1236949195,
        "PinOwnerID":727984221
      },
      "ConnectionType":1,
      "ConnectedWireIndex":27,
      "ConnectedWireSegmentIndex":0,
      "Points":[{"x":-9.88409,"y":-2.23178},{"x":-9.85211,"y":-4.87728},{"x":0.0,"y":0.0}]
    },
    {
      "SourcePinAddress":{
        "PinID":1415609234,
        "PinOwnerID":49633309
      },
      "TargetPinAddress":{
        "PinID":592835066,
        "PinOwnerID":1998527005
      },
      "ConnectionType":0,
      "ConnectedWireIndex":-1,
      "ConnectedWireSegmentIndex":-1,
      "Points":[{"x":0.0,"y":0.0},{"x":0.0,"y":0.0}]
    },
    {
      "SourcePinAddress":{
        "PinID":329703237,
        "PinOwnerID":1998527005
      },
      "TargetPinAddress":{
        "PinID":479172066,
        "PinOwnerID":2120469811
      },
      "ConnectionType":0,
      "ConnectedWireIndex":-1,
      "ConnectedWireSegmentIndex":-1,
      "Points":[{"x":0.0,"y":0.0},{"x":0.0,"y":0.0}]
    },
    {
      "SourcePinAddress":{
        "PinID":737207685,
        "PinOwnerID":2120469811
      },
      "TargetPinAddress":{
        "PinID":0,
        "PinOwnerID":346038505
      },
      "ConnectionType":0,
      "ConnectedWireIndex":-1,
      "ConnectedWireSegmentIndex":-1,
      "Points":[{"x":0.0,"y":0.0},{"x":0.35958,"y":-1.19252},{"x":0.32908,"y":-4.44532},{"x":0.0,"y":0.0}]
    },
    {
      "SourcePinAddress":{
        "PinID":369627435,
        "PinOwnerID":2120469811
      },
      "TargetPinAddress":{
        "PinID":0,
        "PinOwnerID":1807756278
      },
      "ConnectionType":0,
      "ConnectedWireIndex":-1,
      "ConnectedWireSegmentIndex":-1,
      "Points":[{"x":0.0,"y":0.0},{"x":0.0,"y":0.0}]
    },
    {
      "SourcePinAddress":{
        "PinID":1435297326,
        "PinOwnerID":2120469811
      },
      "TargetPinAddress":{
        "PinID":0,
        "PinOwnerID":751172543
      },
      "ConnectionType":0,
      "ConnectedWireIndex":-1,
      "ConnectedWireSegmentIndex":-1,
      "Points":[{"x":0.0,"y":0.0},{"x":0.0,"y":0.0}]
    },
    {
      "SourcePinAddress":{
        "PinID":471600615,
        "PinOwnerID":2120469811
      },
      "TargetPinAddress":{
        "PinID":0,
        "PinOwnerID":1555610119
      },
      "ConnectionType":0,
      "ConnectedWireIndex":-1,
      "ConnectedWireSegmentIndex":-1,
      "Points":[{"x":0.0,"y":0.0},{"x":0.0,"y":0.0}]
    },
    {
      "SourcePinAddress":{
        "PinID":257634744,
        "PinOwnerID":2120469811
      },
      "TargetPinAddress":{
        "PinID":0,
        "PinOwnerID":1184203247
      },
      "ConnectionType":0,
      "ConnectedWireIndex":-1,
      "ConnectedWireSegmentIndex":-1,
      "Points":[{"x":0.0,"y":0.0},{"x":0.0,"y":0.0}]
    },
    {
      "SourcePinAddress":{
        "PinID":1059586327,
        "PinOwnerID":2120469811
      },
      "TargetPinAddress":{
        "PinID":0,
        "PinOwnerID":1501932885
      },
      "ConnectionType":0,
      "ConnectedWireIndex":-1,
      "ConnectedWireSegmentIndex":-1,
      "Points":[{"x":0.0,"y":0.0},{"x":0.0,"y":0.0}]
    },
    {
      "SourcePinAddress":{
        "PinID":629940881,
        "PinOwnerID":2120469811
      },
      "TargetPinAddress":{
        "PinID":0,
        "PinOwnerID":1081821040
      },
      "ConnectionType":0,
      "ConnectedWireIndex":-1,
      "ConnectedWireSegmentIndex":-1,
      "Points":[{"x":0.0,"y":0.0},{"x":0.0,"y":0.0}]
    },
    {
      "SourcePinAddress":{
        "PinID":257193658,
        "PinOwnerID":2120469811
      },
      "TargetPinAddress":{
        "PinID":0,
        "PinOwnerID":1428265919
      },
      "ConnectionType":0,
      "ConnectedWireIndex":-1,
      "ConnectedWireSegmentIndex":-1,
      "Points":[{"x":0.0,"y":0.0},{"x":0.0,"y":0.0}]
    }
  ],
  "Displays": null
}