{
  "DLSVersion": "2.1.6",
  "Name": "D FLIP FLOP",
  "NameLocation": 0,
  "ChipType": 0,
  "Size": {
    "x": 1.1,
    "y": 0.5
  },
  "Colour": {
    "r": 0.9675192,
    "g": 0.05863632,
    "b": 0.0661651343,
    "a": 1
  },
  "InputPins":[
    {
      "Name":"D",
      "ID":934445199,
      "Position":{
        "x":-8.88889,
        "y":0.60494
      },
      "BitCount":1,
      "Colour":0,
      "ValueDisplayMode":0
    },
    {
      "Name":"CLK",
      "ID":999323316,
      "Position":{
        "x":-8.88889,
        "y":-1.85185
      },
      "BitCount":1,
      "Colour":0,
      "ValueDisplayMode":0
    }
  ],
  "OutputPins":[
    {
      "Name":"Q",
      "ID":367800128,
      "Position":{
        "x":8.88272,
        "y":-1.61728
      },
      "BitCount":1,
      "Colour":0,
      "ValueDisplayMode":0
    },
    {
      "Name":"Q'",
      "ID":953604972,
      "Position":{
        "x":8.88272,
        "y":-2.11111
      },
      "BitCount":1,
      "Colour":0,
      "ValueDisplayMode":0
    }
  ],
  "SubChips":[
    {
      "Name":"NOT",
      "ID":405570504,
      "Label":"",
      "Position":{
        "x":-5.55556,
        "y":-0.82716
      },
      "OutputPinColourInfo":[{"PinColour":0,"PinID":329703237}],
      "InternalData":null
    },
    {
      "Name":"D LATCH",
      "ID":713524927,
      "Label":"",
      "Position":{
        "x":-3.15432,
        "y":0.48148
      },
      "OutputPinColourInfo":[{"PinColour":0,"PinID":1426367582},{"PinColour":0,"PinID":617449326}],
      "InternalData":null
    },
    {
      "Name":"D LATCH",
      "ID":455688543,
      "Label":"",
      "Position":{
        "x":-0.04321,
        "y":-1.7037
      },
      "OutputPinColourInfo":[{"PinColour":0,"PinID":1426367582},{"PinColour":0,"PinID":617449326}],
      "InternalData":null
    }
  ],
  "Wires":[
    {
      "SourcePinAddress":{
        "PinID":0,
        "PinOwnerID":999323316
      },
      "TargetPinAddress":{
        "PinID":592835066,
        "PinOwnerID":405570504
      },
      "ConnectionType":0,
      "ConnectedWireIndex":-1,
      "ConnectedWireSegmentIndex":-1,
      "Points":[{"x":0.0,"y":0.0},{"x":-6.40343,"y":-1.78926},{"x":-6.42593,"y":-0.87654},{"x":0.0,"y":0.0}]
    },
    {
      "SourcePinAddress":{
        "PinID":1426367582,
        "PinOwnerID":455688543
      },
      "TargetPinAddress":{
        "PinID":0,
        "PinOwnerID":367800128
      },
      "ConnectionType":0,
      "ConnectedWireIndex":-1,
      "ConnectedWireSegmentIndex":-1,
      "Points":[{"x":0.0,"y":0.0},{"x":0.0,"y":0.0}]
    },
    {
      "SourcePinAddress":{
        "PinID":329703237,
        "PinOwnerID":405570504
      },
      "TargetPinAddress":{
        "PinID":112318420,
        "PinOwnerID":713524927
      },
      "ConnectionType":0,
      "ConnectedWireIndex":-1,
      "ConnectedWireSegmentIndex":-1,
      "Points":[{"x":0.0,"y":0.0},{"x":-4.01235,"y":-0.87654},{"x":-4.04938,"y":0.34568},{"x":0.0,"y":0.0}]
    },
    {
      "SourcePinAddress":{
        "PinID":0,
        "PinOwnerID":934445199
      },
      "TargetPinAddress":{
        "PinID":1371680259,
        "PinOwnerID":713524927
      },
      "ConnectionType":0,
      "ConnectedWireIndex":-1,
      "ConnectedWireSegmentIndex":-1,
      "Points":[{"x":0.0,"y":0.0},{"x":0.0,"y":0.0}]
    },
    {
      "SourcePinAddress":{
        "PinID":0,
        "PinOwnerID":999323316
      },
      "TargetPinAddress":{
        "PinID":112318420,
        "PinOwnerID":455688543
      },
      "ConnectionType":1,
      "ConnectedWireIndex":0,
      "ConnectedWireSegmentIndex":1,
      "Points":[{"x":-6.4037,"y":-1.77799},{"x":0.0,"y":0.0}]
    },
    {
      "SourcePinAddress":{
        "PinID":1426367582,
        "PinOwnerID":713524927
      },
      "TargetPinAddress":{
        "PinID":1371680259,
        "PinOwnerID":455688543
      },
      "ConnectionType":0,
      "ConnectedWireIndex":-1,
      "ConnectedWireSegmentIndex":-1,
      "Points":[{"x":0.0,"y":0.0},{"x":-0.98765,"y":0.59259},{"x":-0.92593,"y":-1.49383},{"x":0.0,"y":0.0}]
    },
    {
      "SourcePinAddress":{
        "PinID":617449326,
        "PinOwnerID":455688543
      },
      "TargetPinAddress":{
        "PinID":0,
        "PinOwnerID":953604972
      },
      "ConnectionType":0,
      "ConnectedWireIndex":-1,
      "ConnectedWireSegmentIndex":-1,
      "Points":[{"x":0.0,"y":0.0},{"x":0.0,"y":0.0}]
    }
  ],
  "Displays": null
}