{
  "DLSVersion": "2.1.6",
  "Name": "D LATCH",
  "NameLocation": 0,
  "ChipType": 0,
  "Size": {
    "x": 1.025,
    "y": 0.5
  },
  "Colour": {
    "r": 0.150545433,
    "g": 0.309339583,
    "b": 0.140160009,
    "a": 1
  },
  "InputPins":[
    {
      "Name":"D",
      "ID":1371680259,
      "Position":{
        "x":-8.88889,
        "y":1.74074
      },
      "BitCount":1,
      "Colour":0,
      "ValueDisplayMode":0
    },
    {
      "Name":"E",
      "ID":112318420,
      "Position":{
        "x":-8.82716,
        "y":0.25926
      },
      "BitCount":1,
      "Colour":0,
      "ValueDisplayMode":0
    }
  ],
  "OutputPins":[
    {
      "Name":"Q",
      "ID":1426367582,
      "Position":{
        "x":8.88272,
        "y":0.97531
      },
      "BitCount":1,
      "Colour":0,
      "ValueDisplayMode":0
    },
    {
      "Name":"Q'",
      "ID":617449326,
      "Position":{
        "x":8.88272,
        "y":-0.64198
      },
      "BitCount":1,
      "Colour":0,
      "ValueDisplayMode":0
    }
  ],
  "SubChips":[
    {
      "Name":"NOT",
      "ID":471868400,
      "Label":"",
      "Position":{
        "x":-6.22222,
        "y":1.79012
      },
      "OutputPinColourInfo":[{"PinColour":0,"PinID":329703237}],
      "InternalData":null
    },
    {
      "Name":"AND",
      "ID":1352433023,
      "Label":"",
      "Position":{
        "x":-4.50617,
        "y":1.69136
      },
      "OutputPinColourInfo":[{"PinColour":0,"PinID":1834173622}],
      "InternalData":null
    },
    {
      "Name":"AND",
      "ID":1769215545,
      "Label":"",
      "Position":{
        "x":-4.7037,
        "y":-1.30864
      },
      "OutputPinColourInfo":[{"PinColour":0,"PinID":1834173622}],
      "InternalData":null
    },
    {
      "Name":"NOR",
      "ID":1661749370,
      "Label":"",
      "Position":{
        "x":-2.44444,
        "y":1.0
      },
      "OutputPinColourInfo":[{"PinColour":0,"PinID":541169220}],
      "InternalData":null
    },
    {
      "Name":"NOR",
      "ID":1955116063,
      "Label":"",
      "Position":{
        "x":-2.33333,
        "y":-0.62963
      },
      "OutputPinColourInfo":[{"PinColour":0,"PinID":541169220}],
      "InternalData":null
    }
  ],
  "Wires":[
    {
      "SourcePinAddress":{
        "PinID":329703237,
        "PinOwnerID":471868400
      },
      "TargetPinAddress":{
        "PinID":1479226400,
        "PinOwnerID":1352433023
      },
      "ConnectionType":0,
      "ConnectedWireIndex":-1,
      "ConnectedWireSegmentIndex":-1,
      "Points":[{"x":0.0,"y":0.0},{"x":0.0,"y":0.0}]
    },
    {
      "SourcePinAddress":{
        "PinID":0,
        "PinOwnerID":112318420
      },
      "TargetPinAddress":{
        "PinID":267671138,
        "PinOwnerID":1352433023
      },
      "ConnectionType":0,
      "ConnectedWireIndex":-1,
      "ConnectedWireSegmentIndex":-1,
      "Points":[{"x":0.0,"y":0.0},{"x":-5.35803,"y":0.23457},{"x":-5.34568,"y":1.55556},{"x":0.0,"y":0.0}]
    },
    {
      "SourcePinAddress":{
        "PinID":0,
        "PinOwnerID":112318420
      },
      "TargetPinAddress":{
        "PinID":1479226400,
        "PinOwnerID":1769215545
      },
      "ConnectionType":1,
      "ConnectedWireIndex":1,
      "ConnectedWireSegmentIndex":0,
      "Points":[{"x":-5.35803,"y":0.23457},{"x":-5.27161,"y":-1.18519},{"x":-5.1358,"y":-1.18519},{"x":0.0,"y":0.0}]
    },
    {
      "SourcePinAddress":{
        "PinID":1834173622,
        "PinOwnerID":1769215545
      },
      "TargetPinAddress":{
        "PinID":546767734,
        "PinOwnerID":1955116063
      },
      "ConnectionType":0,
      "ConnectedWireIndex":-1,
      "ConnectedWireSegmentIndex":-1,
      "Points":[{"x":0.0,"y":0.0},{"x":0.0,"y":0.0}]
    },
    {
      "SourcePinAddress":{
        "PinID":1834173622,
        "PinOwnerID":1352433023
      },
      "TargetPinAddress":{
        "PinID":35256736,
        "PinOwnerID":1661749370
      },
      "ConnectionType":0,
      "ConnectedWireIndex":-1,
      "ConnectedWireSegmentIndex":-1,
      "Points":[{"x":0.0,"y":0.0},{"x":0.0,"y":0.0}]
    },
    {
      "SourcePinAddress":{
        "PinID":541169220,
        "PinOwnerID":1661749370
      },
      "TargetPinAddress":{
        "PinID":0,
        "PinOwnerID":1426367582
      },
      "ConnectionType":0,
      "ConnectedWireIndex":-1,
      "ConnectedWireSegmentIndex":-1,
      "Points":[{"x":0.0,"y":0.0},{"x":0.0,"y":0.0}]
    },
    {
      "SourcePinAddress":{
        "PinID":541169220,
        "PinOwnerID":1955116063
      },
      "TargetPinAddress":{
        "PinID":0,
        "PinOwnerID":617449326
      },
      "ConnectionType":0,
      "ConnectedWireIndex":-1,
      "ConnectedWireSegmentIndex":-1,
      "Points":[{"x":0.0,"y":0.0},{"x":0.0,"y":0.0}]
    },
    {
      "SourcePinAddress":{
        "PinID":541169220,
        "PinOwnerID":1661749370
      },
      "TargetPinAddress":{
        "PinID":35256736,
        "PinOwnerID":1955116063
      },
      "ConnectionType":1,
      "ConnectedWireIndex":5,
      "ConnectedWireSegmentIndex":0,
      "Points":[{"x":0.03085,"y":0.99477},{"x":-3.12963,"y":-0.16049},{"x":-3.10494,"y":-0.41975},{"x":0.0,"y":0.0}]
    },
    {
      "SourcePinAddress":{
        "PinID":541169220,
        "PinOwnerID":1955116063
      },
      "TargetPinAddress":{
        "PinID":546767734,
        "PinOwnerID":1661749370
      },
      "ConnectionType":1,
      "ConnectedWireIndex":6,
      "ConnectedWireSegmentIndex":0,
      "Points":[{"x":-0.018519999999999998,"y":-0.63208},{"x":-3.19136,"y":0.61728},{"x":-3.19136,"y":0.82716},{"x":0.0,"y":0.0}]
    },
    {
      "SourcePinAddress":{
        "PinID":0,
        "PinOwnerID":1371680259
      },
      "TargetPinAddress":{
        "PinID":592835066,
        "PinOwnerID":471868400
      },
      "ConnectionType":0,
      "ConnectedWireIndex":-1,
      "ConnectedWireSegmentIndex":-1,
      "Points":[{"x":0.0,"y":0.0},{"x":0.0,"y":0.0}]
    },
    {
      "SourcePinAddress":{
        "PinID":0,
        "PinOwnerID":1371680259
      },
      "TargetPinAddress":{
        "PinID":267671138,
        "PinOwnerID":1769215545
      },
      "ConnectionType":1,
      "ConnectedWireIndex":9,
      "ConnectedWireSegmentIndex":0,
      "Points":[{"x":-7.20924,"y":1.76909},{"x":-6.98765,"y":-1.53086},{"x":0.0,"y":0.0}]
    }
  ],
  "Displays": null
}