{
  "DLSVersion": "2.1.6",
  "Name": "DIV SIGNED",
  "NameLocation": 0,
  "ChipType": 0,
  "Size": {
    "x": 1.1,
    "y": 2.5
  },
  "Colour": {
    "r": 0.2994017,
    "g": 0.3107021,
    "b": 0.19862473,
    "a": 1
  },
  "InputPins":[
    {
      "Name":"A3",
      "ID":1677804602,
      "Position":{
        "x":-20.17342,
        "y":-0.62981
      },
      "BitCount":1,
      "Colour":0,
      "ValueDisplayMode":0
    },
    {
      "Name":"A2",
      "ID":1831115840,
      "Position":{
        "x":-20.17342,
        "y":-1.1932
      },
      "BitCount":1,
      "Colour":0,
      "ValueDisplayMode":0
    },
    {
      "Name":"A1",
      "ID":764006365,
      "Position":{
        "x":-20.17342,
        "y":-1.85601
      },
      "BitCount":1,
      "Colour":0,
      "ValueDisplayMode":0
    },
    {
      "Name":"A0",
      "ID":713137053,
      "Position":{
        "x":-20.17342,
        "y":-2.40283
      },
      "BitCount":1,
      "Colour":0,
      "ValueDisplayMode":0
    },
    {
      "Name":"B3",
      "ID":1605312170,
      "Position":{
        "x":-20.17342,
        "y":-4.04328
      },
      "BitCount":1,
      "Colour":0,
      "ValueDisplayMode":0
    },
    {
      "Name":"B2",
      "ID":378315930,
      "Position":{
        "x":-20.17342,
        "y":-4.60667
      },
      "BitCount":1,
      "Colour":0,
      "ValueDisplayMode":0
    },
    {
      "Name":"B1",
      "ID":1832793112,
      "Position":{
        "x":-20.17342,
        "y":-5.07063
      },
      "BitCount":1,
      "Colour":0,
      "ValueDisplayMode":0
    },
    {
      "Name":"B0",
      "ID":1802007878,
      "Position":{
        "x":-20.17342,
        "y":-5.71687
      },
      "BitCount":1,
      "Colour":0,
      "ValueDisplayMode":0
    },
    {
      "Name":"RST",
      "ID":1734747297,
      "Position":{
        "x":-20.16265,
        "y":-6.44357
      },
      "BitCount":1,
      "Colour":0,
      "ValueDisplayMode":0
    },
    {
      "Name":"CLK",
      "ID":826954155,
      "Position":{
        "x":-20.17342,
        "y":-7.10877
      },
      "BitCount":1,
      "Colour":3,
      "ValueDisplayMode":0
    }
  ],
  "OutputPins":[
    {
      "Name":"D3",
      "ID":417786923,
      "Position":{
        "x":4.1083,
        "y":-2.8204
      },
      "BitCount":1,
      "Colour":0,
      "ValueDisplayMode":0
    },
    {
      "Name":"D2",
      "ID":1341606318,
      "Position":{
        "x":4.1083,
        "y":-3.41224
      },
      "BitCount":1,
      "Colour":0,
      "ValueDisplayMode":0
    },
    {
      "Name":"D1",
      "ID":898400899,
      "Position":{
        "x":4.12679,
        "y":-4.09654
      },
      "BitCount":1,
      "Colour":0,
      "ValueDisplayMode":0
    },
    {
      "Name":"D0",
      "ID":1995346827,
      "Position":{
        "x":4.01583,
        "y":-4.85483
      },
      "BitCount":1,
      "Colour":0,
      "ValueDisplayMode":0
    },
    {
      "Name":"DONE",
      "ID":346333920,
      "Position":{
        "x":4.13977,
        "y":-6.60705
      },
      "BitCount":1,
      "Colour":0,
      "ValueDisplayMode":0
    }
  ],
  "SubChips":[
    {
      "Name":"ABS",
      "ID":484630731,
      "Label":"",
      "Position":{
        "x":-13.11727,
        "y":-4.55607
      },
      "OutputPinColourInfo":[{"PinColour":0,"PinID":1405713112},{"PinColour":0,"PinID":150175538},{"PinColour":0,"PinID":483662794},{"PinColour":0,"PinID":1480660715}],
      "InternalData":null
    },
    {
      "Name":"ABS",
      "ID":1223349141,
      "Label":"",
      "Position":{
        "x":-13.09793,
        "y":-2.81708
      },
      "OutputPinColourInfo":[{"PinColour":0,"PinID":1405713112},{"PinColour":0,"PinID":150175538},{"PinColour":0,"PinID":483662794},{"PinColour":0,"PinID":1480660715}],
      "InternalData":null
    },
    {
      "Name":"DIV",
      "ID":1179622211,
      "Label":"",
      "Position":{
        "x":-9.68831,
        "y":-3.95922
      },
      "OutputPinColourInfo":[{"PinColour":0,"PinID":1562918214},{"PinColour":0,"PinID":1010753182},{"PinColour":0,"PinID":2099446206},{"PinColour":0,"PinID":412862887},{"PinColour":0,"PinID":1952183416}],
      "InternalData":null
    },
    {
      "Name":"XOR",
      "ID":1811383353,
      "Label":"",
      "Position":{
        "x":-12.40903,
        "y":-0.5199
      },
      "OutputPinColourInfo":[{"PinColour":0,"PinID":1205674528}],
      "InternalData":null
    },
    {
      "Name":"Arithmetic Unit",
      "ID":1580511704,
      "Label":"",
      "Position":{
        "x":-3.32085,
        "y":-2.08144
      },
      "OutputPinColourInfo":[{"PinColour":0,"PinID":426483396},{"PinColour":0,"PinID":367722995},{"PinColour":0,"PinID":1040189176},{"PinColour":0,"PinID":2047237266},{"PinColour":0,"PinID":792021152}],
      "InternalData":null
    },
    {
      "Name":"NOT BITWISE",
      "ID":428633214,
      "Label":"",
      "Position":{
        "x":-7.68299,
        "y":-2.50781
      },
      "OutputPinColourInfo":[{"PinColour":0,"PinID":1038340227},{"PinColour":0,"PinID":806949144},{"PinColour":0,"PinID":837217946},{"PinColour":0,"PinID":369662199}],
      "InternalData":null
    },
    {
      "Name":"CONST",
      "ID":1151908481,
      "Label":"",
      "Position":{
        "x":-5.97749,
        "y":-3.19657
      },
      "OutputPinColourInfo":[{"PinColour":0,"PinID":318973679}],
      "InternalData":null
    },
    {
      "Name":"BUFFER",
      "ID":715137968,
      "Label":"",
      "Position":{
        "x":-0.10196,
        "y":-2.30168
      },
      "OutputPinColourInfo":[{"PinColour":0,"PinID":1452807932},{"PinColour":0,"PinID":226763273},{"PinColour":0,"PinID":296717527},{"PinColour":0,"PinID":1357541311}],
      "InternalData":null
    },
    {
      "Name":"BUFFER",
      "ID":2111421502,
      "Label":"",
      "Position":{
        "x":-0.10196,
        "y":-5.86713
      },
      "OutputPinColourInfo":[{"PinColour":0,"PinID":1452807932},{"PinColour":0,"PinID":226763273},{"PinColour":0,"PinID":296717527},{"PinColour":0,"PinID":1357541311}],
      "InternalData":null
    },
    {
      "Name":"NOT",
      "ID":1507173665,
      "Label":"",
      "Position":{
        "x":-10.93038,
        "y":-1.27166
      },
      "OutputPinColourInfo":[{"PinColour":0,"PinID":329703237}],
      "InternalData":null
    },
    {
      "Name":"OR",
      "ID":987530751,
      "Label":"",
      "Position":{
        "x":1.66756,
        "y":-2.88272
      },
      "OutputPinColourInfo":[{"PinColour":0,"PinID":1686933192}],
      "InternalData":null
    },
    {
      "Name":"OR",
      "ID":1333105268,
      "Label":"",
      "Position":{
        "x":1.69397,
        "y":-3.54299
      },
      "OutputPinColourInfo":[{"PinColour":0,"PinID":1686933192}],
      "InternalData":null
    },
    {
      "Name":"OR",
      "ID":1938416012,
      "Label":"",
      "Position":{
        "x":1.72038,
        "y":-4.25608
      },
      "OutputPinColourInfo":[{"PinColour":0,"PinID":1686933192}],
      "InternalData":null
    },
    {
      "Name":"OR",
      "ID":2127694030,
      "Label":"",
      "Position":{
        "x":1.72038,
        "y":-4.88994
      },
      "OutputPinColourInfo":[{"PinColour":0,"PinID":1686933192}],
      "InternalData":null
    }
  ],
  "Wires":[
    {
      "SourcePinAddress":{
        "PinID":0,
        "PinOwnerID":1677804602
      },
      "TargetPinAddress":{
        "PinID":1869241283,
        "PinOwnerID":1223349141
      },
      "ConnectionType":0,
      "ConnectedWireIndex":-1,
      "ConnectedWireSegmentIndex":-1,
      "Points":[{"x":0.0,"y":0.0},{"x":0.0,"y":0.0}]
    },
    {
      "SourcePinAddress":{
        "PinID":0,
        "PinOwnerID":1831115840
      },
      "TargetPinAddress":{
        "PinID":1584041931,
        "PinOwnerID":1223349141
      },
      "ConnectionType":0,
      "ConnectedWireIndex":-1,
      "ConnectedWireSegmentIndex":-1,
      "Points":[{"x":0.0,"y":0.0},{"x":0.0,"y":0.0}]
    },
    {
      "SourcePinAddress":{
        "PinID":0,
        "PinOwnerID":764006365
      },
      "TargetPinAddress":{
        "PinID":1299486443,
        "PinOwnerID":1223349141
      },
      "ConnectionType":0,
      "ConnectedWireIndex":-1,
      "ConnectedWireSegmentIndex":-1,
      "Points":[{"x":0.0,"y":0.0},{"x":0.0,"y":0.0}]
    },
    {
      "SourcePinAddress":{
        "PinID":0,
        "PinOwnerID":713137053
      },
      "TargetPinAddress":{
        "PinID":1772334717,
        "PinOwnerID":1223349141
      },
      "ConnectionType":0,
      "ConnectedWireIndex":-1,
      "ConnectedWireSegmentIndex":-1,
      "Points":[{"x":0.0,"y":0.0},{"x":0.0,"y":0.0}]
    },
    {
      "SourcePinAddress":{
        "PinID":0,
        "PinOwnerID":1605312170
      },
      "TargetPinAddress":{
        "PinID":1869241283,
        "PinOwnerID":484630731
      },
      "ConnectionType":0,
      "ConnectedWireIndex":-1,
      "ConnectedWireSegmentIndex":-1,
      "Points":[{"x":0.0,"y":0.0},{"x":0.0,"y":0.0}]
    },
    {
      "SourcePinAddress":{
        "PinID":0,
        "PinOwnerID":378315930
      },
      "TargetPinAddress":{
        "PinID":1584041931,
        "PinOwnerID":484630731
      },
      "ConnectionType":0,
      "ConnectedWireIndex":-1,
      "ConnectedWireSegmentIndex":-1,
      "Points":[{"x":0.0,"y":0.0},{"x":0.0,"y":0.0}]
    },
    {
      "SourcePinAddress":{
        "PinID":0,
        "PinOwnerID":1832793112
      },
      "TargetPinAddress":{
        "PinID":1299486443,
        "PinOwnerID":484630731
      },
      "ConnectionType":0,
      "ConnectedWireIndex":-1,
      "ConnectedWireSegmentIndex":-1,
      "Points":[{"x":0.0,"y":0.0},{"x":0.0,"y":0.0}]
    },
    {
      "SourcePinAddress":{
        "PinID":0,
        "PinOwnerID":1802007878
      },
      "TargetPinAddress":{
        "PinID":1772334717,
        "PinOwnerID":484630731
      },
      "ConnectionType":0,
      "ConnectedWireIndex":-1,
      "ConnectedWireSegmentIndex":-1,
      "Points":[{"x":0.0,"y":0.0},{"x":0.0,"y":0.0}]
    },
    {
      "SourcePinAddress":{
        "PinID":1405713112,
        "PinOwnerID":1223349141
      },
      "TargetPinAddress":{
        "PinID":1170667638,
        "PinOwnerID":1179622211
      },
      "ConnectionType":0,
      "ConnectedWireIndex":-1,
      "ConnectedWireSegmentIndex":-1,
      "Points":[{"x":0.0,"y":0.0},{"x":0.0,"y":0.0}]
    },
    {
      "SourcePinAddress":{
        "PinID":150175538,
        "PinOwnerID":1223349141
      },
      "TargetPinAddress":{
        "PinID":687684483,
        "PinOwnerID":1179622211
      },
      "ConnectionType":0,
      "ConnectedWireIndex":-1,
      "ConnectedWireSegmentIndex":-1,
      "Points":[{"x":0.0,"y":0.0},{"x":0.0,"y":0.0}]
    },
    {
      "SourcePinAddress":{
        "PinID":483662794,
        "PinOwnerID":1223349141
      },
      "TargetPinAddress":{
        "PinID":1557804891,
        "PinOwnerID":1179622211
      },
      "ConnectionType":0,
      "ConnectedWireIndex":-1,
      "ConnectedWireSegmentIndex":-1,
      "Points":[{"x":0.0,"y":0.0},{"x":0.0,"y":0.0}]
    },
    {
      "SourcePinAddress":{
        "PinID":1480660715,
        "PinOwnerID":1223349141
      },
      "TargetPinAddress":{
        "PinID":610774052,
        "PinOwnerID":1179622211
      },
      "ConnectionType":0,
      "ConnectedWireIndex":-1,
      "ConnectedWireSegmentIndex":-1,
      "Points":[{"x":0.0,"y":0.0},{"x":0.0,"y":0.0}]
    },
    {
      "SourcePinAddress":{
        "PinID":1405713112,
        "PinOwnerID":484630731
      },
      "TargetPinAddress":{
        "PinID":1675614859,
        "PinOwnerID":1179622211
      },
      "ConnectionType":0,
      "ConnectedWireIndex":-1,
      "ConnectedWireSegmentIndex":-1,
      "Points":[{"x":0.0,"y":0.0},{"x":0.0,"y":0.0}]
    },
    {
      "SourcePinAddress":{
        "PinID":150175538,
        "PinOwnerID":484630731
      },
      "TargetPinAddress":{
        "PinID":1987676550,
        "PinOwnerID":1179622211
      },
      "ConnectionType":0,
      "ConnectedWireIndex":-1,
      "ConnectedWireSegmentIndex":-1,
      "Points":[{"x":0.0,"y":0.0},{"x":0.0,"y":0.0}]
    },
    {
      "SourcePinAddress":{
        "PinID":483662794,
        "PinOwnerID":484630731
      },
      "TargetPinAddress":{
        "PinID":1685804277,
        "PinOwnerID":1179622211
      },
      "ConnectionType":0,
      "ConnectedWireIndex":-1,
      "ConnectedWireSegmentIndex":-1,
      "Points":[{"x":0.0,"y":0.0},{"x":0.0,"y":0.0}]
    },
    {
      "SourcePinAddress":{
        "PinID":1480660715,
        "PinOwnerID":484630731
      },
      "TargetPinAddress":{
        "PinID":325921855,
        "PinOwnerID":1179622211
      },
      "ConnectionType":0,
      "ConnectedWireIndex":-1,
      "ConnectedWireSegmentIndex":-1,
      "Points":[{"x":0.0,"y":0.0},{"x":0.0,"y":0.0}]
    },
    {
      "SourcePinAddress":{
        "PinID":0,
        "PinOwnerID":826954155
      },
      "TargetPinAddress":{
        "PinID":2048499887,
        "PinOwnerID":1179622211
      },
      "ConnectionType":0,
      "ConnectedWireIndex":-1,
      "ConnectedWireSegmentIndex":-1,
      "Points":[{"x":0.0,"y":0.0},{"x":0.0,"y":0.0}]
    },
    {
      "SourcePinAddress":{
        "PinID":0,
        "PinOwnerID":1677804602
      },
      "TargetPinAddress":{
        "PinID":676270038,
        "PinOwnerID":1811383353
      },
      "ConnectionType":1,
      "ConnectedWireIndex":0,
      "ConnectedWireSegmentIndex":0,
      "Points":[{"x":-14.28115,"y":-2.06917},{"x":-14.2754,"y":-0.76951},{"x":0.0,"y":0.0}]
    },
    {
      "SourcePinAddress":{
        "PinID":0,
        "PinOwnerID":1605312170
      },
      "TargetPinAddress":{
        "PinID":1741978370,
        "PinOwnerID":1811383353
      },
      "ConnectionType":1,
      "ConnectedWireIndex":4,
      "ConnectedWireSegmentIndex":0,
      "Points":[{"x":-14.81654,"y":-4.05309},{"x":-14.83297,"y":-0.35954},{"x":0.0,"y":0.0}]
    },
    {
      "SourcePinAddress":{
        "PinID":0,
        "PinOwnerID":1734747297
      },
      "TargetPinAddress":{
        "PinID":1997575310,
        "PinOwnerID":1179622211
      },
      "ConnectionType":0,
      "ConnectedWireIndex":-1,
      "ConnectedWireSegmentIndex":-1,
      "Points":[{"x":0.0,"y":0.0},{"x":0.0,"y":0.0}]
    },
    {
      "SourcePinAddress":{
        "PinID":1562918214,
        "PinOwnerID":1179622211
      },
      "TargetPinAddress":{
        "PinID":1960453321,
        "PinOwnerID":428633214
      },
      "ConnectionType":0,
      "ConnectedWireIndex":-1,
      "ConnectedWireSegmentIndex":-1,
      "Points":[{"x":0.0,"y":0.0},{"x":0.0,"y":0.0}]
    },
    {
      "SourcePinAddress":{
        "PinID":1010753182,
        "PinOwnerID":1179622211
      },
      "TargetPinAddress":{
        "PinID":62350480,
        "PinOwnerID":428633214
      },
      "ConnectionType":0,
      "ConnectedWireIndex":-1,
      "ConnectedWireSegmentIndex":-1,
      "Points":[{"x":0.0,"y":0.0},{"x":0.0,"y":0.0}]
    },
    {
      "SourcePinAddress":{
        "PinID":2099446206,
        "PinOwnerID":1179622211
      },
      "TargetPinAddress":{
        "PinID":377036759,
        "PinOwnerID":428633214
      },
      "ConnectionType":0,
      "ConnectedWireIndex":-1,
      "ConnectedWireSegmentIndex":-1,
      "Points":[{"x":0.0,"y":0.0},{"x":0.0,"y":0.0}]
    },
    {
      "SourcePinAddress":{
        "PinID":412862887,
        "PinOwnerID":1179622211
      },
      "TargetPinAddress":{
        "PinID":1265068252,
        "PinOwnerID":428633214
      },
      "ConnectionType":0,
      "ConnectedWireIndex":-1,
      "ConnectedWireSegmentIndex":-1,
      "Points":[{"x":0.0,"y":0.0},{"x":0.0,"y":0.0}]
    },
    {
      "SourcePinAddress":{
        "PinID":1038340227,
        "PinOwnerID":428633214
      },
      "TargetPinAddress":{
        "PinID":1776459928,
        "PinOwnerID":1580511704
      },
      "ConnectionType":0,
      "ConnectedWireIndex":-1,
      "ConnectedWireSegmentIndex":-1,
      "Points":[{"x":0.0,"y":0.0},{"x":0.0,"y":0.0}]
    },
    {
      "SourcePinAddress":{
        "PinID":806949144,
        "PinOwnerID":428633214
      },
      "TargetPinAddress":{
        "PinID":464751950,
        "PinOwnerID":1580511704
      },
      "ConnectionType":0,
      "ConnectedWireIndex":-1,
      "ConnectedWireSegmentIndex":-1,
      "Points":[{"x":0.0,"y":0.0},{"x":0.0,"y":0.0}]
    },
    {
      "SourcePinAddress":{
        "PinID":837217946,
        "PinOwnerID":428633214
      },
      "TargetPinAddress":{
        "PinID":1599957694,
        "PinOwnerID":1580511704
      },
      "ConnectionType":0,
      "ConnectedWireIndex":-1,
      "ConnectedWireSegmentIndex":-1,
      "Points":[{"x":0.0,"y":0.0},{"x":0.0,"y":0.0}]
    },
    {
      "SourcePinAddress":{
        "PinID":369662199,
        "PinOwnerID":428633214
      },
      "TargetPinAddress":{
        "PinID":1463258462,
        "PinOwnerID":1580511704
      },
      "ConnectionType":0,
      "ConnectedWireIndex":-1,
      "ConnectedWireSegmentIndex":-1,
      "Points":[{"x":0.0,"y":0.0},{"x":0.0,"y":0.0}]
    },
    {
      "SourcePinAddress":{
        "PinID":369662199,
        "PinOwnerID":428633214
      },
      "TargetPinAddress":{
        "PinID":2076189384,
        "PinOwnerID":1151908481
      },
      "ConnectionType":1,
      "ConnectedWireIndex":27,
      "ConnectedWireSegmentIndex":0,
      "Points":[{"x":-6.66353,"y":-2.6756},{"x":-6.64985,"y":-3.24577},{"x":0.0,"y":0.0}]
    },
    {
      "SourcePinAddress":{
        "PinID":369662199,
        "PinOwnerID":428633214
      },
      "TargetPinAddress":{
        "PinID":1586349065,
        "PinOwnerID":1151908481
      },
      "ConnectionType":1,
      "ConnectedWireIndex":28,
      "ConnectedWireSegmentIndex":0,
      "Points":[{"x":-6.65576,"y":-2.99962},{"x":0.0,"y":0.0}]
    },
    {
      "SourcePinAddress":{
        "PinID":318973679,
        "PinOwnerID":1151908481
      },
      "TargetPinAddress":{
        "PinID":426625479,
        "PinOwnerID":1580511704
      },
      "ConnectionType":0,
      "ConnectedWireIndex":-1,
      "ConnectedWireSegmentIndex":-1,
      "Points":[{"x":0.0,"y":0.0},{"x":0.0,"y":0.0}]
    },
    {
      "SourcePinAddress":{
        "PinID":367722995,
        "PinOwnerID":1580511704
      },
      "TargetPinAddress":{
        "PinID":1612656153,
        "PinOwnerID":715137968
      },
      "ConnectionType":0,
      "ConnectedWireIndex":-1,
      "ConnectedWireSegmentIndex":-1,
      "Points":[{"x":0.0,"y":0.0},{"x":0.0,"y":0.0}]
    },
    {
      "SourcePinAddress":{
        "PinID":1040189176,
        "PinOwnerID":1580511704
      },
      "TargetPinAddress":{
        "PinID":1957625802,
        "PinOwnerID":715137968
      },
      "ConnectionType":0,
      "ConnectedWireIndex":-1,
      "ConnectedWireSegmentIndex":-1,
      "Points":[{"x":0.0,"y":0.0},{"x":0.0,"y":0.0}]
    },
    {
      "SourcePinAddress":{
        "PinID":2047237266,
        "PinOwnerID":1580511704
      },
      "TargetPinAddress":{
        "PinID":2097091608,
        "PinOwnerID":715137968
      },
      "ConnectionType":0,
      "ConnectedWireIndex":-1,
      "ConnectedWireSegmentIndex":-1,
      "Points":[{"x":0.0,"y":0.0},{"x":0.0,"y":0.0}]
    },
    {
      "SourcePinAddress":{
        "PinID":792021152,
        "PinOwnerID":1580511704
      },
      "TargetPinAddress":{
        "PinID":1308145196,
        "PinOwnerID":715137968
      },
      "ConnectionType":0,
      "ConnectedWireIndex":-1,
      "ConnectedWireSegmentIndex":-1,
      "Points":[{"x":0.0,"y":0.0},{"x":0.0,"y":0.0}]
    },
    {
      "SourcePinAddress":{
        "PinID":1205674528,
        "PinOwnerID":1811383353
      },
      "TargetPinAddress":{
        "PinID":584552999,
        "PinOwnerID":715137968
      },
      "ConnectionType":0,
      "ConnectedWireIndex":-1,
      "ConnectedWireSegmentIndex":-1,
      "Points":[{"x":0.0,"y":0.0},{"x":-1.63379,"y":-0.37369},{"x":-1.6602,"y":-3.5694},{"x":0.0,"y":0.0}]
    },
    {
      "SourcePinAddress":{
        "PinID":412862887,
        "PinOwnerID":1179622211
      },
      "TargetPinAddress":{
        "PinID":1308145196,
        "PinOwnerID":2111421502
      },
      "ConnectionType":0,
      "ConnectedWireIndex":-1,
      "ConnectedWireSegmentIndex":-1,
      "Points":[{"x":0.0,"y":0.0},{"x":0.0,"y":0.0}]
    },
    {
      "SourcePinAddress":{
        "PinID":2099446206,
        "PinOwnerID":1179622211
      },
      "TargetPinAddress":{
        "PinID":2097091608,
        "PinOwnerID":2111421502
      },
      "ConnectionType":0,
      "ConnectedWireIndex":-1,
      "ConnectedWireSegmentIndex":-1,
      "Points":[{"x":0.0,"y":0.0},{"x":0.0,"y":0.0}]
    },
    {
      "SourcePinAddress":{
        "PinID":1010753182,
        "PinOwnerID":1179622211
      },
      "TargetPinAddress":{
        "PinID":1957625802,
        "PinOwnerID":2111421502
      },
      "ConnectionType":0,
      "ConnectedWireIndex":-1,
      "ConnectedWireSegmentIndex":-1,
      "Points":[{"x":0.0,"y":0.0},{"x":0.0,"y":0.0}]
    },
    {
      "SourcePinAddress":{
        "PinID":1562918214,
        "PinOwnerID":1179622211
      },
      "TargetPinAddress":{
        "PinID":1612656153,
        "PinOwnerID":2111421502
      },
      "ConnectionType":0,
      "ConnectedWireIndex":-1,
      "ConnectedWireSegmentIndex":-1,
      "Points":[{"x":0.0,"y":0.0},{"x":0.0,"y":0.0}]
    },
    {
      "SourcePinAddress":{
        "PinID":1205674528,
        "PinOwnerID":1811383353
      },
      "TargetPinAddress":{
        "PinID":592835066,
        "PinOwnerID":1507173665
      },
      "ConnectionType":1,
      "ConnectedWireIndex":35,
      "ConnectedWireSegmentIndex":0,
      "Points":[{"x":-11.43211,"y":-0.51141},{"x":-11.51142,"y":-1.27166},{"x":0.0,"y":0.0}]
    },
    {
      "SourcePinAddress":{
        "PinID":329703237,
        "PinOwnerID":1507173665
      },
      "TargetPinAddress":{
        "PinID":584552999,
        "PinOwnerID":2111421502
      },
      "ConnectionType":0,
      "ConnectedWireIndex":-1,
      "ConnectedWireSegmentIndex":-1,
      "Points":[{"x":0.0,"y":0.0},{"x":-10.29652,"y":-1.27166},{"x":-10.34935,"y":-6.42176},{"x":0.0,"y":0.0}]
    },
    {
      "SourcePinAddress":{
        "PinID":1686933192,
        "PinOwnerID":987530751
      },
      "TargetPinAddress":{
        "PinID":0,
        "PinOwnerID":417786923
      },
      "ConnectionType":0,
      "ConnectedWireIndex":-1,
      "ConnectedWireSegmentIndex":-1,
      "Points":[{"x":0.0,"y":0.0},{"x":0.0,"y":0.0}]
    },
    {
      "SourcePinAddress":{
        "PinID":1686933192,
        "PinOwnerID":1333105268
      },
      "TargetPinAddress":{
        "PinID":0,
        "PinOwnerID":1341606318
      },
      "ConnectionType":0,
      "ConnectedWireIndex":-1,
      "ConnectedWireSegmentIndex":-1,
      "Points":[{"x":0.0,"y":0.0},{"x":0.0,"y":0.0}]
    },
    {
      "SourcePinAddress":{
        "PinID":1686933192,
        "PinOwnerID":1938416012
      },
      "TargetPinAddress":{
        "PinID":0,
        "PinOwnerID":898400899
      },
      "ConnectionType":0,
      "ConnectedWireIndex":-1,
      "ConnectedWireSegmentIndex":-1,
      "Points":[{"x":0.0,"y":0.0},{"x":0.0,"y":0.0}]
    },
    {
      "SourcePinAddress":{
        "PinID":1686933192,
        "PinOwnerID":2127694030
      },
      "TargetPinAddress":{
        "PinID":0,
        "PinOwnerID":1995346827
      },
      "ConnectionType":0,
      "ConnectedWireIndex":-1,
      "ConnectedWireSegmentIndex":-1,
      "Points":[{"x":0.0,"y":0.0},{"x":0.0,"y":0.0}]
    },
    {
      "SourcePinAddress":{
        "PinID":1452807932,
        "PinOwnerID":715137968
      },
      "TargetPinAddress":{
        "PinID":977249482,
        "PinOwnerID":987530751
      },
      "ConnectionType":0,
      "ConnectedWireIndex":-1,
      "ConnectedWireSegmentIndex":-1,
      "Points":[{"x":0.0,"y":0.0},{"x":0.0,"y":0.0}]
    },
    {
      "SourcePinAddress":{
        "PinID":1452807932,
        "PinOwnerID":2111421502
      },
      "TargetPinAddress":{
        "PinID":643740030,
        "PinOwnerID":987530751
      },
      "ConnectionType":0,
      "ConnectedWireIndex":-1,
      "ConnectedWireSegmentIndex":-1,
      "Points":[{"x":0.0,"y":0.0},{"x":0.0,"y":0.0}]
    },
    {
      "SourcePinAddress":{
        "PinID":226763273,
        "PinOwnerID":715137968
      },
      "TargetPinAddress":{
        "PinID":977249482,
        "PinOwnerID":1333105268
      },
      "ConnectionType":0,
      "ConnectedWireIndex":-1,
      "ConnectedWireSegmentIndex":-1,
      "Points":[{"x":0.0,"y":0.0},{"x":0.0,"y":0.0}]
    },
    {
      "SourcePinAddress":{
        "PinID":226763273,
        "PinOwnerID":2111421502
      },
      "TargetPinAddress":{
        "PinID":643740030,
        "PinOwnerID":1333105268
      },
      "ConnectionType":0,
      "ConnectedWireIndex":-1,
      "ConnectedWireSegmentIndex":-1,
      "Points":[{"x":0.0,"y":0.0},{"x":0.0,"y":0.0}]
    },
    {
      "SourcePinAddress":{
        "PinID":296717527,
        "PinOwnerID":2111421502
      },
      "TargetPinAddress":{
        "PinID":643740030,
        "PinOwnerID":1938416012
      },
      "ConnectionType":0,
      "ConnectedWireIndex":-1,
      "ConnectedWireSegmentIndex":-1,
      "Points":[{"x":0.0,"y":0.0},{"x":0.0,"y":0.0}]
    },
    {
      "SourcePinAddress":{
        "PinID":296717527,
        "PinOwnerID":715137968
      },
      "TargetPinAddress":{
        "PinID":977249482,
        "PinOwnerID":1938416012
      },
      "ConnectionType":0,
      "ConnectedWireIndex":-1,
      "ConnectedWireSegmentIndex":-1,
      "Points":[{"x":0.0,"y":0.0},{"x":0.0,"y":0.0}]
    },
    {
      "SourcePinAddress":{
        "PinID":1357541311,
        "PinOwnerID":715137968
      },
      "TargetPinAddress":{
        "PinID":977249482,
        "PinOwnerID":2127694030
      },
      "ConnectionType":0,
      "ConnectedWireIndex":-1,
      "ConnectedWireSegmentIndex":-1,
      "Points":[{"x":0.0,"y":0.0},{"x":0.0,"y":0.0}]
    },
    {
      "SourcePinAddress":{
        "PinID":1357541311,
        "PinOwnerID":2111421502
      },
      "TargetPinAddress":{
        "PinID":643740030,
        "PinOwnerID":2127694030
      },
      "ConnectionType":0,
      "ConnectedWireIndex":-1,
      "ConnectedWireSegmentIndex":-1,
      "Points":[{"x":0.0,"y":0.0},{"x":0.0,"y":0.0}]
    },
    {
      "SourcePinAddress":{
        "PinID":1952183416,
        "PinOwnerID":1179622211
      },
      "TargetPinAddress":{
        "PinID":0,
        "PinOwnerID":346333920
      },
      "ConnectionType":0,
      "ConnectedWireIndex":-1,
      "ConnectedWireSegmentIndex":-1,
      "Points":[{"x":0.0,"y":0.0},{"x":-3.14475,"y":-7.14233},{"x":0.0,"y":0.0}]
    }
  ],
  "Displays": null
}