{
  "DLSVersion": "2.1.6",
  "Name": "DIV",
  "NameLocation": 0,
  "ChipType": 0,
  "Size": {
    "x": 0.575,
    "y": 2.5
  },
  "Colour": {
    "r": 0.376652,
    "g": 0.266016752,
    "b": 0.27266258,
    "a": 1
  },
  "InputPins":[
    {
      "Name":"A3",
      "ID":1170667638,
      "Position":{
        "x":-13.91439,
        "y":8.16002
      },
      "BitCount":1,
      "Colour":0,
      "ValueDisplayMode":0
    },
    {
      "Name":"A2",
      "ID":687684483,
      "Position":{
        "x":-13.89666,
        "y":7.64567
      },
      "BitCount":1,
      "Colour":0,
      "ValueDisplayMode":0
    },
    {
      "Name":"A1",
      "ID":1557804891,
      "Position":{
        "x":-13.91439,
        "y":7.13132
      },
      "BitCount":1,
      "Colour":0,
      "ValueDisplayMode":0
    },
    {
      "Name":"A0",
      "ID":610774052,
      "Position":{
        "x":-13.93213,
        "y":6.63471
      },
      "BitCount":1,
      "Colour":0,
      "ValueDisplayMode":0
    },
    {
      "Name":"B3",
      "ID":1675614859,
      "Position":{
        "x":-13.91439,
        "y":5.87206
      },
      "BitCount":1,
      "Colour":0,
      "ValueDisplayMode":0
    },
    {
      "Name":"B2",
      "ID":1987676550,
      "Position":{
        "x":-13.89666,
        "y":5.39318
      },
      "BitCount":1,
      "Colour":0,
      "ValueDisplayMode":0
    },
    {
      "Name":"B1",
      "ID":1685804277,
      "Position":{
        "x":-13.87892,
        "y":4.87883
      },
      "BitCount":1,
      "Colour":0,
      "ValueDisplayMode":0
    },
    {
      "Name":"B0",
      "ID":325921855,
      "Position":{
        "x":-13.93213,
        "y":4.36448
      },
      "BitCount":1,
      "Colour":0,
      "ValueDisplayMode":0
    },
    {
      "Name":"RST",
      "ID":1997575310,
      "Position":{
        "x":-14.08472,
        "y":0.68337
      },
      "BitCount":1,
      "Colour":0,
      "ValueDisplayMode":0
    },
    {
      "Name":"CLK",
      "ID":2048499887,
      "Position":{
        "x":-14.08472,
        "y":-2.1278
      },
      "BitCount":1,
      "Colour":3,
      "ValueDisplayMode":0
    }
  ],
  "OutputPins":[
    {
      "Name":"D3",
      "ID":1562918214,
      "Position":{
        "x":11.69621,
        "y":-8.71342
      },
      "BitCount":1,
      "Colour":0,
      "ValueDisplayMode":0
    },
    {
      "Name":"D2",
      "ID":1010753182,
      "Position":{
        "x":11.70898,
        "y":-9.30074
      },
      "BitCount":1,
      "Colour":0,
      "ValueDisplayMode":0
    },
    {
      "Name":"D1",
      "ID":2099446206,
      "Position":{
        "x":11.74728,
        "y":-9.93914
      },
      "BitCount":1,
      "Colour":0,
      "ValueDisplayMode":0
    },
    {
      "Name":"D0",
      "ID":412862887,
      "Position":{
        "x":11.79836,
        "y":-10.66691
      },
      "BitCount":1,
      "Colour":0,
      "ValueDisplayMode":0
    },
    {
      "Name":"DONE",
      "ID":1952183416,
      "Position":{
        "x":11.82516,
        "y":-11.49324
      },
      "BitCount":1,
      "Colour":0,
      "ValueDisplayMode":0
    }
  ],
  "SubChips":[
    {
      "Name":"LOOP4",
      "ID":269987514,
      "Label":"",
      "Position":{
        "x":-8.73847,
        "y":-0.83516
      },
      "OutputPinColourInfo":[{"PinColour":0,"PinID":161714589},{"PinColour":0,"PinID":194257147},{"PinColour":0,"PinID":79318217}],
      "InternalData":null
    },
    {
      "Name":"4 BIT REG",
      "ID":245415641,
      "Label":"Remainder",
      "Position":{
        "x":-8.44545,
        "y":5.8922
      },
      "OutputPinColourInfo":[{"PinColour":0,"PinID":13869904},{"PinColour":0,"PinID":1983872400},{"PinColour":0,"PinID":1893517814},{"PinColour":0,"PinID":1350937073}],
      "InternalData":null
    },
    {
      "Name":"4 BIT REG",
      "ID":1577384880,
      "Label":"Divisor",
      "Position":{
        "x":-4.28862,
        "y":2.95265
      },
      "OutputPinColourInfo":[{"PinColour":0,"PinID":13869904},{"PinColour":0,"PinID":1983872400},{"PinColour":0,"PinID":1893517814},{"PinColour":0,"PinID":1350937073}],
      "InternalData":null
    },
    {
      "Name":"4 BIT REG",
      "ID":1640656421,
      "Label":"Quotient",
      "Position":{
        "x":-8.38664,
        "y":2.85933
      },
      "OutputPinColourInfo":[{"PinColour":0,"PinID":13869904},{"PinColour":0,"PinID":1983872400},{"PinColour":0,"PinID":1893517814},{"PinColour":0,"PinID":1350937073}],
      "InternalData":null
    },
    {
      "Name":"4 BIT REG",
      "ID":972195382,
      "Label":"Dividend",
      "Position":{
        "x":-4.17857,
        "y":6.05668
      },
      "OutputPinColourInfo":[{"PinColour":0,"PinID":13869904},{"PinColour":0,"PinID":1983872400},{"PinColour":0,"PinID":1893517814},{"PinColour":0,"PinID":1350937073}],
      "InternalData":null
    },
    {
      "Name":"OR BITWISE",
      "ID":245085040,
      "Label":"",
      "Position":{
        "x":4.43476,
        "y":6.74263
      },
      "OutputPinColourInfo":[{"PinColour":0,"PinID":1186771929},{"PinColour":0,"PinID":963837535},{"PinColour":0,"PinID":1836406637},{"PinColour":0,"PinID":1531595500}],
      "InternalData":null
    },
    {
      "Name":"AND BITWISE",
      "ID":151280293,
      "Label":"",
      "Position":{
        "x":1.83331,
        "y":5.45427
      },
      "OutputPinColourInfo":[{"PinColour":0,"PinID":1186771929},{"PinColour":0,"PinID":963837535},{"PinColour":0,"PinID":1836406637},{"PinColour":0,"PinID":1531595500}],
      "InternalData":null
    },
    {
      "Name":"UP DOWN SHIFT",
      "ID":702461402,
      "Label":"",
      "Position":{
        "x":-1.90955,
        "y":10.02052
      },
      "OutputPinColourInfo":[{"PinColour":0,"PinID":1096973195},{"PinColour":0,"PinID":1249444172},{"PinColour":0,"PinID":299378625},{"PinColour":0,"PinID":1013635797}],
      "InternalData":null
    },
    {
      "Name":"COMPARATOR 4 BIT",
      "ID":2072908970,
      "Label":"",
      "Position":{
        "x":9.69612,
        "y":6.15709
      },
      "OutputPinColourInfo":[{"PinColour":0,"PinID":1667074561},{"PinColour":0,"PinID":140950673},{"PinColour":0,"PinID":1587013633}],
      "InternalData":null
    },
    {
      "Name":"OR",
      "ID":825810025,
      "Label":"",
      "Position":{
        "x":11.56478,
        "y":6.61023
      },
      "OutputPinColourInfo":[{"PinColour":0,"PinID":1686933192}],
      "InternalData":null
    },
    {
      "Name":"BUFFER",
      "ID":1793399367,
      "Label":"",
      "Position":{
        "x":12.90812,
        "y":4.29082
      },
      "OutputPinColourInfo":[{"PinColour":0,"PinID":1452807932},{"PinColour":0,"PinID":226763273},{"PinColour":0,"PinID":296717527},{"PinColour":0,"PinID":1357541311}],
      "InternalData":null
    },
    {
      "Name":"ADD SUB",
      "ID":648363611,
      "Label":"",
      "Position":{
        "x":13.91798,
        "y":0.58873
      },
      "OutputPinColourInfo":[{"PinColour":0,"PinID":1954873597},{"PinColour":0,"PinID":2139376697},{"PinColour":0,"PinID":1664116527},{"PinColour":0,"PinID":343205061},{"PinColour":0,"PinID":311084031}],
      "InternalData":null
    },
    {
      "Name":"BUFFER",
      "ID":1168998868,
      "Label":"",
      "Position":{
        "x":16.4074,
        "y":0.63954
      },
      "OutputPinColourInfo":[{"PinColour":0,"PinID":1452807932},{"PinColour":0,"PinID":226763273},{"PinColour":0,"PinID":296717527},{"PinColour":0,"PinID":1357541311}],
      "InternalData":null
    },
    {
      "Name":"BUS-1",
      "ID":1045703954,
      "Label":"",
      "Position":{
        "x":-13.43846,
        "y":14.78625
      },
      "OutputPinColourInfo":null,
      "InternalData":[1690428181,0]
    },
    {
      "Name":"BUS-TERMINUS-1",
      "ID":1690428181,
      "Label":"",
      "Position":{
        "x":20.81879,
        "y":14.71097
      },
      "OutputPinColourInfo":null,
      "InternalData":[1045703954,0]
    },
    {
      "Name":"BUS-1",
      "ID":1908805874,
      "Label":"",
      "Position":{
        "x":-13.43846,
        "y":14.40625
      },
      "OutputPinColourInfo":null,
      "InternalData":[479288401,0]
    },
    {
      "Name":"BUS-TERMINUS-1",
      "ID":479288401,
      "Label":"",
      "Position":{
        "x":20.81879,
        "y":14.33097
      },
      "OutputPinColourInfo":null,
      "InternalData":[1908805874,0]
    },
    {
      "Name":"BUS-1",
      "ID":1581633412,
      "Label":"",
      "Position":{
        "x":-13.43846,
        "y":14.02625
      },
      "OutputPinColourInfo":null,
      "InternalData":[289578378,0]
    },
    {
      "Name":"BUS-TERMINUS-1",
      "ID":289578378,
      "Label":"",
      "Position":{
        "x":20.81879,
        "y":13.95097
      },
      "OutputPinColourInfo":null,
      "InternalData":[1581633412,0]
    },
    {
      "Name":"BUS-1",
      "ID":1840002835,
      "Label":"",
      "Position":{
        "x":-13.43846,
        "y":13.64626
      },
      "OutputPinColourInfo":null,
      "InternalData":[244366662,0]
    },
    {
      "Name":"BUS-TERMINUS-1",
      "ID":244366662,
      "Label":"",
      "Position":{
        "x":20.81879,
        "y":13.57097
      },
      "OutputPinColourInfo":null,
      "InternalData":[1840002835,0]
    },
    {
      "Name":"4 BIT REG",
      "ID":1907655347,
      "Label":"",
      "Position":{
        "x":19.46917,
        "y":2.29796
      },
      "OutputPinColourInfo":[{"PinColour":0,"PinID":13869904},{"PinColour":0,"PinID":1983872400},{"PinColour":0,"PinID":1893517814},{"PinColour":0,"PinID":1350937073}],
      "InternalData":null
    },
    {
      "Name":"OR",
      "ID":484727273,
      "Label":"",
      "Position":{
        "x":15.51657,
        "y":2.59815
      },
      "OutputPinColourInfo":[{"PinColour":0,"PinID":1686933192}],
      "InternalData":null
    },
    {
      "Name":"AND",
      "ID":1517720555,
      "Label":"",
      "Position":{
        "x":16.93108,
        "y":2.05796
      },
      "OutputPinColourInfo":[{"PinColour":0,"PinID":1834173622}],
      "InternalData":null
    },
    {
      "Name":"NOT",
      "ID":1315379977,
      "Label":"",
      "Position":{
        "x":16.19185,
        "y":-1.12114
      },
      "OutputPinColourInfo":[{"PinColour":0,"PinID":329703237}],
      "InternalData":null
    },
    {
      "Name":"SHIFT",
      "ID":219604219,
      "Label":"",
      "Position":{
        "x":-0.98738,
        "y":6.10216
      },
      "OutputPinColourInfo":[{"PinColour":0,"PinID":83607915},{"PinColour":0,"PinID":36221815},{"PinColour":0,"PinID":1058707858},{"PinColour":0,"PinID":688080210}],
      "InternalData":null
    },
    {
      "Name":"BUS-1",
      "ID":1820963684,
      "Label":"",
      "Position":{
        "x":-13.3685,
        "y":13.10952
      },
      "OutputPinColourInfo":null,
      "InternalData":[1026052264,0]
    },
    {
      "Name":"BUS-TERMINUS-1",
      "ID":1026052264,
      "Label":"",
      "Position":{
        "x":20.89416,
        "y":13.07745
      },
      "OutputPinColourInfo":null,
      "InternalData":[1820963684,0]
    },
    {
      "Name":"NOT",
      "ID":1977828421,
      "Label":"",
      "Position":{
        "x":18.00822,
        "y":4.19786
      },
      "OutputPinColourInfo":[{"PinColour":0,"PinID":329703237}],
      "InternalData":null
    },
    {
      "Name":"BUFFER",
      "ID":462833248,
      "Label":"",
      "Position":{
        "x":21.91922,
        "y":-4.27538
      },
      "OutputPinColourInfo":[{"PinColour":0,"PinID":1452807932},{"PinColour":0,"PinID":226763273},{"PinColour":0,"PinID":296717527},{"PinColour":0,"PinID":1357541311}],
      "InternalData":null
    },
    {
      "Name":"SHIFT",
      "ID":1414930954,
      "Label":"",
      "Position":{
        "x":16.44487,
        "y":-3.46557
      },
      "OutputPinColourInfo":[{"PinColour":0,"PinID":83607915},{"PinColour":0,"PinID":36221815},{"PinColour":0,"PinID":1058707858},{"PinColour":0,"PinID":688080210}],
      "InternalData":null
    },
    {
      "Name":"OR BITWISE",
      "ID":1978238034,
      "Label":"",
      "Position":{
        "x":19.57082,
        "y":-2.29637
      },
      "OutputPinColourInfo":[{"PinColour":0,"PinID":1186771929},{"PinColour":0,"PinID":963837535},{"PinColour":0,"PinID":1836406637},{"PinColour":0,"PinID":1531595500}],
      "InternalData":null
    },
    {
      "Name":"4 BIT REG",
      "ID":2071009958,
      "Label":"",
      "Position":{
        "x":24.03693,
        "y":-4.62946
      },
      "OutputPinColourInfo":[{"PinColour":0,"PinID":13869904},{"PinColour":0,"PinID":1983872400},{"PinColour":0,"PinID":1893517814},{"PinColour":0,"PinID":1350937073}],
      "InternalData":null
    },
    {
      "Name":"BUS-1",
      "ID":1602094896,
      "Label":"",
      "Position":{
        "x":-13.83438,
        "y":-6.43201
      },
      "OutputPinColourInfo":null,
      "InternalData":[19026954,0]
    },
    {
      "Name":"BUS-TERMINUS-1",
      "ID":19026954,
      "Label":"",
      "Position":{
        "x":25.46145,
        "y":-6.62657
      },
      "OutputPinColourInfo":null,
      "InternalData":[1602094896,0]
    },
    {
      "Name":"BUS-1",
      "ID":569816482,
      "Label":"",
      "Position":{
        "x":-13.83438,
        "y":-6.81201
      },
      "OutputPinColourInfo":null,
      "InternalData":[1877641393,0]
    },
    {
      "Name":"BUS-TERMINUS-1",
      "ID":1877641393,
      "Label":"",
      "Position":{
        "x":25.46145,
        "y":-7.00657
      },
      "OutputPinColourInfo":null,
      "InternalData":[569816482,0]
    },
    {
      "Name":"BUS-1",
      "ID":930606508,
      "Label":"",
      "Position":{
        "x":-13.83438,
        "y":-7.19201
      },
      "OutputPinColourInfo":null,
      "InternalData":[1510519236,0]
    },
    {
      "Name":"BUS-TERMINUS-1",
      "ID":1510519236,
      "Label":"",
      "Position":{
        "x":25.46145,
        "y":-7.38657
      },
      "OutputPinColourInfo":null,
      "InternalData":[930606508,0]
    },
    {
      "Name":"BUS-1",
      "ID":1457895909,
      "Label":"",
      "Position":{
        "x":-13.83438,
        "y":-7.57201
      },
      "OutputPinColourInfo":null,
      "InternalData":[1152157427,0]
    },
    {
      "Name":"BUS-TERMINUS-1",
      "ID":1152157427,
      "Label":"",
      "Position":{
        "x":25.46145,
        "y":-7.76657
      },
      "OutputPinColourInfo":null,
      "InternalData":[1457895909,0]
    },
    {
      "Name":"BUS-1",
      "ID":1520071873,
      "Label":"",
      "Position":{
        "x":-13.83438,
        "y":-7.95201
      },
      "OutputPinColourInfo":null,
      "InternalData":[2133012026,0]
    },
    {
      "Name":"BUS-TERMINUS-1",
      "ID":2133012026,
      "Label":"",
      "Position":{
        "x":25.46145,
        "y":-8.14657
      },
      "OutputPinColourInfo":null,
      "InternalData":[1520071873,0]
    },
    {
      "Name":"BUFFER",
      "ID":1443344520,
      "Label":"",
      "Position":{
        "x":-11.69304,
        "y":-4.51228
      },
      "OutputPinColourInfo":[{"PinColour":0,"PinID":1452807932},{"PinColour":0,"PinID":226763273},{"PinColour":0,"PinID":296717527},{"PinColour":0,"PinID":1357541311}],
      "InternalData":null
    },
    {
      "Name":"NOT",
      "ID":509862435,
      "Label":"",
      "Position":{
        "x":-14.17761,
        "y":-5.10817
      },
      "OutputPinColourInfo":[{"PinColour":0,"PinID":329703237}],
      "InternalData":null
    },
    {
      "Name":"NOT",
      "ID":1251994075,
      "Label":"",
      "Position":{
        "x":-14.20207,
        "y":10.33399
      },
      "OutputPinColourInfo":[{"PinColour":0,"PinID":329703237}],
      "InternalData":null
    },
    {
      "Name":"BUFFER",
      "ID":419359234,
      "Label":"",
      "Position":{
        "x":-11.92858,
        "y":10.84813
      },
      "OutputPinColourInfo":[{"PinColour":0,"PinID":1452807932},{"PinColour":0,"PinID":226763273},{"PinColour":0,"PinID":296717527},{"PinColour":0,"PinID":1357541311}],
      "InternalData":null
    },
    {
      "Name":"NOT",
      "ID":289269254,
      "Label":"",
      "Position":{
        "x":20.83017,
        "y":-5.96578
      },
      "OutputPinColourInfo":[{"PinColour":0,"PinID":329703237}],
      "InternalData":null
    },
    {
      "Name":"OR",
      "ID":1896103161,
      "Label":"",
      "Position":{
        "x":18.75624,
        "y":4.68271
      },
      "OutputPinColourInfo":[{"PinColour":0,"PinID":1686933192}],
      "InternalData":null
    },
    {
      "Name":"OR",
      "ID":123652536,
      "Label":"",
      "Position":{
        "x":22.02896,
        "y":-6.25664
      },
      "OutputPinColourInfo":[{"PinColour":0,"PinID":1686933192}],
      "InternalData":null
    },
    {
      "Name":"OR",
      "ID":1614008590,
      "Label":"",
      "Position":{
        "x":11.61719,
        "y":-4.67005
      },
      "OutputPinColourInfo":[{"PinColour":0,"PinID":1686933192}],
      "InternalData":null
    },
    {
      "Name":"NOT",
      "ID":2042461342,
      "Label":"",
      "Position":{
        "x":12.45642,
        "y":-4.61625
      },
      "OutputPinColourInfo":[{"PinColour":0,"PinID":329703237}],
      "InternalData":null
    },
    {
      "Name":"OR",
      "ID":141404245,
      "Label":"",
      "Position":{
        "x":-2.37332,
        "y":3.97585
      },
      "OutputPinColourInfo":[{"PinColour":0,"PinID":1686933192}],
      "InternalData":null
    },
    {
      "Name":"NOT",
      "ID":1568109314,
      "Label":"",
      "Position":{
        "x":-1.50089,
        "y":4.00269
      },
      "OutputPinColourInfo":[{"PinColour":0,"PinID":329703237}],
      "InternalData":null
    },
    {
      "Name":"OR",
      "ID":623011264,
      "Label":"",
      "Position":{
        "x":-10.34313,
        "y":5.79425
      },
      "OutputPinColourInfo":[{"PinColour":0,"PinID":1686933192}],
      "InternalData":null
    },
    {
      "Name":"OR",
      "ID":377619164,
      "Label":"",
      "Position":{
        "x":-9.86258,
        "y":-0.22288
      },
      "OutputPinColourInfo":[{"PinColour":0,"PinID":1686933192}],
      "InternalData":null
    },
    {
      "Name":"AND",
      "ID":516189829,
      "Label":"",
      "Position":{
        "x":20.43748,
        "y":-5.38074
      },
      "OutputPinColourInfo":[{"PinColour":0,"PinID":1834173622}],
      "InternalData":null
    },
    {
      "Name":"OR",
      "ID":725834346,
      "Label":"",
      "Position":{
        "x":21.53088,
        "y":-5.23883
      },
      "OutputPinColourInfo":[{"PinColour":0,"PinID":1686933192}],
      "InternalData":null
    },
    {
      "Name":"NOT",
      "ID":43474014,
      "Label":"",
      "Position":{
        "x":12.42887,
        "y":3.09691
      },
      "OutputPinColourInfo":[{"PinColour":0,"PinID":329703237}],
      "InternalData":null
    },
    {
      "Name":"NOT",
      "ID":502124922,
      "Label":"",
      "Position":{
        "x":12.57663,
        "y":7.49797
      },
      "OutputPinColourInfo":[{"PinColour":0,"PinID":329703237}],
      "InternalData":null
    },
    {
      "Name":"NOT",
      "ID":1036795861,
      "Label":"",
      "Position":{
        "x":9.8796,
        "y":2.37921
      },
      "OutputPinColourInfo":[{"PinColour":0,"PinID":329703237}],
      "InternalData":null
    },
    {
      "Name":"AND 3",
      "ID":1887303431,
      "Label":"",
      "Position":{
        "x":13.61921,
        "y":3.05756
      },
      "OutputPinColourInfo":[{"PinColour":0,"PinID":736417241}],
      "InternalData":null
    },
    {
      "Name":"AND 3",
      "ID":583887538,
      "Label":"",
      "Position":{
        "x":13.80526,
        "y":6.68766
      },
      "OutputPinColourInfo":[{"PinColour":0,"PinID":736417241}],
      "InternalData":null
    },
    {
      "Name":"OR",
      "ID":984122574,
      "Label":"",
      "Position":{
        "x":18.55155,
        "y":0.76409
      },
      "OutputPinColourInfo":[{"PinColour":0,"PinID":1686933192}],
      "InternalData":null
    },
    {
      "Name":"BUFFER",
      "ID":2043994293,
      "Label":"",
      "Position":{
        "x":8.12261,
        "y":-9.54725
      },
      "OutputPinColourInfo":[{"PinColour":0,"PinID":1452807932},{"PinColour":0,"PinID":226763273},{"PinColour":0,"PinID":296717527},{"PinColour":0,"PinID":1357541311}],
      "InternalData":null
    }
  ],
  "Wires":[
    {
      "SourcePinAddress":{
        "PinID":0,
        "PinOwnerID":2048499887
      },
      "TargetPinAddress":{
        "PinID":1823909879,
        "PinOwnerID":269987514
      },
      "ConnectionType":0,
      "ConnectedWireIndex":-1,
      "ConnectedWireSegmentIndex":-1,
      "Points":[{"x":0.0,"y":0.0},{"x":0.0,"y":0.0}]
    },
    {
      "SourcePinAddress":{
        "PinID":0,
        "PinOwnerID":1997575310
      },
      "TargetPinAddress":{
        "PinID":1797706316,
        "PinOwnerID":269987514
      },
      "ConnectionType":0,
      "ConnectedWireIndex":-1,
      "ConnectedWireSegmentIndex":-1,
      "Points":[{"x":0.0,"y":0.0},{"x":0.0,"y":0.0}]
    },
    {
      "SourcePinAddress":{
        "PinID":0,
        "PinOwnerID":2048499887
      },
      "TargetPinAddress":{
        "PinID":674377508,
        "PinOwnerID":245415641
      },
      "ConnectionType":1,
      "ConnectedWireIndex":0,
      "ConnectedWireSegmentIndex":0,
      "Points":[{"x":-10.49141,"y":-2.18528},{"x":-10.56225,"y":5.28676},{"x":0.0,"y":0.0}]
    },
    {
      "SourcePinAddress":{
        "PinID":0,
        "PinOwnerID":2048499887
      },
      "TargetPinAddress":{
        "PinID":674377508,
        "PinOwnerID":1640656421
      },
      "ConnectionType":1,
      "ConnectedWireIndex":2,
      "ConnectedWireSegmentIndex":0,
      "Points":[{"x":-10.53299,"y":2.20044},{"x":0.0,"y":0.0}]
    },
    {
      "SourcePinAddress":{
        "PinID":0,
        "PinOwnerID":1170667638
      },
      "TargetPinAddress":{
        "PinID":217290371,
        "PinOwnerID":972195382
      },
      "ConnectionType":0,
      "ConnectedWireIndex":-1,
      "ConnectedWireSegmentIndex":-1,
      "Points":[{"x":0.0,"y":0.0},{"x":-4.99309,"y":8.1955},{"x":-4.95762,"y":6.67018},{"x":0.0,"y":0.0}]
    },
    {
      "SourcePinAddress":{
        "PinID":0,
        "PinOwnerID":687684483
      },
      "TargetPinAddress":{
        "PinID":385223175,
        "PinOwnerID":972195382
      },
      "ConnectionType":0,
      "ConnectedWireIndex":-1,
      "ConnectedWireSegmentIndex":-1,
      "Points":[{"x":0.0,"y":0.0},{"x":-5.15272,"y":7.59247},{"x":-5.13498,"y":6.43961},{"x":0.0,"y":0.0}]
    },
    {
      "SourcePinAddress":{
        "PinID":0,
        "PinOwnerID":1557804891
      },
      "TargetPinAddress":{
        "PinID":464952480,
        "PinOwnerID":972195382
      },
      "ConnectionType":0,
      "ConnectedWireIndex":-1,
      "ConnectedWireSegmentIndex":-1,
      "Points":[{"x":0.0,"y":0.0},{"x":-5.33008,"y":7.14906},{"x":-5.29461,"y":6.19131},{"x":0.0,"y":0.0}]
    },
    {
      "SourcePinAddress":{
        "PinID":0,
        "PinOwnerID":610774052
      },
      "TargetPinAddress":{
        "PinID":236702342,
        "PinOwnerID":972195382
      },
      "ConnectionType":0,
      "ConnectedWireIndex":-1,
      "ConnectedWireSegmentIndex":-1,
      "Points":[{"x":0.0,"y":0.0},{"x":-10.57999,"y":6.61697},{"x":-10.59773,"y":6.81207},{"x":-5.59612,"y":6.74113},{"x":-5.56065,"y":5.97847},{"x":0.0,"y":0.0}]
    },
    {
      "SourcePinAddress":{
        "PinID":0,
        "PinOwnerID":1997575310
      },
      "TargetPinAddress":{
        "PinID":1180692063,
        "PinOwnerID":972195382
      },
      "ConnectionType":1,
      "ConnectedWireIndex":1,
      "ConnectedWireSegmentIndex":0,
      "Points":[{"x":-9.81642,"y":0.55941},{"x":-9.89122,"y":4.68368},{"x":-5.4897,"y":4.7192},{"x":-5.50744,"y":5.73017},{"x":0.0,"y":0.0}]
    },
    {
      "SourcePinAddress":{
        "PinID":0,
        "PinOwnerID":1997575310
      },
      "TargetPinAddress":{
        "PinID":1180692063,
        "PinOwnerID":1577384880
      },
      "ConnectionType":1,
      "ConnectedWireIndex":8,
      "ConnectedWireSegmentIndex":2,
      "Points":[{"x":-5.49033,"y":4.75529},{"x":-5.40102,"y":2.64407},{"x":0.0,"y":0.0}]
    },
    {
      "SourcePinAddress":{
        "PinID":0,
        "PinOwnerID":1675614859
      },
      "TargetPinAddress":{
        "PinID":217290371,
        "PinOwnerID":1577384880
      },
      "ConnectionType":0,
      "ConnectedWireIndex":-1,
      "ConnectedWireSegmentIndex":-1,
      "Points":[{"x":0.0,"y":0.0},{"x":-11.16529,"y":5.90753},{"x":-11.11208,"y":4.34674},{"x":-5.64933,"y":4.36448},{"x":-5.64933,"y":3.60182},{"x":0.0,"y":0.0}]
    },
    {
      "SourcePinAddress":{
        "PinID":0,
        "PinOwnerID":1987676550
      },
      "TargetPinAddress":{
        "PinID":385223175,
        "PinOwnerID":1577384880
      },
      "ConnectionType":0,
      "ConnectedWireIndex":-1,
      "ConnectedWireSegmentIndex":-1,
      "Points":[{"x":0.0,"y":0.0},{"x":-11.30717,"y":5.42865},{"x":-11.30717,"y":4.22259},{"x":-5.77348,"y":4.16938},{"x":-5.75575,"y":3.42446},{"x":0.0,"y":0.0}]
    },
    {
      "SourcePinAddress":{
        "PinID":0,
        "PinOwnerID":1685804277
      },
      "TargetPinAddress":{
        "PinID":464952480,
        "PinOwnerID":1577384880
      },
      "ConnectionType":0,
      "ConnectedWireIndex":-1,
      "ConnectedWireSegmentIndex":-1,
      "Points":[{"x":0.0,"y":0.0},{"x":-11.4668,"y":4.93204},{"x":-11.48454,"y":4.02749},{"x":-5.91537,"y":4.04523},{"x":-5.86216,"y":3.10521},{"x":0.0,"y":0.0}]
    },
    {
      "SourcePinAddress":{
        "PinID":0,
        "PinOwnerID":325921855
      },
      "TargetPinAddress":{
        "PinID":236702342,
        "PinOwnerID":1577384880
      },
      "ConnectionType":0,
      "ConnectedWireIndex":-1,
      "ConnectedWireSegmentIndex":-1,
      "Points":[{"x":0.0,"y":0.0},{"x":-11.64416,"y":4.39995},{"x":-11.64416,"y":3.79692},{"x":-6.05726,"y":3.79692},{"x":-6.02179,"y":2.82143},{"x":0.0,"y":0.0}]
    },
    {
      "SourcePinAddress":{
        "PinID":0,
        "PinOwnerID":2048499887
      },
      "TargetPinAddress":{
        "PinID":674377508,
        "PinOwnerID":972195382
      },
      "ConnectionType":1,
      "ConnectedWireIndex":2,
      "ConnectedWireSegmentIndex":0,
      "Points":[{"x":-10.55586,"y":4.61285},{"x":-5.86216,"y":4.57731},{"x":-5.91537,"y":5.51733},{"x":0.0,"y":0.0}]
    },
    {
      "SourcePinAddress":{
        "PinID":0,
        "PinOwnerID":2048499887
      },
      "TargetPinAddress":{
        "PinID":674377508,
        "PinOwnerID":1577384880
      },
      "ConnectionType":1,
      "ConnectedWireIndex":2,
      "ConnectedWireSegmentIndex":0,
      "Points":[{"x":-10.52778,"y":1.65117},{"x":-5.25913,"y":1.63311},{"x":-5.29461,"y":2.43123},{"x":0.0,"y":0.0}]
    },
    {
      "SourcePinAddress":{
        "PinID":13869904,
        "PinOwnerID":245415641
      },
      "TargetPinAddress":{
        "PinID":1562534174,
        "PinOwnerID":702461402
      },
      "ConnectionType":0,
      "ConnectedWireIndex":-1,
      "ConnectedWireSegmentIndex":-1,
      "Points":[{"x":0.0,"y":0.0},{"x":-8.05775,"y":10.68867},{"x":0.0,"y":0.0}]
    },
    {
      "SourcePinAddress":{
        "PinID":1983872400,
        "PinOwnerID":245415641
      },
      "TargetPinAddress":{
        "PinID":152654686,
        "PinOwnerID":702461402
      },
      "ConnectionType":0,
      "ConnectedWireIndex":-1,
      "ConnectedWireSegmentIndex":-1,
      "Points":[{"x":0.0,"y":0.0},{"x":-7.64619,"y":6.08309},{"x":-7.76378,"y":10.41429},{"x":0.0,"y":0.0}]
    },
    {
      "SourcePinAddress":{
        "PinID":1893517814,
        "PinOwnerID":245415641
      },
      "TargetPinAddress":{
        "PinID":1669155460,
        "PinOwnerID":702461402
      },
      "ConnectionType":0,
      "ConnectedWireIndex":-1,
      "ConnectedWireSegmentIndex":-1,
      "Points":[{"x":0.0,"y":0.0},{"x":-7.35222,"y":5.69112},{"x":-7.509,"y":10.19871},{"x":0.0,"y":0.0}]
    },
    {
      "SourcePinAddress":{
        "PinID":1350937073,
        "PinOwnerID":245415641
      },
      "TargetPinAddress":{
        "PinID":2075257181,
        "PinOwnerID":702461402
      },
      "ConnectionType":0,
      "ConnectedWireIndex":-1,
      "ConnectedWireSegmentIndex":-1,
      "Points":[{"x":0.0,"y":0.0},{"x":-7.11704,"y":5.25996},{"x":-7.21503,"y":9.94394},{"x":0.0,"y":0.0}]
    },
    {
      "SourcePinAddress":{
        "PinID":0,
        "PinOwnerID":2048499887
      },
      "TargetPinAddress":{
        "PinID":526764071,
        "PinOwnerID":702461402
      },
      "ConnectionType":1,
      "ConnectedWireIndex":14,
      "ConnectedWireSegmentIndex":1,
      "Points":[{"x":-5.91241,"y":5.46512},{"x":-5.91733,"y":9.70988},{"x":0.0,"y":0.0}]
    },
    {
      "SourcePinAddress":{
        "PinID":0,
        "PinOwnerID":2048499887
      },
      "TargetPinAddress":{
        "PinID":1308905378,
        "PinOwnerID":151280293
      },
      "ConnectionType":1,
      "ConnectedWireIndex":14,
      "ConnectedWireSegmentIndex":2,
      "Points":[{"x":-5.07069,"y":5.45775},{"x":-5.08907,"y":4.64155},{"x":-1.97762,"y":4.56702},{"x":-1.97876,"y":4.60366},{"x":0.0,"y":0.0}]
    },
    {
      "SourcePinAddress":{
        "PinID":1186771929,
        "PinOwnerID":151280293
      },
      "TargetPinAddress":{
        "PinID":1322951763,
        "PinOwnerID":245085040
      },
      "ConnectionType":0,
      "ConnectedWireIndex":-1,
      "ConnectedWireSegmentIndex":-1,
      "Points":[{"x":0.0,"y":0.0},{"x":0.0,"y":0.0}]
    },
    {
      "SourcePinAddress":{
        "PinID":963837535,
        "PinOwnerID":151280293
      },
      "TargetPinAddress":{
        "PinID":10626218,
        "PinOwnerID":245085040
      },
      "ConnectionType":0,
      "ConnectedWireIndex":-1,
      "ConnectedWireSegmentIndex":-1,
      "Points":[{"x":0.0,"y":0.0},{"x":0.0,"y":0.0}]
    },
    {
      "SourcePinAddress":{
        "PinID":1836406637,
        "PinOwnerID":151280293
      },
      "TargetPinAddress":{
        "PinID":574029422,
        "PinOwnerID":245085040
      },
      "ConnectionType":0,
      "ConnectedWireIndex":-1,
      "ConnectedWireSegmentIndex":-1,
      "Points":[{"x":0.0,"y":0.0},{"x":0.0,"y":0.0}]
    },
    {
      "SourcePinAddress":{
        "PinID":1531595500,
        "PinOwnerID":151280293
      },
      "TargetPinAddress":{
        "PinID":1308905378,
        "PinOwnerID":245085040
      },
      "ConnectionType":0,
      "ConnectedWireIndex":-1,
      "ConnectedWireSegmentIndex":-1,
      "Points":[{"x":0.0,"y":0.0},{"x":0.0,"y":0.0}]
    },
    {
      "SourcePinAddress":{
        "PinID":1013635797,
        "PinOwnerID":702461402
      },
      "TargetPinAddress":{
        "PinID":24400614,
        "PinOwnerID":245085040
      },
      "ConnectionType":0,
      "ConnectedWireIndex":-1,
      "ConnectedWireSegmentIndex":-1,
      "Points":[{"x":0.0,"y":0.0},{"x":0.0,"y":0.0}]
    },
    {
      "SourcePinAddress":{
        "PinID":299378625,
        "PinOwnerID":702461402
      },
      "TargetPinAddress":{
        "PinID":1933987713,
        "PinOwnerID":245085040
      },
      "ConnectionType":0,
      "ConnectedWireIndex":-1,
      "ConnectedWireSegmentIndex":-1,
      "Points":[{"x":0.0,"y":0.0},{"x":0.0,"y":0.0}]
    },
    {
      "SourcePinAddress":{
        "PinID":1249444172,
        "PinOwnerID":702461402
      },
      "TargetPinAddress":{
        "PinID":166927238,
        "PinOwnerID":245085040
      },
      "ConnectionType":0,
      "ConnectedWireIndex":-1,
      "ConnectedWireSegmentIndex":-1,
      "Points":[{"x":0.0,"y":0.0},{"x":0.0,"y":0.0}]
    },
    {
      "SourcePinAddress":{
        "PinID":1096973195,
        "PinOwnerID":702461402
      },
      "TargetPinAddress":{
        "PinID":861207914,
        "PinOwnerID":245085040
      },
      "ConnectionType":0,
      "ConnectedWireIndex":-1,
      "ConnectedWireSegmentIndex":-1,
      "Points":[{"x":0.0,"y":0.0},{"x":0.0,"y":0.0}]
    },
    {
      "SourcePinAddress":{
        "PinID":13869904,
        "PinOwnerID":1577384880
      },
      "TargetPinAddress":{
        "PinID":1037311469,
        "PinOwnerID":2072908970
      },
      "ConnectionType":0,
      "ConnectedWireIndex":-1,
      "ConnectedWireSegmentIndex":-1,
      "Points":[{"x":0.0,"y":0.0},{"x":6.89331,"y":3.39182},{"x":6.866,"y":5.90378},{"x":0.0,"y":0.0}]
    },
    {
      "SourcePinAddress":{
        "PinID":1983872400,
        "PinOwnerID":1577384880
      },
      "TargetPinAddress":{
        "PinID":1456330650,
        "PinOwnerID":2072908970
      },
      "ConnectionType":0,
      "ConnectedWireIndex":-1,
      "ConnectedWireSegmentIndex":-1,
      "Points":[{"x":0.0,"y":0.0},{"x":7.05713,"y":3.18704},{"x":7.11174,"y":5.71265},{"x":0.0,"y":0.0}]
    },
    {
      "SourcePinAddress":{
        "PinID":1893517814,
        "PinOwnerID":1577384880
      },
      "TargetPinAddress":{
        "PinID":236788206,
        "PinOwnerID":2072908970
      },
      "ConnectionType":0,
      "ConnectedWireIndex":-1,
      "ConnectedWireSegmentIndex":-1,
      "Points":[{"x":0.0,"y":0.0},{"x":7.30287,"y":2.90035},{"x":7.34382,"y":5.49422},{"x":0.0,"y":0.0}]
    },
    {
      "SourcePinAddress":{
        "PinID":1350937073,
        "PinOwnerID":1577384880
      },
      "TargetPinAddress":{
        "PinID":548560972,
        "PinOwnerID":2072908970
      },
      "ConnectionType":0,
      "ConnectedWireIndex":-1,
      "ConnectedWireSegmentIndex":-1,
      "Points":[{"x":0.0,"y":0.0},{"x":7.61686,"y":2.50444},{"x":7.60321,"y":5.26213},{"x":0.0,"y":0.0}]
    },
    {
      "SourcePinAddress":{
        "PinID":140950673,
        "PinOwnerID":2072908970
      },
      "TargetPinAddress":{
        "PinID":643740030,
        "PinOwnerID":825810025
      },
      "ConnectionType":0,
      "ConnectedWireIndex":-1,
      "ConnectedWireSegmentIndex":-1,
      "Points":[{"x":0.0,"y":0.0},{"x":0.0,"y":0.0}]
    },
    {
      "SourcePinAddress":{
        "PinID":1667074561,
        "PinOwnerID":2072908970
      },
      "TargetPinAddress":{
        "PinID":977249482,
        "PinOwnerID":825810025
      },
      "ConnectionType":0,
      "ConnectedWireIndex":-1,
      "ConnectedWireSegmentIndex":-1,
      "Points":[{"x":0.0,"y":0.0},{"x":0.0,"y":0.0}]
    },
    {
      "SourcePinAddress":{
        "PinID":1186771929,
        "PinOwnerID":245085040
      },
      "TargetPinAddress":{
        "PinID":159472689,
        "PinOwnerID":2072908970
      },
      "ConnectionType":0,
      "ConnectedWireIndex":-1,
      "ConnectedWireSegmentIndex":-1,
      "Points":[{"x":0.0,"y":0.0},{"x":0.0,"y":0.0}]
    },
    {
      "SourcePinAddress":{
        "PinID":963837535,
        "PinOwnerID":245085040
      },
      "TargetPinAddress":{
        "PinID":1936710830,
        "PinOwnerID":2072908970
      },
      "ConnectionType":0,
      "ConnectedWireIndex":-1,
      "ConnectedWireSegmentIndex":-1,
      "Points":[{"x":0.0,"y":0.0},{"x":0.0,"y":0.0}]
    },
    {
      "SourcePinAddress":{
        "PinID":1836406637,
        "PinOwnerID":245085040
      },
      "TargetPinAddress":{
        "PinID":49565832,
        "PinOwnerID":2072908970
      },
      "ConnectionType":0,
      "ConnectedWireIndex":-1,
      "ConnectedWireSegmentIndex":-1,
      "Points":[{"x":0.0,"y":0.0},{"x":0.0,"y":0.0}]
    },
    {
      "SourcePinAddress":{
        "PinID":1531595500,
        "PinOwnerID":245085040
      },
      "TargetPinAddress":{
        "PinID":746017140,
        "PinOwnerID":2072908970
      },
      "ConnectionType":0,
      "ConnectedWireIndex":-1,
      "ConnectedWireSegmentIndex":-1,
      "Points":[{"x":0.0,"y":0.0},{"x":0.0,"y":0.0}]
    },
    {
      "SourcePinAddress":{
        "PinID":1186771929,
        "PinOwnerID":245085040
      },
      "TargetPinAddress":{
        "PinID":1612656153,
        "PinOwnerID":1793399367
      },
      "ConnectionType":1,
      "ConnectedWireIndex":36,
      "ConnectedWireSegmentIndex":0,
      "Points":[{"x":8.66636,"y":7.05848},{"x":8.66349,"y":4.88989},{"x":0.0,"y":0.0}]
    },
    {
      "SourcePinAddress":{
        "PinID":963837535,
        "PinOwnerID":245085040
      },
      "TargetPinAddress":{
        "PinID":1957625802,
        "PinOwnerID":1793399367
      },
      "ConnectionType":1,
      "ConnectedWireIndex":37,
      "ConnectedWireSegmentIndex":0,
      "Points":[{"x":8.24888,"y":6.82141},{"x":8.23566,"y":4.5937},{"x":0.0,"y":0.0}]
    },
    {
      "SourcePinAddress":{
        "PinID":1836406637,
        "PinOwnerID":245085040
      },
      "TargetPinAddress":{
        "PinID":2097091608,
        "PinOwnerID":1793399367
      },
      "ConnectionType":1,
      "ConnectedWireIndex":38,
      "ConnectedWireSegmentIndex":0,
      "Points":[{"x":8.01623,"y":6.51443},{"x":8.02723,"y":4.3743},{"x":0.0,"y":0.0}]
    },
    {
      "SourcePinAddress":{
        "PinID":1531595500,
        "PinOwnerID":245085040
      },
      "TargetPinAddress":{
        "PinID":1308145196,
        "PinOwnerID":1793399367
      },
      "ConnectionType":1,
      "ConnectedWireIndex":39,
      "ConnectedWireSegmentIndex":0,
      "Points":[{"x":7.78305,"y":6.16621},{"x":7.84073,"y":4.11102},{"x":0.0,"y":0.0}]
    },
    {
      "SourcePinAddress":{
        "PinID":1186771929,
        "PinOwnerID":245085040
      },
      "TargetPinAddress":{
        "PinID":1658478171,
        "PinOwnerID":648363611
      },
      "ConnectionType":1,
      "ConnectedWireIndex":40,
      "ConnectedWireSegmentIndex":1,
      "Points":[{"x":11.68382,"y":4.80785},{"x":11.68318,"y":1.65308},{"x":0.0,"y":0.0}]
    },
    {
      "SourcePinAddress":{
        "PinID":963837535,
        "PinOwnerID":245085040
      },
      "TargetPinAddress":{
        "PinID":545255946,
        "PinOwnerID":648363611
      },
      "ConnectionType":1,
      "ConnectedWireIndex":41,
      "ConnectedWireSegmentIndex":1,
      "Points":[{"x":11.52762,"y":4.55098},{"x":11.56625,"y":1.43221},{"x":0.0,"y":0.0}]
    },
    {
      "SourcePinAddress":{
        "PinID":1836406637,
        "PinOwnerID":245085040
      },
      "TargetPinAddress":{
        "PinID":459994894,
        "PinOwnerID":648363611
      },
      "ConnectionType":1,
      "ConnectedWireIndex":42,
      "ConnectedWireSegmentIndex":1,
      "Points":[{"x":11.39795,"y":4.30861},{"x":11.43633,"y":1.30229},{"x":0.0,"y":0.0}]
    },
    {
      "SourcePinAddress":{
        "PinID":1531595500,
        "PinOwnerID":245085040
      },
      "TargetPinAddress":{
        "PinID":610025391,
        "PinOwnerID":648363611
      },
      "ConnectionType":1,
      "ConnectedWireIndex":43,
      "ConnectedWireSegmentIndex":1,
      "Points":[{"x":11.23132,"y":4.05777},{"x":11.29151,"y":0.97688},{"x":0.0,"y":0.0}]
    },
    {
      "SourcePinAddress":{
        "PinID":0,
        "PinOwnerID":2048499887
      },
      "TargetPinAddress":{
        "PinID":1247881580,
        "PinOwnerID":648363611
      },
      "ConnectionType":1,
      "ConnectedWireIndex":15,
      "ConnectedWireSegmentIndex":0,
      "Points":[{"x":-5.44378,"y":1.63374},{"x":10.11975,"y":1.5489},{"x":10.1011,"y":-0.28681},{"x":0.0,"y":0.0}]
    },
    {
      "SourcePinAddress":{
        "PinID":13869904,
        "PinOwnerID":1577384880
      },
      "TargetPinAddress":{
        "PinID":1905827120,
        "PinOwnerID":648363611
      },
      "ConnectionType":1,
      "ConnectedWireIndex":30,
      "ConnectedWireSegmentIndex":0,
      "Points":[{"x":5.95599,"y":3.40816},{"x":5.89536,"y":1.04359},{"x":0.0,"y":0.0}]
    },
    {
      "SourcePinAddress":{
        "PinID":1983872400,
        "PinOwnerID":1577384880
      },
      "TargetPinAddress":{
        "PinID":2135722694,
        "PinOwnerID":648363611
      },
      "ConnectionType":1,
      "ConnectedWireIndex":31,
      "ConnectedWireSegmentIndex":0,
      "Points":[{"x":5.77404,"y":3.18395},{"x":5.69324,"y":0.84146},{"x":0.0,"y":0.0}]
    },
    {
      "SourcePinAddress":{
        "PinID":1350937073,
        "PinOwnerID":1577384880
      },
      "TargetPinAddress":{
        "PinID":398828051,
        "PinOwnerID":648363611
      },
      "ConnectionType":1,
      "ConnectedWireIndex":33,
      "ConnectedWireSegmentIndex":0,
      "Points":[{"x":5.24813,"y":2.46765},{"x":5.20814,"y":0.33615},{"x":0.0,"y":0.0}]
    },
    {
      "SourcePinAddress":{
        "PinID":1664116527,
        "PinOwnerID":648363611
      },
      "TargetPinAddress":{
        "PinID":1957625802,
        "PinOwnerID":1168998868
      },
      "ConnectionType":0,
      "ConnectedWireIndex":-1,
      "ConnectedWireSegmentIndex":-1,
      "Points":[{"x":0.0,"y":0.0},{"x":0.0,"y":0.0}]
    },
    {
      "SourcePinAddress":{
        "PinID":2139376697,
        "PinOwnerID":648363611
      },
      "TargetPinAddress":{
        "PinID":1612656153,
        "PinOwnerID":1168998868
      },
      "ConnectionType":0,
      "ConnectedWireIndex":-1,
      "ConnectedWireSegmentIndex":-1,
      "Points":[{"x":0.0,"y":0.0},{"x":0.0,"y":0.0}]
    },
    {
      "SourcePinAddress":{
        "PinID":311084031,
        "PinOwnerID":648363611
      },
      "TargetPinAddress":{
        "PinID":1308145196,
        "PinOwnerID":1168998868
      },
      "ConnectionType":0,
      "ConnectedWireIndex":-1,
      "ConnectedWireSegmentIndex":-1,
      "Points":[{"x":0.0,"y":0.0},{"x":0.0,"y":0.0}]
    },
    {
      "SourcePinAddress":{
        "PinID":343205061,
        "PinOwnerID":648363611
      },
      "TargetPinAddress":{
        "PinID":2097091608,
        "PinOwnerID":1168998868
      },
      "ConnectionType":0,
      "ConnectedWireIndex":-1,
      "ConnectedWireSegmentIndex":-1,
      "Points":[{"x":0.0,"y":0.0},{"x":0.0,"y":0.0}]
    },
    {
      "SourcePinAddress":{
        "PinID":1,
        "PinOwnerID":1045703954
      },
      "TargetPinAddress":{
        "PinID":0,
        "PinOwnerID":1690428181
      },
      "ConnectionType":0,
      "ConnectedWireIndex":-1,
      "ConnectedWireSegmentIndex":-1,
      "Points":[{"x":0.0,"y":0.0},{"x":0.0,"y":0.0}]
    },
    {
      "SourcePinAddress":{
        "PinID":1,
        "PinOwnerID":1908805874
      },
      "TargetPinAddress":{
        "PinID":0,
        "PinOwnerID":479288401
      },
      "ConnectionType":0,
      "ConnectedWireIndex":-1,
      "ConnectedWireSegmentIndex":-1,
      "Points":[{"x":0.0,"y":0.0},{"x":0.0,"y":0.0}]
    },
    {
      "SourcePinAddress":{
        "PinID":1,
        "PinOwnerID":1581633412
      },
      "TargetPinAddress":{
        "PinID":0,
        "PinOwnerID":289578378
      },
      "ConnectionType":0,
      "ConnectedWireIndex":-1,
      "ConnectedWireSegmentIndex":-1,
      "Points":[{"x":0.0,"y":0.0},{"x":0.0,"y":0.0}]
    },
    {
      "SourcePinAddress":{
        "PinID":1,
        "PinOwnerID":1840002835
      },
      "TargetPinAddress":{
        "PinID":0,
        "PinOwnerID":244366662
      },
      "ConnectionType":0,
      "ConnectedWireIndex":-1,
      "ConnectedWireSegmentIndex":-1,
      "Points":[{"x":0.0,"y":0.0},{"x":0.0,"y":0.0}]
    },
    {
      "SourcePinAddress":{
        "PinID":1452807932,
        "PinOwnerID":1793399367
      },
      "TargetPinAddress":{
        "PinID":217290371,
        "PinOwnerID":1907655347
      },
      "ConnectionType":0,
      "ConnectedWireIndex":-1,
      "ConnectedWireSegmentIndex":-1,
      "Points":[{"x":0.0,"y":0.0},{"x":0.0,"y":0.0}]
    },
    {
      "SourcePinAddress":{
        "PinID":226763273,
        "PinOwnerID":1793399367
      },
      "TargetPinAddress":{
        "PinID":385223175,
        "PinOwnerID":1907655347
      },
      "ConnectionType":0,
      "ConnectedWireIndex":-1,
      "ConnectedWireSegmentIndex":-1,
      "Points":[{"x":0.0,"y":0.0},{"x":0.0,"y":0.0}]
    },
    {
      "SourcePinAddress":{
        "PinID":296717527,
        "PinOwnerID":1793399367
      },
      "TargetPinAddress":{
        "PinID":464952480,
        "PinOwnerID":1907655347
      },
      "ConnectionType":0,
      "ConnectedWireIndex":-1,
      "ConnectedWireSegmentIndex":-1,
      "Points":[{"x":0.0,"y":0.0},{"x":0.0,"y":0.0}]
    },
    {
      "SourcePinAddress":{
        "PinID":1357541311,
        "PinOwnerID":1793399367
      },
      "TargetPinAddress":{
        "PinID":236702342,
        "PinOwnerID":1907655347
      },
      "ConnectionType":0,
      "ConnectedWireIndex":-1,
      "ConnectedWireSegmentIndex":-1,
      "Points":[{"x":0.0,"y":0.0},{"x":0.0,"y":0.0}]
    },
    {
      "SourcePinAddress":{
        "PinID":1452807932,
        "PinOwnerID":1168998868
      },
      "TargetPinAddress":{
        "PinID":217290371,
        "PinOwnerID":1907655347
      },
      "ConnectionType":0,
      "ConnectedWireIndex":-1,
      "ConnectedWireSegmentIndex":-1,
      "Points":[{"x":0.0,"y":0.0},{"x":0.0,"y":0.0}]
    },
    {
      "SourcePinAddress":{
        "PinID":226763273,
        "PinOwnerID":1168998868
      },
      "TargetPinAddress":{
        "PinID":385223175,
        "PinOwnerID":1907655347
      },
      "ConnectionType":0,
      "ConnectedWireIndex":-1,
      "ConnectedWireSegmentIndex":-1,
      "Points":[{"x":0.0,"y":0.0},{"x":0.0,"y":0.0}]
    },
    {
      "SourcePinAddress":{
        "PinID":296717527,
        "PinOwnerID":1168998868
      },
      "TargetPinAddress":{
        "PinID":464952480,
        "PinOwnerID":1907655347
      },
      "ConnectionType":0,
      "ConnectedWireIndex":-1,
      "ConnectedWireSegmentIndex":-1,
      "Points":[{"x":0.0,"y":0.0},{"x":0.0,"y":0.0}]
    },
    {
      "SourcePinAddress":{
        "PinID":1357541311,
        "PinOwnerID":1168998868
      },
      "TargetPinAddress":{
        "PinID":236702342,
        "PinOwnerID":1907655347
      },
      "ConnectionType":0,
      "ConnectedWireIndex":-1,
      "ConnectedWireSegmentIndex":-1,
      "Points":[{"x":0.0,"y":0.0},{"x":0.0,"y":0.0}]
    },
    {
      "SourcePinAddress":{
        "PinID":1686933192,
        "PinOwnerID":484727273
      },
      "TargetPinAddress":{
        "PinID":1479226400,
        "PinOwnerID":1517720555
      },
      "ConnectionType":0,
      "ConnectedWireIndex":-1,
      "ConnectedWireSegmentIndex":-1,
      "Points":[{"x":0.0,"y":0.0},{"x":0.0,"y":0.0}]
    },
    {
      "SourcePinAddress":{
        "PinID":0,
        "PinOwnerID":2048499887
      },
      "TargetPinAddress":{
        "PinID":592835066,
        "PinOwnerID":1315379977
      },
      "ConnectionType":1,
      "ConnectedWireIndex":48,
      "ConnectedWireSegmentIndex":2,
      "Points":[{"x":12.93002,"y":-0.28635},{"x":12.97118,"y":-1.07296},{"x":15.04436,"y":-1.08514},{"x":15.04377,"y":-1.07299},{"x":0.0,"y":0.0}]
    },
    {
      "SourcePinAddress":{
        "PinID":329703237,
        "PinOwnerID":1315379977
      },
      "TargetPinAddress":{
        "PinID":674377508,
        "PinOwnerID":1907655347
      },
      "ConnectionType":0,
      "ConnectedWireIndex":-1,
      "ConnectedWireSegmentIndex":-1,
      "Points":[{"x":0.0,"y":0.0},{"x":17.91284,"y":-1.15361},{"x":17.96155,"y":0.95704},{"x":0.0,"y":0.0}]
    },
    {
      "SourcePinAddress":{
        "PinID":0,
        "PinOwnerID":2048499887
      },
      "TargetPinAddress":{
        "PinID":267671138,
        "PinOwnerID":1517720555
      },
      "ConnectionType":1,
      "ConnectedWireIndex":69,
      "ConnectedWireSegmentIndex":3,
      "Points":[{"x":15.41824,"y":-1.09418},{"x":15.41926,"y":2.0571},{"x":0.0,"y":0.0}]
    },
    {
      "SourcePinAddress":{
        "PinID":0,
        "PinOwnerID":2048499887
      },
      "TargetPinAddress":{
        "PinID":208144847,
        "PinOwnerID":219604219
      },
      "ConnectionType":1,
      "ConnectedWireIndex":21,
      "ConnectedWireSegmentIndex":1,
      "Points":[{"x":-1.987,"y":4.56724},{"x":-2.02493,"y":5.02884},{"x":0.0,"y":0.0}]
    },
    {
      "SourcePinAddress":{
        "PinID":1350937073,
        "PinOwnerID":972195382
      },
      "TargetPinAddress":{
        "PinID":1756394920,
        "PinOwnerID":219604219
      },
      "ConnectionType":0,
      "ConnectedWireIndex":-1,
      "ConnectedWireSegmentIndex":-1,
      "Points":[{"x":0.0,"y":0.0},{"x":0.0,"y":0.0}]
    },
    {
      "SourcePinAddress":{
        "PinID":1893517814,
        "PinOwnerID":972195382
      },
      "TargetPinAddress":{
        "PinID":1183218378,
        "PinOwnerID":219604219
      },
      "ConnectionType":0,
      "ConnectedWireIndex":-1,
      "ConnectedWireSegmentIndex":-1,
      "Points":[{"x":0.0,"y":0.0},{"x":0.0,"y":0.0}]
    },
    {
      "SourcePinAddress":{
        "PinID":1983872400,
        "PinOwnerID":972195382
      },
      "TargetPinAddress":{
        "PinID":2003096443,
        "PinOwnerID":219604219
      },
      "ConnectionType":0,
      "ConnectedWireIndex":-1,
      "ConnectedWireSegmentIndex":-1,
      "Points":[{"x":0.0,"y":0.0},{"x":0.0,"y":0.0}]
    },
    {
      "SourcePinAddress":{
        "PinID":13869904,
        "PinOwnerID":972195382
      },
      "TargetPinAddress":{
        "PinID":550570479,
        "PinOwnerID":219604219
      },
      "ConnectionType":0,
      "ConnectedWireIndex":-1,
      "ConnectedWireSegmentIndex":-1,
      "Points":[{"x":0.0,"y":0.0},{"x":0.0,"y":0.0}]
    },
    {
      "SourcePinAddress":{
        "PinID":161714589,
        "PinOwnerID":269987514
      },
      "TargetPinAddress":{
        "PinID":881603083,
        "PinOwnerID":219604219
      },
      "ConnectionType":0,
      "ConnectedWireIndex":-1,
      "ConnectedWireSegmentIndex":-1,
      "Points":[{"x":0.0,"y":0.0},{"x":-3.11368,"y":0.58818},{"x":-3.11368,"y":5.05243},{"x":0.0,"y":0.0}]
    },
    {
      "SourcePinAddress":{
        "PinID":194257147,
        "PinOwnerID":269987514
      },
      "TargetPinAddress":{
        "PinID":90248477,
        "PinOwnerID":219604219
      },
      "ConnectionType":0,
      "ConnectedWireIndex":-1,
      "ConnectedWireSegmentIndex":-1,
      "Points":[{"x":0.0,"y":0.0},{"x":-2.93947,"y":-0.87086},{"x":-2.91769,"y":4.89999},{"x":0.0,"y":0.0}]
    },
    {
      "SourcePinAddress":{
        "PinID":83607915,
        "PinOwnerID":219604219
      },
      "TargetPinAddress":{
        "PinID":861207914,
        "PinOwnerID":151280293
      },
      "ConnectionType":0,
      "ConnectedWireIndex":-1,
      "ConnectedWireSegmentIndex":-1,
      "Points":[{"x":0.0,"y":0.0},{"x":0.0,"y":0.0}]
    },
    {
      "SourcePinAddress":{
        "PinID":36221815,
        "PinOwnerID":219604219
      },
      "TargetPinAddress":{
        "PinID":166927238,
        "PinOwnerID":151280293
      },
      "ConnectionType":0,
      "ConnectedWireIndex":-1,
      "ConnectedWireSegmentIndex":-1,
      "Points":[{"x":0.0,"y":0.0},{"x":0.0,"y":0.0}]
    },
    {
      "SourcePinAddress":{
        "PinID":1058707858,
        "PinOwnerID":219604219
      },
      "TargetPinAddress":{
        "PinID":1933987713,
        "PinOwnerID":151280293
      },
      "ConnectionType":0,
      "ConnectedWireIndex":-1,
      "ConnectedWireSegmentIndex":-1,
      "Points":[{"x":0.0,"y":0.0},{"x":0.0,"y":0.0}]
    },
    {
      "SourcePinAddress":{
        "PinID":688080210,
        "PinOwnerID":219604219
      },
      "TargetPinAddress":{
        "PinID":24400614,
        "PinOwnerID":151280293
      },
      "ConnectionType":0,
      "ConnectedWireIndex":-1,
      "ConnectedWireSegmentIndex":-1,
      "Points":[{"x":0.0,"y":0.0},{"x":0.0,"y":0.0}]
    },
    {
      "SourcePinAddress":{
        "PinID":1,
        "PinOwnerID":1820963684
      },
      "TargetPinAddress":{
        "PinID":0,
        "PinOwnerID":1026052264
      },
      "ConnectionType":0,
      "ConnectedWireIndex":-1,
      "ConnectedWireSegmentIndex":-1,
      "Points":[{"x":0.0,"y":0.0},{"x":0.0,"y":0.0}]
    },
    {
      "SourcePinAddress":{
        "PinID":1834173622,
        "PinOwnerID":1517720555
      },
      "TargetPinAddress":{
        "PinID":592835066,
        "PinOwnerID":1977828421
      },
      "ConnectionType":0,
      "ConnectedWireIndex":-1,
      "ConnectedWireSegmentIndex":-1,
      "Points":[{"x":0.0,"y":0.0},{"x":17.33481,"y":4.21826},{"x":0.0,"y":0.0}]
    },
    {
      "SourcePinAddress":{
        "PinID":0,
        "PinOwnerID":2048499887
      },
      "TargetPinAddress":{
        "PinID":1756394920,
        "PinOwnerID":1414930954
      },
      "ConnectionType":1,
      "ConnectedWireIndex":69,
      "ConnectedWireSegmentIndex":3,
      "Points":[{"x":15.37645,"y":-1.09182},{"x":15.39812,"y":-2.93498},{"x":0.0,"y":0.0}]
    },
    {
      "SourcePinAddress":{
        "PinID":83607915,
        "PinOwnerID":1414930954
      },
      "TargetPinAddress":{
        "PinID":1322951763,
        "PinOwnerID":1978238034
      },
      "ConnectionType":0,
      "ConnectedWireIndex":-1,
      "ConnectedWireSegmentIndex":-1,
      "Points":[{"x":0.0,"y":0.0},{"x":0.0,"y":0.0}]
    },
    {
      "SourcePinAddress":{
        "PinID":36221815,
        "PinOwnerID":1414930954
      },
      "TargetPinAddress":{
        "PinID":10626218,
        "PinOwnerID":1978238034
      },
      "ConnectionType":0,
      "ConnectedWireIndex":-1,
      "ConnectedWireSegmentIndex":-1,
      "Points":[{"x":0.0,"y":0.0},{"x":0.0,"y":0.0}]
    },
    {
      "SourcePinAddress":{
        "PinID":1058707858,
        "PinOwnerID":1414930954
      },
      "TargetPinAddress":{
        "PinID":574029422,
        "PinOwnerID":1978238034
      },
      "ConnectionType":0,
      "ConnectedWireIndex":-1,
      "ConnectedWireSegmentIndex":-1,
      "Points":[{"x":0.0,"y":0.0},{"x":0.0,"y":0.0}]
    },
    {
      "SourcePinAddress":{
        "PinID":688080210,
        "PinOwnerID":1414930954
      },
      "TargetPinAddress":{
        "PinID":1308905378,
        "PinOwnerID":1978238034
      },
      "ConnectionType":0,
      "ConnectedWireIndex":-1,
      "ConnectedWireSegmentIndex":-1,
      "Points":[{"x":0.0,"y":0.0},{"x":0.0,"y":0.0}]
    },
    {
      "SourcePinAddress":{
        "PinID":13869904,
        "PinOwnerID":1640656421
      },
      "TargetPinAddress":{
        "PinID":861207914,
        "PinOwnerID":1978238034
      },
      "ConnectionType":0,
      "ConnectedWireIndex":-1,
      "ConnectedWireSegmentIndex":-1,
      "Points":[{"x":0.0,"y":0.0},{"x":-6.24145,"y":3.45927},{"x":-6.09462,"y":-1.12175},{"x":0.0,"y":0.0}]
    },
    {
      "SourcePinAddress":{
        "PinID":1983872400,
        "PinOwnerID":1640656421
      },
      "TargetPinAddress":{
        "PinID":166927238,
        "PinOwnerID":1978238034
      },
      "ConnectionType":0,
      "ConnectedWireIndex":-1,
      "ConnectedWireSegmentIndex":-1,
      "Points":[{"x":0.0,"y":0.0},{"x":-6.38828,"y":3.10689},{"x":-6.27082,"y":-1.4154},{"x":0.0,"y":0.0}]
    },
    {
      "SourcePinAddress":{
        "PinID":1893517814,
        "PinOwnerID":1640656421
      },
      "TargetPinAddress":{
        "PinID":1933987713,
        "PinOwnerID":1978238034
      },
      "ConnectionType":0,
      "ConnectedWireIndex":-1,
      "ConnectedWireSegmentIndex":-1,
      "Points":[{"x":0.0,"y":0.0},{"x":-6.59384,"y":2.7545},{"x":-6.53511,"y":-1.62096},{"x":0.0,"y":0.0}]
    },
    {
      "SourcePinAddress":{
        "PinID":1350937073,
        "PinOwnerID":1640656421
      },
      "TargetPinAddress":{
        "PinID":24400614,
        "PinOwnerID":1978238034
      },
      "ConnectionType":0,
      "ConnectedWireIndex":-1,
      "ConnectedWireSegmentIndex":-1,
      "Points":[{"x":0.0,"y":0.0},{"x":-6.77003,"y":2.31402},{"x":-6.7994,"y":-1.88525},{"x":0.0,"y":0.0}]
    },
    {
      "SourcePinAddress":{
        "PinID":1186771929,
        "PinOwnerID":1978238034
      },
      "TargetPinAddress":{
        "PinID":1612656153,
        "PinOwnerID":462833248
      },
      "ConnectionType":0,
      "ConnectedWireIndex":-1,
      "ConnectedWireSegmentIndex":-1,
      "Points":[{"x":0.0,"y":0.0},{"x":0.0,"y":0.0}]
    },
    {
      "SourcePinAddress":{
        "PinID":963837535,
        "PinOwnerID":1978238034
      },
      "TargetPinAddress":{
        "PinID":1957625802,
        "PinOwnerID":462833248
      },
      "ConnectionType":0,
      "ConnectedWireIndex":-1,
      "ConnectedWireSegmentIndex":-1,
      "Points":[{"x":0.0,"y":0.0},{"x":0.0,"y":0.0}]
    },
    {
      "SourcePinAddress":{
        "PinID":1836406637,
        "PinOwnerID":1978238034
      },
      "TargetPinAddress":{
        "PinID":2097091608,
        "PinOwnerID":462833248
      },
      "ConnectionType":0,
      "ConnectedWireIndex":-1,
      "ConnectedWireSegmentIndex":-1,
      "Points":[{"x":0.0,"y":0.0},{"x":0.0,"y":0.0}]
    },
    {
      "SourcePinAddress":{
        "PinID":1531595500,
        "PinOwnerID":1978238034
      },
      "TargetPinAddress":{
        "PinID":1308145196,
        "PinOwnerID":462833248
      },
      "ConnectionType":0,
      "ConnectedWireIndex":-1,
      "ConnectedWireSegmentIndex":-1,
      "Points":[{"x":0.0,"y":0.0},{"x":0.0,"y":0.0}]
    },
    {
      "SourcePinAddress":{
        "PinID":1452807932,
        "PinOwnerID":462833248
      },
      "TargetPinAddress":{
        "PinID":217290371,
        "PinOwnerID":2071009958
      },
      "ConnectionType":0,
      "ConnectedWireIndex":-1,
      "ConnectedWireSegmentIndex":-1,
      "Points":[{"x":0.0,"y":0.0},{"x":0.0,"y":0.0}]
    },
    {
      "SourcePinAddress":{
        "PinID":226763273,
        "PinOwnerID":462833248
      },
      "TargetPinAddress":{
        "PinID":385223175,
        "PinOwnerID":2071009958
      },
      "ConnectionType":0,
      "ConnectedWireIndex":-1,
      "ConnectedWireSegmentIndex":-1,
      "Points":[{"x":0.0,"y":0.0},{"x":0.0,"y":0.0}]
    },
    {
      "SourcePinAddress":{
        "PinID":296717527,
        "PinOwnerID":462833248
      },
      "TargetPinAddress":{
        "PinID":464952480,
        "PinOwnerID":2071009958
      },
      "ConnectionType":0,
      "ConnectedWireIndex":-1,
      "ConnectedWireSegmentIndex":-1,
      "Points":[{"x":0.0,"y":0.0},{"x":0.0,"y":0.0}]
    },
    {
      "SourcePinAddress":{
        "PinID":1357541311,
        "PinOwnerID":462833248
      },
      "TargetPinAddress":{
        "PinID":236702342,
        "PinOwnerID":2071009958
      },
      "ConnectionType":0,
      "ConnectedWireIndex":-1,
      "ConnectedWireSegmentIndex":-1,
      "Points":[{"x":0.0,"y":0.0},{"x":0.0,"y":0.0}]
    },
    {
      "SourcePinAddress":{
        "PinID":194257147,
        "PinOwnerID":269987514
      },
      "TargetPinAddress":{
        "PinID":90248477,
        "PinOwnerID":1414930954
      },
      "ConnectionType":1,
      "ConnectedWireIndex":78,
      "ConnectedWireSegmentIndex":0,
      "Points":[{"x":-2.97083,"y":-0.87065},{"x":-2.85364,"y":-3.80452},{"x":0.0,"y":0.0}]
    },
    {
      "SourcePinAddress":{
        "PinID":161714589,
        "PinOwnerID":269987514
      },
      "TargetPinAddress":{
        "PinID":881603083,
        "PinOwnerID":1414930954
      },
      "ConnectionType":1,
      "ConnectedWireIndex":77,
      "ConnectedWireSegmentIndex":0,
      "Points":[{"x":-3.16637,"y":0.58768},{"x":-3.16622,"y":-3.37473},{"x":0.0,"y":0.0}]
    },
    {
      "SourcePinAddress":{
        "PinID":1,
        "PinOwnerID":1602094896
      },
      "TargetPinAddress":{
        "PinID":0,
        "PinOwnerID":19026954
      },
      "ConnectionType":0,
      "ConnectedWireIndex":-1,
      "ConnectedWireSegmentIndex":-1,
      "Points":[{"x":0.0,"y":0.0},{"x":0.0,"y":0.0}]
    },
    {
      "SourcePinAddress":{
        "PinID":1,
        "PinOwnerID":569816482
      },
      "TargetPinAddress":{
        "PinID":0,
        "PinOwnerID":1877641393
      },
      "ConnectionType":0,
      "ConnectedWireIndex":-1,
      "ConnectedWireSegmentIndex":-1,
      "Points":[{"x":0.0,"y":0.0},{"x":0.0,"y":0.0}]
    },
    {
      "SourcePinAddress":{
        "PinID":1,
        "PinOwnerID":930606508
      },
      "TargetPinAddress":{
        "PinID":0,
        "PinOwnerID":1510519236
      },
      "ConnectionType":0,
      "ConnectedWireIndex":-1,
      "ConnectedWireSegmentIndex":-1,
      "Points":[{"x":0.0,"y":0.0},{"x":0.0,"y":0.0}]
    },
    {
      "SourcePinAddress":{
        "PinID":1,
        "PinOwnerID":1457895909
      },
      "TargetPinAddress":{
        "PinID":0,
        "PinOwnerID":1152157427
      },
      "ConnectionType":0,
      "ConnectedWireIndex":-1,
      "ConnectedWireSegmentIndex":-1,
      "Points":[{"x":0.0,"y":0.0},{"x":0.0,"y":0.0}]
    },
    {
      "SourcePinAddress":{
        "PinID":1,
        "PinOwnerID":1520071873
      },
      "TargetPinAddress":{
        "PinID":0,
        "PinOwnerID":2133012026
      },
      "ConnectionType":0,
      "ConnectedWireIndex":-1,
      "ConnectedWireSegmentIndex":-1,
      "Points":[{"x":0.0,"y":0.0},{"x":0.0,"y":0.0}]
    },
    {
      "SourcePinAddress":{
        "PinID":13869904,
        "PinOwnerID":1907655347
      },
      "TargetPinAddress":{
        "PinID":0,
        "PinOwnerID":1045703954
      },
      "ConnectionType":2,
      "ConnectedWireIndex":56,
      "ConnectedWireSegmentIndex":0,
      "Points":[{"x":0.0,"y":0.0},{"x":19.71802,"y":14.71311}]
    },
    {
      "SourcePinAddress":{
        "PinID":1983872400,
        "PinOwnerID":1907655347
      },
      "TargetPinAddress":{
        "PinID":0,
        "PinOwnerID":1908805874
      },
      "ConnectionType":2,
      "ConnectedWireIndex":57,
      "ConnectedWireSegmentIndex":0,
      "Points":[{"x":0.0,"y":0.0},{"x":20.18801,"y":2.54339},{"x":19.8989,"y":14.33271}]
    },
    {
      "SourcePinAddress":{
        "PinID":1893517814,
        "PinOwnerID":1907655347
      },
      "TargetPinAddress":{
        "PinID":0,
        "PinOwnerID":1581633412
      },
      "ConnectionType":2,
      "ConnectedWireIndex":58,
      "ConnectedWireSegmentIndex":0,
      "Points":[{"x":0.0,"y":0.0},{"x":20.36877,"y":2.07342},{"x":20.11568,"y":13.95223}]
    },
    {
      "SourcePinAddress":{
        "PinID":1350937073,
        "PinOwnerID":1907655347
      },
      "TargetPinAddress":{
        "PinID":0,
        "PinOwnerID":1840002835
      },
      "ConnectionType":2,
      "ConnectedWireIndex":59,
      "ConnectedWireSegmentIndex":0,
      "Points":[{"x":0.0,"y":0.0},{"x":20.62183,"y":1.53116},{"x":20.40501,"y":13.57159}]
    },
    {
      "SourcePinAddress":{
        "PinID":1350937073,
        "PinOwnerID":2071009958
      },
      "TargetPinAddress":{
        "PinID":0,
        "PinOwnerID":1520071873
      },
      "ConnectionType":2,
      "ConnectedWireIndex":108,
      "ConnectedWireSegmentIndex":0,
      "Points":[{"x":0.0,"y":0.0},{"x":24.59833,"y":-8.14294}]
    },
    {
      "SourcePinAddress":{
        "PinID":1893517814,
        "PinOwnerID":2071009958
      },
      "TargetPinAddress":{
        "PinID":0,
        "PinOwnerID":1457895909
      },
      "ConnectionType":2,
      "ConnectedWireIndex":107,
      "ConnectedWireSegmentIndex":0,
      "Points":[{"x":0.0,"y":0.0},{"x":24.77919,"y":-4.83141},{"x":24.81514,"y":-7.76402}]
    },
    {
      "SourcePinAddress":{
        "PinID":1983872400,
        "PinOwnerID":2071009958
      },
      "TargetPinAddress":{
        "PinID":0,
        "PinOwnerID":930606508
      },
      "ConnectionType":2,
      "ConnectedWireIndex":106,
      "ConnectedWireSegmentIndex":0,
      "Points":[{"x":0.0,"y":0.0},{"x":24.95994,"y":-4.3976},{"x":24.95983,"y":-7.38474}]
    },
    {
      "SourcePinAddress":{
        "PinID":13869904,
        "PinOwnerID":2071009958
      },
      "TargetPinAddress":{
        "PinID":0,
        "PinOwnerID":569816482
      },
      "ConnectionType":2,
      "ConnectedWireIndex":105,
      "ConnectedWireSegmentIndex":0,
      "Points":[{"x":0.0,"y":0.0},{"x":25.17685,"y":-3.99994},{"x":25.14068,"y":-7.00565}]
    },
    {
      "SourcePinAddress":{
        "PinID":1,
        "PinOwnerID":569816482
      },
      "TargetPinAddress":{
        "PinID":1612656153,
        "PinOwnerID":1443344520
      },
      "ConnectionType":1,
      "ConnectedWireIndex":105,
      "ConnectedWireSegmentIndex":0,
      "Points":[{"x":-12.55801,"y":-6.8177},{"x":-12.55793,"y":-4.00828},{"x":0.0,"y":0.0}]
    },
    {
      "SourcePinAddress":{
        "PinID":1,
        "PinOwnerID":930606508
      },
      "TargetPinAddress":{
        "PinID":1957625802,
        "PinOwnerID":1443344520
      },
      "ConnectionType":1,
      "ConnectedWireIndex":106,
      "ConnectedWireSegmentIndex":0,
      "Points":[{"x":-12.98354,"y":-7.19558},{"x":-13.00046,"y":-4.29763},{"x":0.0,"y":0.0}]
    },
    {
      "SourcePinAddress":{
        "PinID":1,
        "PinOwnerID":1457895909
      },
      "TargetPinAddress":{
        "PinID":2097091608,
        "PinOwnerID":1443344520
      },
      "ConnectionType":1,
      "ConnectedWireIndex":107,
      "ConnectedWireSegmentIndex":0,
      "Points":[{"x":-13.13675,"y":-7.57482},{"x":-13.15364,"y":-4.55294},{"x":0.0,"y":0.0}]
    },
    {
      "SourcePinAddress":{
        "PinID":1,
        "PinOwnerID":1520071873
      },
      "TargetPinAddress":{
        "PinID":1308145196,
        "PinOwnerID":1443344520
      },
      "ConnectionType":1,
      "ConnectedWireIndex":108,
      "ConnectedWireSegmentIndex":0,
      "Points":[{"x":-13.324,"y":-7.95388},{"x":-13.39193,"y":-4.80824},{"x":0.0,"y":0.0}]
    },
    {
      "SourcePinAddress":{
        "PinID":1452807932,
        "PinOwnerID":1443344520
      },
      "TargetPinAddress":{
        "PinID":217290371,
        "PinOwnerID":1640656421
      },
      "ConnectionType":0,
      "ConnectedWireIndex":-1,
      "ConnectedWireSegmentIndex":-1,
      "Points":[{"x":0.0,"y":0.0},{"x":-10.92465,"y":-4.02306},{"x":-11.02724,"y":3.51697},{"x":0.0,"y":0.0}]
    },
    {
      "SourcePinAddress":{
        "PinID":226763273,
        "PinOwnerID":1443344520
      },
      "TargetPinAddress":{
        "PinID":385223175,
        "PinOwnerID":1640656421
      },
      "ConnectionType":0,
      "ConnectedWireIndex":-1,
      "ConnectedWireSegmentIndex":-1,
      "Points":[{"x":0.0,"y":0.0},{"x":-10.77932,"y":-4.36844},{"x":-10.90755,"y":3.27761},{"x":0.0,"y":0.0}]
    },
    {
      "SourcePinAddress":{
        "PinID":0,
        "PinOwnerID":1997575310
      },
      "TargetPinAddress":{
        "PinID":592835066,
        "PinOwnerID":509862435
      },
      "ConnectionType":1,
      "ConnectedWireIndex":1,
      "ConnectedWireSegmentIndex":0,
      "Points":[{"x":-12.6385,"y":0.65884},{"x":-12.63935,"y":-3.67246},{"x":-14.96384,"y":-3.74083},{"x":-14.89547,"y":-5.07399},{"x":0.0,"y":0.0}]
    },
    {
      "SourcePinAddress":{
        "PinID":329703237,
        "PinOwnerID":509862435
      },
      "TargetPinAddress":{
        "PinID":584552999,
        "PinOwnerID":1443344520
      },
      "ConnectionType":0,
      "ConnectedWireIndex":-1,
      "ConnectedWireSegmentIndex":-1,
      "Points":[{"x":0.0,"y":0.0},{"x":0.0,"y":0.0}]
    },
    {
      "SourcePinAddress":{
        "PinID":296717527,
        "PinOwnerID":1443344520
      },
      "TargetPinAddress":{
        "PinID":464952480,
        "PinOwnerID":1640656421
      },
      "ConnectionType":0,
      "ConnectedWireIndex":-1,
      "ConnectedWireSegmentIndex":-1,
      "Points":[{"x":0.0,"y":0.0},{"x":-10.65669,"y":-4.69797},{"x":-10.79343,"y":3.01045},{"x":0.0,"y":0.0}]
    },
    {
      "SourcePinAddress":{
        "PinID":1357541311,
        "PinOwnerID":1443344520
      },
      "TargetPinAddress":{
        "PinID":236702342,
        "PinOwnerID":1640656421
      },
      "ConnectionType":0,
      "ConnectedWireIndex":-1,
      "ConnectedWireSegmentIndex":-1,
      "Points":[{"x":0.0,"y":0.0},{"x":-10.50287,"y":-5.02272},{"x":-10.69088,"y":2.73698},{"x":0.0,"y":0.0}]
    },
    {
      "SourcePinAddress":{
        "PinID":1,
        "PinOwnerID":1045703954
      },
      "TargetPinAddress":{
        "PinID":1612656153,
        "PinOwnerID":419359234
      },
      "ConnectionType":1,
      "ConnectedWireIndex":56,
      "ConnectedWireSegmentIndex":0,
      "Points":[{"x":-13.11325,"y":14.78583},{"x":-13.08053,"y":11.40175},{"x":0.0,"y":0.0}]
    },
    {
      "SourcePinAddress":{
        "PinID":1,
        "PinOwnerID":1908805874
      },
      "TargetPinAddress":{
        "PinID":1957625802,
        "PinOwnerID":419359234
      },
      "ConnectionType":1,
      "ConnectedWireIndex":57,
      "ConnectedWireSegmentIndex":0,
      "Points":[{"x":-13.01499,"y":14.40561},{"x":-12.96579,"y":11.07393},{"x":0.0,"y":0.0}]
    },
    {
      "SourcePinAddress":{
        "PinID":1,
        "PinOwnerID":1581633412
      },
      "TargetPinAddress":{
        "PinID":2097091608,
        "PinOwnerID":419359234
      },
      "ConnectionType":1,
      "ConnectedWireIndex":58,
      "ConnectedWireSegmentIndex":0,
      "Points":[{"x":-12.86737,"y":14.02528},{"x":-12.85106,"y":10.79529},{"x":0.0,"y":0.0}]
    },
    {
      "SourcePinAddress":{
        "PinID":1,
        "PinOwnerID":1840002835
      },
      "TargetPinAddress":{
        "PinID":1308145196,
        "PinOwnerID":419359234
      },
      "ConnectionType":1,
      "ConnectedWireIndex":59,
      "ConnectedWireSegmentIndex":0,
      "Points":[{"x":-12.71986,"y":13.64497},{"x":-12.73632,"y":10.56582},{"x":0.0,"y":0.0}]
    },
    {
      "SourcePinAddress":{
        "PinID":0,
        "PinOwnerID":1997575310
      },
      "TargetPinAddress":{
        "PinID":592835066,
        "PinOwnerID":1251994075
      },
      "ConnectionType":1,
      "ConnectedWireIndex":1,
      "ConnectedWireSegmentIndex":0,
      "Points":[{"x":-12.82502,"y":0.66541},{"x":-12.77545,"y":3.56405},{"x":-14.79718,"y":3.46662},{"x":-14.87025,"y":10.28691},{"x":0.0,"y":0.0}]
    },
    {
      "SourcePinAddress":{
        "PinID":329703237,
        "PinOwnerID":1251994075
      },
      "TargetPinAddress":{
        "PinID":584552999,
        "PinOwnerID":419359234
      },
      "ConnectionType":0,
      "ConnectedWireIndex":-1,
      "ConnectedWireSegmentIndex":-1,
      "Points":[{"x":0.0,"y":0.0},{"x":0.0,"y":0.0}]
    },
    {
      "SourcePinAddress":{
        "PinID":0,
        "PinOwnerID":2048499887
      },
      "TargetPinAddress":{
        "PinID":592835066,
        "PinOwnerID":289269254
      },
      "ConnectionType":1,
      "ConnectedWireIndex":85,
      "ConnectedWireSegmentIndex":0,
      "Points":[{"x":15.3978,"y":-2.90738},{"x":15.41994,"y":-6.24194},{"x":0.0,"y":0.0}]
    },
    {
      "SourcePinAddress":{
        "PinID":329703237,
        "PinOwnerID":289269254
      },
      "TargetPinAddress":{
        "PinID":674377508,
        "PinOwnerID":2071009958
      },
      "ConnectionType":0,
      "ConnectedWireIndex":-1,
      "ConnectedWireSegmentIndex":-1,
      "Points":[{"x":0.0,"y":0.0},{"x":0.0,"y":0.0}]
    },
    {
      "SourcePinAddress":{
        "PinID":329703237,
        "PinOwnerID":1977828421
      },
      "TargetPinAddress":{
        "PinID":643740030,
        "PinOwnerID":1896103161
      },
      "ConnectionType":0,
      "ConnectedWireIndex":-1,
      "ConnectedWireSegmentIndex":-1,
      "Points":[{"x":0.0,"y":0.0},{"x":0.0,"y":0.0}]
    },
    {
      "SourcePinAddress":{
        "PinID":1834173622,
        "PinOwnerID":1517720555
      },
      "TargetPinAddress":{
        "PinID":977249482,
        "PinOwnerID":1896103161
      },
      "ConnectionType":1,
      "ConnectedWireIndex":84,
      "ConnectedWireSegmentIndex":1,
      "Points":[{"x":17.37459,"y":4.21611},{"x":0.0,"y":0.0}]
    },
    {
      "SourcePinAddress":{
        "PinID":1686933192,
        "PinOwnerID":1896103161
      },
      "TargetPinAddress":{
        "PinID":0,
        "PinOwnerID":1820963684
      },
      "ConnectionType":2,
      "ConnectedWireIndex":83,
      "ConnectedWireSegmentIndex":0,
      "Points":[{"x":0.0,"y":0.0},{"x":18.9531,"y":13.07915}]
    },
    {
      "SourcePinAddress":{
        "PinID":0,
        "PinOwnerID":2048499887
      },
      "TargetPinAddress":{
        "PinID":643740030,
        "PinOwnerID":123652536
      },
      "ConnectionType":1,
      "ConnectedWireIndex":133,
      "ConnectedWireSegmentIndex":1,
      "Points":[{"x":20.24274,"y":-5.98144},{"x":20.21725,"y":-6.35457},{"x":0.0,"y":0.0}]
    },
    {
      "SourcePinAddress":{
        "PinID":329703237,
        "PinOwnerID":289269254
      },
      "TargetPinAddress":{
        "PinID":977249482,
        "PinOwnerID":123652536
      },
      "ConnectionType":0,
      "ConnectedWireIndex":-1,
      "ConnectedWireSegmentIndex":-1,
      "Points":[{"x":0.0,"y":0.0},{"x":0.0,"y":0.0}]
    },
    {
      "SourcePinAddress":{
        "PinID":1686933192,
        "PinOwnerID":123652536
      },
      "TargetPinAddress":{
        "PinID":0,
        "PinOwnerID":1602094896
      },
      "ConnectionType":2,
      "ConnectedWireIndex":104,
      "ConnectedWireSegmentIndex":0,
      "Points":[{"x":0.0,"y":0.0},{"x":22.7144,"y":-6.61355}]
    },
    {
      "SourcePinAddress":{
        "PinID":1893517814,
        "PinOwnerID":1577384880
      },
      "TargetPinAddress":{
        "PinID":34702864,
        "PinOwnerID":648363611
      },
      "ConnectionType":1,
      "ConnectedWireIndex":32,
      "ConnectedWireSegmentIndex":0,
      "Points":[{"x":5.46663,"y":2.87447},{"x":5.46715,"y":0.54715},{"x":0.0,"y":0.0}]
    },
    {
      "SourcePinAddress":{
        "PinID":161714589,
        "PinOwnerID":269987514
      },
      "TargetPinAddress":{
        "PinID":977249482,
        "PinOwnerID":1614008590
      },
      "ConnectionType":1,
      "ConnectedWireIndex":103,
      "ConnectedWireSegmentIndex":1,
      "Points":[{"x":11.11202,"y":-3.72317},{"x":11.08998,"y":-4.58397},{"x":0.0,"y":0.0}]
    },
    {
      "SourcePinAddress":{
        "PinID":1686933192,
        "PinOwnerID":1614008590
      },
      "TargetPinAddress":{
        "PinID":592835066,
        "PinOwnerID":2042461342
      },
      "ConnectionType":0,
      "ConnectedWireIndex":-1,
      "ConnectedWireSegmentIndex":-1,
      "Points":[{"x":0.0,"y":0.0},{"x":0.0,"y":0.0}]
    },
    {
      "SourcePinAddress":{
        "PinID":329703237,
        "PinOwnerID":2042461342
      },
      "TargetPinAddress":{
        "PinID":364823570,
        "PinOwnerID":1414930954
      },
      "ConnectionType":0,
      "ConnectedWireIndex":-1,
      "ConnectedWireSegmentIndex":-1,
      "Points":[{"x":0.0,"y":0.0},{"x":0.0,"y":0.0}]
    },
    {
      "SourcePinAddress":{
        "PinID":161714589,
        "PinOwnerID":269987514
      },
      "TargetPinAddress":{
        "PinID":977249482,
        "PinOwnerID":141404245
      },
      "ConnectionType":1,
      "ConnectedWireIndex":77,
      "ConnectedWireSegmentIndex":1,
      "Points":[{"x":-3.11368,"y":4.08994},{"x":0.0,"y":0.0}]
    },
    {
      "SourcePinAddress":{
        "PinID":1686933192,
        "PinOwnerID":141404245
      },
      "TargetPinAddress":{
        "PinID":592835066,
        "PinOwnerID":1568109314
      },
      "ConnectionType":0,
      "ConnectedWireIndex":-1,
      "ConnectedWireSegmentIndex":-1,
      "Points":[{"x":0.0,"y":0.0},{"x":0.0,"y":0.0}]
    },
    {
      "SourcePinAddress":{
        "PinID":329703237,
        "PinOwnerID":1568109314
      },
      "TargetPinAddress":{
        "PinID":364823570,
        "PinOwnerID":219604219
      },
      "ConnectionType":0,
      "ConnectedWireIndex":-1,
      "ConnectedWireSegmentIndex":-1,
      "Points":[{"x":0.0,"y":0.0},{"x":-0.76268,"y":3.98927},{"x":-0.78281,"y":4.29798},{"x":-1.79618,"y":4.33153},{"x":-1.80289,"y":4.84157},{"x":0.0,"y":0.0}]
    },
    {
      "SourcePinAddress":{
        "PinID":194257147,
        "PinOwnerID":269987514
      },
      "TargetPinAddress":{
        "PinID":643740030,
        "PinOwnerID":141404245
      },
      "ConnectionType":1,
      "ConnectedWireIndex":78,
      "ConnectedWireSegmentIndex":1,
      "Points":[{"x":-2.92174,"y":3.82675},{"x":0.0,"y":0.0}]
    },
    {
      "SourcePinAddress":{
        "PinID":194257147,
        "PinOwnerID":269987514
      },
      "TargetPinAddress":{
        "PinID":643740030,
        "PinOwnerID":1614008590
      },
      "ConnectionType":1,
      "ConnectedWireIndex":102,
      "ConnectedWireSegmentIndex":1,
      "Points":[{"x":10.8353,"y":-4.01307},{"x":10.84797,"y":-4.7995},{"x":0.0,"y":0.0}]
    },
    {
      "SourcePinAddress":{
        "PinID":1452807932,
        "PinOwnerID":419359234
      },
      "TargetPinAddress":{
        "PinID":217290371,
        "PinOwnerID":245415641
      },
      "ConnectionType":0,
      "ConnectedWireIndex":-1,
      "ConnectedWireSegmentIndex":-1,
      "Points":[{"x":0.0,"y":0.0},{"x":-9.32958,"y":11.32838},{"x":-9.3178,"y":6.50786},{"x":0.0,"y":0.0}]
    },
    {
      "SourcePinAddress":{
        "PinID":226763273,
        "PinOwnerID":419359234
      },
      "TargetPinAddress":{
        "PinID":385223175,
        "PinOwnerID":245415641
      },
      "ConnectionType":0,
      "ConnectedWireIndex":-1,
      "ConnectedWireSegmentIndex":-1,
      "Points":[{"x":0.0,"y":0.0},{"x":-9.45923,"y":11.01016},{"x":-9.49459,"y":6.26035},{"x":0.0,"y":0.0}]
    },
    {
      "SourcePinAddress":{
        "PinID":296717527,
        "PinOwnerID":419359234
      },
      "TargetPinAddress":{
        "PinID":464952480,
        "PinOwnerID":245415641
      },
      "ConnectionType":0,
      "ConnectedWireIndex":-1,
      "ConnectedWireSegmentIndex":-1,
      "Points":[{"x":0.0,"y":0.0},{"x":-9.60067,"y":10.69193},{"x":-9.67138,"y":6.05998},{"x":0.0,"y":0.0}]
    },
    {
      "SourcePinAddress":{
        "PinID":1357541311,
        "PinOwnerID":419359234
      },
      "TargetPinAddress":{
        "PinID":236702342,
        "PinOwnerID":245415641
      },
      "ConnectionType":0,
      "ConnectedWireIndex":-1,
      "ConnectedWireSegmentIndex":-1,
      "Points":[{"x":0.0,"y":0.0},{"x":-9.77746,"y":10.32656},{"x":-9.85996,"y":5.88319},{"x":0.0,"y":0.0}]
    },
    {
      "SourcePinAddress":{
        "PinID":0,
        "PinOwnerID":1997575310
      },
      "TargetPinAddress":{
        "PinID":643740030,
        "PinOwnerID":623011264
      },
      "ConnectionType":1,
      "ConnectedWireIndex":8,
      "ConnectedWireSegmentIndex":1,
      "Points":[{"x":-9.87731,"y":4.68379},{"x":-9.91173,"y":5.41462},{"x":-10.79179,"y":5.39736},{"x":-10.86082,"y":5.6562},{"x":0.0,"y":0.0}]
    },
    {
      "SourcePinAddress":{
        "PinID":1,
        "PinOwnerID":1820963684
      },
      "TargetPinAddress":{
        "PinID":977249482,
        "PinOwnerID":623011264
      },
      "ConnectionType":1,
      "ConnectedWireIndex":83,
      "ConnectedWireSegmentIndex":0,
      "Points":[{"x":-10.98163,"y":13.1074},{"x":-10.8263,"y":5.91505},{"x":0.0,"y":0.0}]
    },
    {
      "SourcePinAddress":{
        "PinID":1686933192,
        "PinOwnerID":623011264
      },
      "TargetPinAddress":{
        "PinID":1180692063,
        "PinOwnerID":245415641
      },
      "ConnectionType":0,
      "ConnectedWireIndex":-1,
      "ConnectedWireSegmentIndex":-1,
      "Points":[{"x":0.0,"y":0.0},{"x":0.0,"y":0.0}]
    },
    {
      "SourcePinAddress":{
        "PinID":1,
        "PinOwnerID":1602094896
      },
      "TargetPinAddress":{
        "PinID":643740030,
        "PinOwnerID":377619164
      },
      "ConnectionType":1,
      "ConnectedWireIndex":104,
      "ConnectedWireSegmentIndex":0,
      "Points":[{"x":-10.12295,"y":-6.44984},{"x":-10.33095,"y":-0.40502},{"x":0.0,"y":0.0}]
    },
    {
      "SourcePinAddress":{
        "PinID":0,
        "PinOwnerID":1997575310
      },
      "TargetPinAddress":{
        "PinID":977249482,
        "PinOwnerID":377619164
      },
      "ConnectionType":1,
      "ConnectedWireIndex":1,
      "ConnectedWireSegmentIndex":0,
      "Points":[{"x":-10.38314,"y":0.57938},{"x":-10.33095,"y":-0.14482},{"x":0.0,"y":0.0}]
    },
    {
      "SourcePinAddress":{
        "PinID":1686933192,
        "PinOwnerID":377619164
      },
      "TargetPinAddress":{
        "PinID":1180692063,
        "PinOwnerID":1640656421
      },
      "ConnectionType":0,
      "ConnectedWireIndex":-1,
      "ConnectedWireSegmentIndex":-1,
      "Points":[{"x":0.0,"y":0.0},{"x":-9.47452,"y":-0.16521},{"x":-9.58514,"y":2.50366},{"x":0.0,"y":0.0}]
    },
    {
      "SourcePinAddress":{
        "PinID":0,
        "PinOwnerID":2048499887
      },
      "TargetPinAddress":{
        "PinID":267671138,
        "PinOwnerID":516189829
      },
      "ConnectionType":1,
      "ConnectedWireIndex":133,
      "ConnectedWireSegmentIndex":1,
      "Points":[{"x":19.89511,"y":-6.00021},{"x":19.87808,"y":-5.51236},{"x":0.0,"y":0.0}]
    },
    {
      "SourcePinAddress":{
        "PinID":1834173622,
        "PinOwnerID":516189829
      },
      "TargetPinAddress":{
        "PinID":643740030,
        "PinOwnerID":725834346
      },
      "ConnectionType":0,
      "ConnectedWireIndex":-1,
      "ConnectedWireSegmentIndex":-1,
      "Points":[{"x":0.0,"y":0.0},{"x":0.0,"y":0.0}]
    },
    {
      "SourcePinAddress":{
        "PinID":0,
        "PinOwnerID":1997575310
      },
      "TargetPinAddress":{
        "PinID":977249482,
        "PinOwnerID":725834346
      },
      "ConnectionType":1,
      "ConnectedWireIndex":123,
      "ConnectedWireSegmentIndex":0,
      "Points":[{"x":-12.63922,"y":-3.04144},{"x":-9.55265,"y":-3.14918},{"x":-9.58856,"y":-4.90884},{"x":0.0,"y":0.0}]
    },
    {
      "SourcePinAddress":{
        "PinID":1686933192,
        "PinOwnerID":725834346
      },
      "TargetPinAddress":{
        "PinID":1180692063,
        "PinOwnerID":2071009958
      },
      "ConnectionType":0,
      "ConnectedWireIndex":-1,
      "ConnectedWireSegmentIndex":-1,
      "Points":[{"x":0.0,"y":0.0},{"x":0.0,"y":0.0}]
    },
    {
      "SourcePinAddress":{
        "PinID":1587013633,
        "PinOwnerID":2072908970
      },
      "TargetPinAddress":{
        "PinID":643740030,
        "PinOwnerID":484727273
      },
      "ConnectionType":0,
      "ConnectedWireIndex":-1,
      "ConnectedWireSegmentIndex":-1,
      "Points":[{"x":0.0,"y":0.0},{"x":10.60961,"y":3.69842},{"x":11.77876,"y":3.76193},{"x":11.84278,"y":2.52852},{"x":0.0,"y":0.0}]
    },
    {
      "SourcePinAddress":{
        "PinID":0,
        "PinOwnerID":1997575310
      },
      "TargetPinAddress":{
        "PinID":592835066,
        "PinOwnerID":43474014
      },
      "ConnectionType":1,
      "ConnectedWireIndex":162,
      "ConnectedWireSegmentIndex":2,
      "Points":[{"x":10.44981,"y":-5.04179},{"x":10.60984,"y":3.07597},{"x":0.0,"y":0.0}]
    },
    {
      "SourcePinAddress":{
        "PinID":0,
        "PinOwnerID":1997575310
      },
      "TargetPinAddress":{
        "PinID":592835066,
        "PinOwnerID":502124922
      },
      "ConnectionType":1,
      "ConnectedWireIndex":165,
      "ConnectedWireSegmentIndex":1,
      "Points":[{"x":10.65961,"y":3.07666},{"x":10.63027,"y":3.33912},{"x":10.96945,"y":3.36142},{"x":10.89656,"y":7.58497},{"x":12.43513,"y":7.511},{"x":0.0,"y":0.0}]
    },
    {
      "SourcePinAddress":{
        "PinID":329703237,
        "PinOwnerID":43474014
      },
      "TargetPinAddress":{
        "PinID":241641952,
        "PinOwnerID":1887303431
      },
      "ConnectionType":0,
      "ConnectedWireIndex":-1,
      "ConnectedWireSegmentIndex":-1,
      "Points":[{"x":0.0,"y":0.0},{"x":0.0,"y":0.0}]
    },
    {
      "SourcePinAddress":{
        "PinID":1587013633,
        "PinOwnerID":2072908970
      },
      "TargetPinAddress":{
        "PinID":1053466565,
        "PinOwnerID":1887303431
      },
      "ConnectionType":1,
      "ConnectedWireIndex":164,
      "ConnectedWireSegmentIndex":3,
      "Points":[{"x":12.71413,"y":2.51454},{"x":12.74954,"y":2.74448},{"x":0.0,"y":0.0}]
    },
    {
      "SourcePinAddress":{
        "PinID":329703237,
        "PinOwnerID":1036795861
      },
      "TargetPinAddress":{
        "PinID":1236949195,
        "PinOwnerID":1887303431
      },
      "ConnectionType":0,
      "ConnectedWireIndex":-1,
      "ConnectedWireSegmentIndex":-1,
      "Points":[{"x":0.0,"y":0.0},{"x":12.90608,"y":2.27485},{"x":12.88868,"y":2.65751},{"x":0.0,"y":0.0}]
    },
    {
      "SourcePinAddress":{
        "PinID":736417241,
        "PinOwnerID":1887303431
      },
      "TargetPinAddress":{
        "PinID":584552999,
        "PinOwnerID":1793399367
      },
      "ConnectionType":0,
      "ConnectedWireIndex":-1,
      "ConnectedWireSegmentIndex":-1,
      "Points":[{"x":0.0,"y":0.0},{"x":14.50629,"y":3.04017},{"x":14.52368,"y":3.26628},{"x":13.67139,"y":3.59676},{"x":12.01901,"y":3.52719},{"x":12.01901,"y":3.78809},{"x":0.0,"y":0.0}]
    },
    {
      "SourcePinAddress":{
        "PinID":329703237,
        "PinOwnerID":502124922
      },
      "TargetPinAddress":{
        "PinID":241641952,
        "PinOwnerID":583887538
      },
      "ConnectionType":0,
      "ConnectedWireIndex":-1,
      "ConnectedWireSegmentIndex":-1,
      "Points":[{"x":0.0,"y":0.0},{"x":0.0,"y":0.0}]
    },
    {
      "SourcePinAddress":{
        "PinID":1686933192,
        "PinOwnerID":825810025
      },
      "TargetPinAddress":{
        "PinID":1053466565,
        "PinOwnerID":583887538
      },
      "ConnectionType":0,
      "ConnectedWireIndex":-1,
      "ConnectedWireSegmentIndex":-1,
      "Points":[{"x":0.0,"y":0.0},{"x":0.0,"y":0.0}]
    },
    {
      "SourcePinAddress":{
        "PinID":329703237,
        "PinOwnerID":1036795861
      },
      "TargetPinAddress":{
        "PinID":1236949195,
        "PinOwnerID":583887538
      },
      "ConnectionType":1,
      "ConnectedWireIndex":169,
      "ConnectedWireSegmentIndex":0,
      "Points":[{"x":11.11634,"y":2.34329},{"x":11.17454,"y":6.155},{"x":0.0,"y":0.0}]
    },
    {
      "SourcePinAddress":{
        "PinID":736417241,
        "PinOwnerID":583887538
      },
      "TargetPinAddress":{
        "PinID":584552999,
        "PinOwnerID":462833248
      },
      "ConnectionType":0,
      "ConnectedWireIndex":-1,
      "ConnectedWireSegmentIndex":-1,
      "Points":[{"x":0.0,"y":0.0},{"x":14.69307,"y":6.69017},{"x":14.66166,"y":-4.80505},{"x":0.0,"y":0.0}]
    },
    {
      "SourcePinAddress":{
        "PinID":736417241,
        "PinOwnerID":583887538
      },
      "TargetPinAddress":{
        "PinID":1479226400,
        "PinOwnerID":516189829
      },
      "ConnectionType":1,
      "ConnectedWireIndex":174,
      "ConnectedWireSegmentIndex":2,
      "Points":[{"x":19.22038,"y":-4.78474},{"x":19.25381,"y":-5.26219},{"x":0.0,"y":0.0}]
    },
    {
      "SourcePinAddress":{
        "PinID":736417241,
        "PinOwnerID":583887538
      },
      "TargetPinAddress":{
        "PinID":584552999,
        "PinOwnerID":1168998868
      },
      "ConnectionType":1,
      "ConnectedWireIndex":174,
      "ConnectedWireSegmentIndex":1,
      "Points":[{"x":14.67236,"y":-0.88907},{"x":0.0,"y":0.0}]
    },
    {
      "SourcePinAddress":{
        "PinID":736417241,
        "PinOwnerID":583887538
      },
      "TargetPinAddress":{
        "PinID":977249482,
        "PinOwnerID":484727273
      },
      "ConnectionType":1,
      "ConnectedWireIndex":174,
      "ConnectedWireSegmentIndex":1,
      "Points":[{"x":14.68238,"y":2.7791},{"x":0.0,"y":0.0}]
    },
    {
      "SourcePinAddress":{
        "PinID":79318217,
        "PinOwnerID":269987514
      },
      "TargetPinAddress":{
        "PinID":592835066,
        "PinOwnerID":1036795861
      },
      "ConnectionType":0,
      "ConnectedWireIndex":-1,
      "ConnectedWireSegmentIndex":-1,
      "Points":[{"x":0.0,"y":0.0},{"x":8.96301,"y":-2.45687},{"x":8.89609,"y":2.39295},{"x":0.0,"y":0.0}]
    },
    {
      "SourcePinAddress":{
        "PinID":1834173622,
        "PinOwnerID":1517720555
      },
      "TargetPinAddress":{
        "PinID":977249482,
        "PinOwnerID":984122574
      },
      "ConnectionType":0,
      "ConnectedWireIndex":-1,
      "ConnectedWireSegmentIndex":-1,
      "Points":[{"x":0.0,"y":0.0},{"x":0.0,"y":0.0}]
    },
    {
      "SourcePinAddress":{
        "PinID":1686933192,
        "PinOwnerID":984122574
      },
      "TargetPinAddress":{
        "PinID":1180692063,
        "PinOwnerID":1907655347
      },
      "ConnectionType":0,
      "ConnectedWireIndex":-1,
      "ConnectedWireSegmentIndex":-1,
      "Points":[{"x":0.0,"y":0.0},{"x":19.16814,"y":0.79492},{"x":19.13731,"y":1.21111},{"x":18.52073,"y":1.11863},{"x":18.35117,"y":1.39609},{"x":0.0,"y":0.0}]
    },
    {
      "SourcePinAddress":{
        "PinID":0,
        "PinOwnerID":1997575310
      },
      "TargetPinAddress":{
        "PinID":643740030,
        "PinOwnerID":984122574
      },
      "ConnectionType":1,
      "ConnectedWireIndex":162,
      "ConnectedWireSegmentIndex":2,
      "Points":[{"x":18.10099,"y":-5.09255},{"x":18.137,"y":0.63344},{"x":0.0,"y":0.0}]
    },
    {
      "SourcePinAddress":{
        "PinID":79318217,
        "PinOwnerID":269987514
      },
      "TargetPinAddress":{
        "PinID":584552999,
        "PinOwnerID":2043994293
      },
      "ConnectionType":1,
      "ConnectedWireIndex":178,
      "ConnectedWireSegmentIndex":0,
      "Points":[{"x":6.54037,"y":-2.42208},{"x":6.64706,"y":-10.06062},{"x":0.0,"y":0.0}]
    },
    {
      "SourcePinAddress":{
        "PinID":1350937073,
        "PinOwnerID":1640656421
      },
      "TargetPinAddress":{
        "PinID":1308145196,
        "PinOwnerID":2043994293
      },
      "ConnectionType":1,
      "ConnectedWireIndex":93,
      "ConnectedWireSegmentIndex":2,
      "Points":[{"x":6.72201,"y":-2.03558},{"x":6.8038,"y":-9.81749},{"x":0.0,"y":0.0}]
    },
    {
      "SourcePinAddress":{
        "PinID":1893517814,
        "PinOwnerID":1640656421
      },
      "TargetPinAddress":{
        "PinID":2097091608,
        "PinOwnerID":2043994293
      },
      "ConnectionType":1,
      "ConnectedWireIndex":92,
      "ConnectedWireSegmentIndex":2,
      "Points":[{"x":6.86563,"y":-1.77901},{"x":6.98797,"y":-9.49008},{"x":0.0,"y":0.0}]
    },
    {
      "SourcePinAddress":{
        "PinID":1983872400,
        "PinOwnerID":1640656421
      },
      "TargetPinAddress":{
        "PinID":1957625802,
        "PinOwnerID":2043994293
      },
      "ConnectionType":1,
      "ConnectedWireIndex":91,
      "ConnectedWireSegmentIndex":2,
      "Points":[{"x":7.11074,"y":-1.55129},{"x":7.1926,"y":-9.26498},{"x":0.0,"y":0.0}]
    },
    {
      "SourcePinAddress":{
        "PinID":13869904,
        "PinOwnerID":1640656421
      },
      "TargetPinAddress":{
        "PinID":1612656153,
        "PinOwnerID":2043994293
      },
      "ConnectionType":1,
      "ConnectedWireIndex":90,
      "ConnectedWireSegmentIndex":2,
      "Points":[{"x":7.2338,"y":-1.28129},{"x":7.31538,"y":-9.08081},{"x":0.0,"y":0.0}]
    },
    {
      "SourcePinAddress":{
        "PinID":1452807932,
        "PinOwnerID":2043994293
      },
      "TargetPinAddress":{
        "PinID":0,
        "PinOwnerID":1562918214
      },
      "ConnectionType":0,
      "ConnectedWireIndex":-1,
      "ConnectedWireSegmentIndex":-1,
      "Points":[{"x":0.0,"y":0.0},{"x":0.0,"y":0.0}]
    },
    {
      "SourcePinAddress":{
        "PinID":226763273,
        "PinOwnerID":2043994293
      },
      "TargetPinAddress":{
        "PinID":0,
        "PinOwnerID":1010753182
      },
      "ConnectionType":0,
      "ConnectedWireIndex":-1,
      "ConnectedWireSegmentIndex":-1,
      "Points":[{"x":0.0,"y":0.0},{"x":0.0,"y":0.0}]
    },
    {
      "SourcePinAddress":{
        "PinID":296717527,
        "PinOwnerID":2043994293
      },
      "TargetPinAddress":{
        "PinID":0,
        "PinOwnerID":2099446206
      },
      "ConnectionType":0,
      "ConnectedWireIndex":-1,
      "ConnectedWireSegmentIndex":-1,
      "Points":[{"x":0.0,"y":0.0},{"x":0.0,"y":0.0}]
    },
    {
      "SourcePinAddress":{
        "PinID":1357541311,
        "PinOwnerID":2043994293
      },
      "TargetPinAddress":{
        "PinID":0,
        "PinOwnerID":412862887
      },
      "ConnectionType":0,
      "ConnectedWireIndex":-1,
      "ConnectedWireSegmentIndex":-1,
      "Points":[{"x":0.0,"y":0.0},{"x":0.0,"y":0.0}]
    },
    {
      "SourcePinAddress":{
        "PinID":79318217,
        "PinOwnerID":269987514
      },
      "TargetPinAddress":{
        "PinID":0,
        "PinOwnerID":1952183416
      },
      "ConnectionType":1,
      "ConnectedWireIndex":182,
      "ConnectedWireSegmentIndex":1,
      "Points":[{"x":6.64778,"y":-10.06061},{"x":6.66154,"y":-11.53358},{"x":0.0,"y":0.0}]
    }
  ],
  "Displays": null
}