{
  "DLSVersion": "2.1.6",
  "Name": "Encoder",
  "NameLocation": 0,
  "ChipType": 0,
  "Size": {
    "x": 1.175,
    "y": 4.0
  },
  "Colour": {
    "r": 0.487788379,
    "g": 0.429088324,
    "b": 0.590593636,
    "a": 1
  },
  "InputPins":[
    {
      "Name":"-1 (15)",
      "ID":1592377507,
      "Position":{
        "x":-19.28185,
        "y":1.50972
      },
      "BitCount":1,
      "Colour":0,
      "ValueDisplayMode":0
    },
    {
      "Name":"-2 (14)",
      "ID":2052322996,
      "Position":{
        "x":-19.28185,
        "y":0.99727
      },
      "BitCount":1,
      "Colour":0,
      "ValueDisplayMode":0
    },
    {
      "Name":"-3 (13)",
      "ID":1327258120,
      "Position":{
        "x":-19.28185,
        "y":0.51788
      },
      "BitCount":1,
      "Colour":0,
      "ValueDisplayMode":0
    },
    {
      "Name":"-4 (12)",
      "ID":906469898,
      "Position":{
        "x":-19.28185,
        "y":0.05502
      },
      "BitCount":1,
      "Colour":0,
      "ValueDisplayMode":0
    },
    {
      "Name":"-5 (11)",
      "ID":550575407,
      "Position":{
        "x":-19.28185,
        "y":-0.97815
      },
      "BitCount":1,
      "Colour":0,
      "ValueDisplayMode":0
    },
    {
      "Name":"-6 (10)",
      "ID":986058861,
      "Position":{
        "x":-19.28185,
        "y":-1.50713
      },
      "BitCount":1,
      "Colour":0,
      "ValueDisplayMode":0
    },
    {
      "Name":"-7 (9)",
      "ID":893976640,
      "Position":{
        "x":-19.28185,
        "y":-1.98652
      },
      "BitCount":1,
      "Colour":0,
      "ValueDisplayMode":0
    },
    {
      "Name":"-8 (8)",
      "ID":1159247816,
      "Position":{
        "x":-19.28185,
        "y":-2.44938
      },
      "BitCount":1,
      "Colour":0,
      "ValueDisplayMode":0
    },
    {
      "Name":"7",
      "ID":1731256391,
      "Position":{
        "x":-19.28185,
        "y":-3.22632
      },
      "BitCount":1,
      "Colour":0,
      "ValueDisplayMode":0
    },
    {
      "Name":"6",
      "ID":1040434703,
      "Position":{
        "x":-19.28185,
        "y":-3.70571
      },
      "BitCount":1,
      "Colour":0,
      "ValueDisplayMode":0
    },
    {
      "Name":"5",
      "ID":440011972,
      "Position":{
        "x":-19.28185,
        "y":-4.25122
      },
      "BitCount":1,
      "Colour":0,
      "ValueDisplayMode":0
    },
    {
      "Name":"4",
      "ID":78578819,
      "Position":{
        "x":-19.28185,
        "y":-4.81327
      },
      "BitCount":1,
      "Colour":0,
      "ValueDisplayMode":0
    },
    {
      "Name":"3",
      "ID":1391913614,
      "Position":{
        "x":-19.28185,
        "y":-5.72245
      },
      "BitCount":1,
      "Colour":0,
      "ValueDisplayMode":0
    },
    {
      "Name":"2",
      "ID":1743782009,
      "Position":{
        "x":-19.28185,
        "y":-6.20184
      },
      "BitCount":1,
      "Colour":0,
      "ValueDisplayMode":0
    },
    {
      "Name":"1",
      "ID":2111449072,
      "Position":{
        "x":-19.28185,
        "y":-6.69776
      },
      "BitCount":1,
      "Colour":0,
      "ValueDisplayMode":0
    },
    {
      "Name":"0",
      "ID":1029600462,
      "Position":{
        "x":-19.28185,
        "y":-7.16062
      },
      "BitCount":1,
      "Colour":0,
      "ValueDisplayMode":0
    }
  ],
  "OutputPins":[
    {
      "Name":"D3",
      "ID":1458594468,
      "Position":{
        "x":-3.51158,
        "y":0.90681
      },
      "BitCount":1,
      "Colour":0,
      "ValueDisplayMode":0
    },
    {
      "Name":"D2",
      "ID":70282740,
      "Position":{
        "x":-3.49506,
        "y":-1.39095
      },
      "BitCount":1,
      "Colour":0,
      "ValueDisplayMode":0
    },
    {
      "Name":"D1",
      "ID":609896289,
      "Position":{
        "x":-3.61077,
        "y":-4.44912
      },
      "BitCount":1,
      "Colour":0,
      "ValueDisplayMode":0
    },
    {
      "Name":"D0",
      "ID":73798155,
      "Position":{
        "x":-3.51158,
        "y":-7.12709
      },
      "BitCount":1,
      "Colour":0,
      "ValueDisplayMode":0
    },
    {
      "Name":"ON",
      "ID":47567960,
      "Position":{
        "x":-3.64722,
        "y":-9.80934
      },
      "BitCount":1,
      "Colour":0,
      "ValueDisplayMode":0
    }
  ],
  "SubChips":[
    {
      "Name":"OR 8",
      "ID":442207058,
      "Label":"",
      "Position":{
        "x":-6.76891,
        "y":-6.45517
      },
      "OutputPinColourInfo":[{"PinColour":0,"PinID":1257180871}],
      "InternalData":null
    },
    {
      "Name":"OR 8",
      "ID":1599545512,
      "Label":"",
      "Position":{
        "x":-6.80364,
        "y":-4.05862
      },
      "OutputPinColourInfo":[{"PinColour":0,"PinID":1257180871}],
      "InternalData":null
    },
    {
      "Name":"OR 8",
      "ID":1867978259,
      "Label":"",
      "Position":{
        "x":-6.78609,
        "y":-1.81192
      },
      "OutputPinColourInfo":[{"PinColour":0,"PinID":1257180871}],
      "InternalData":null
    },
    {
      "Name":"OR 8",
      "ID":1973685494,
      "Label":"",
      "Position":{
        "x":-6.75098,
        "y":0.54008
      },
      "OutputPinColourInfo":[{"PinColour":0,"PinID":1257180871}],
      "InternalData":null
    },
    {
      "Name":"OR 8",
      "ID":342724303,
      "Label":"",
      "Position":{
        "x":-6.74123,
        "y":-11.11207
      },
      "OutputPinColourInfo":[{"PinColour":0,"PinID":1257180871}],
      "InternalData":null
    },
    {
      "Name":"OR 8",
      "ID":1036576501,
      "Label":"",
      "Position":{
        "x":-6.7883,
        "y":-8.97254
      },
      "OutputPinColourInfo":[{"PinColour":0,"PinID":1257180871}],
      "InternalData":null
    },
    {
      "Name":"OR",
      "ID":1569096314,
      "Label":"",
      "Position":{
        "x":-5.60565,
        "y":-9.96759
      },
      "OutputPinColourInfo":[{"PinColour":0,"PinID":1686933192}],
      "InternalData":null
    }
  ],
  "Wires":[
    {
      "SourcePinAddress":{
        "PinID":0,
        "PinOwnerID":2111449072
      },
      "TargetPinAddress":{
        "PinID":876459292,
        "PinOwnerID":442207058
      },
      "ConnectionType":0,
      "ConnectedWireIndex":-1,
      "ConnectedWireSegmentIndex":-1,
      "Points":[{"x":0.0,"y":0.0},{"x":0.0,"y":0.0}]
    },
    {
      "SourcePinAddress":{
        "PinID":0,
        "PinOwnerID":1391913614
      },
      "TargetPinAddress":{
        "PinID":530810596,
        "PinOwnerID":442207058
      },
      "ConnectionType":0,
      "ConnectedWireIndex":-1,
      "ConnectedWireSegmentIndex":-1,
      "Points":[{"x":0.0,"y":0.0},{"x":0.0,"y":0.0}]
    },
    {
      "SourcePinAddress":{
        "PinID":0,
        "PinOwnerID":440011972
      },
      "TargetPinAddress":{
        "PinID":1602440181,
        "PinOwnerID":442207058
      },
      "ConnectionType":0,
      "ConnectedWireIndex":-1,
      "ConnectedWireSegmentIndex":-1,
      "Points":[{"x":0.0,"y":0.0},{"x":0.0,"y":0.0}]
    },
    {
      "SourcePinAddress":{
        "PinID":0,
        "PinOwnerID":1731256391
      },
      "TargetPinAddress":{
        "PinID":1696214049,
        "PinOwnerID":442207058
      },
      "ConnectionType":0,
      "ConnectedWireIndex":-1,
      "ConnectedWireSegmentIndex":-1,
      "Points":[{"x":0.0,"y":0.0},{"x":0.0,"y":0.0}]
    },
    {
      "SourcePinAddress":{
        "PinID":0,
        "PinOwnerID":893976640
      },
      "TargetPinAddress":{
        "PinID":1970300947,
        "PinOwnerID":442207058
      },
      "ConnectionType":0,
      "ConnectedWireIndex":-1,
      "ConnectedWireSegmentIndex":-1,
      "Points":[{"x":0.0,"y":0.0},{"x":0.0,"y":0.0}]
    },
    {
      "SourcePinAddress":{
        "PinID":0,
        "PinOwnerID":550575407
      },
      "TargetPinAddress":{
        "PinID":1189485965,
        "PinOwnerID":442207058
      },
      "ConnectionType":0,
      "ConnectedWireIndex":-1,
      "ConnectedWireSegmentIndex":-1,
      "Points":[{"x":0.0,"y":0.0},{"x":0.0,"y":0.0}]
    },
    {
      "SourcePinAddress":{
        "PinID":0,
        "PinOwnerID":1327258120
      },
      "TargetPinAddress":{
        "PinID":97287669,
        "PinOwnerID":442207058
      },
      "ConnectionType":0,
      "ConnectedWireIndex":-1,
      "ConnectedWireSegmentIndex":-1,
      "Points":[{"x":0.0,"y":0.0},{"x":0.0,"y":0.0}]
    },
    {
      "SourcePinAddress":{
        "PinID":0,
        "PinOwnerID":1592377507
      },
      "TargetPinAddress":{
        "PinID":1265948911,
        "PinOwnerID":442207058
      },
      "ConnectionType":0,
      "ConnectedWireIndex":-1,
      "ConnectedWireSegmentIndex":-1,
      "Points":[{"x":0.0,"y":0.0},{"x":0.0,"y":0.0}]
    },
    {
      "SourcePinAddress":{
        "PinID":0,
        "PinOwnerID":1743782009
      },
      "TargetPinAddress":{
        "PinID":876459292,
        "PinOwnerID":1599545512
      },
      "ConnectionType":0,
      "ConnectedWireIndex":-1,
      "ConnectedWireSegmentIndex":-1,
      "Points":[{"x":0.0,"y":0.0},{"x":0.0,"y":0.0}]
    },
    {
      "SourcePinAddress":{
        "PinID":0,
        "PinOwnerID":1391913614
      },
      "TargetPinAddress":{
        "PinID":530810596,
        "PinOwnerID":1599545512
      },
      "ConnectionType":0,
      "ConnectedWireIndex":-1,
      "ConnectedWireSegmentIndex":-1,
      "Points":[{"x":0.0,"y":0.0},{"x":0.0,"y":0.0}]
    },
    {
      "SourcePinAddress":{
        "PinID":0,
        "PinOwnerID":1040434703
      },
      "TargetPinAddress":{
        "PinID":1602440181,
        "PinOwnerID":1599545512
      },
      "ConnectionType":0,
      "ConnectedWireIndex":-1,
      "ConnectedWireSegmentIndex":-1,
      "Points":[{"x":0.0,"y":0.0},{"x":0.0,"y":0.0}]
    },
    {
      "SourcePinAddress":{
        "PinID":0,
        "PinOwnerID":1731256391
      },
      "TargetPinAddress":{
        "PinID":1696214049,
        "PinOwnerID":1599545512
      },
      "ConnectionType":0,
      "ConnectedWireIndex":-1,
      "ConnectedWireSegmentIndex":-1,
      "Points":[{"x":0.0,"y":0.0},{"x":0.0,"y":0.0}]
    },
    {
      "SourcePinAddress":{
        "PinID":0,
        "PinOwnerID":986058861
      },
      "TargetPinAddress":{
        "PinID":1970300947,
        "PinOwnerID":1599545512
      },
      "ConnectionType":0,
      "ConnectedWireIndex":-1,
      "ConnectedWireSegmentIndex":-1,
      "Points":[{"x":0.0,"y":0.0},{"x":0.0,"y":0.0}]
    },
    {
      "SourcePinAddress":{
        "PinID":0,
        "PinOwnerID":550575407
      },
      "TargetPinAddress":{
        "PinID":1189485965,
        "PinOwnerID":1599545512
      },
      "ConnectionType":0,
      "ConnectedWireIndex":-1,
      "ConnectedWireSegmentIndex":-1,
      "Points":[{"x":0.0,"y":0.0},{"x":0.0,"y":0.0}]
    },
    {
      "SourcePinAddress":{
        "PinID":0,
        "PinOwnerID":2052322996
      },
      "TargetPinAddress":{
        "PinID":97287669,
        "PinOwnerID":1599545512
      },
      "ConnectionType":0,
      "ConnectedWireIndex":-1,
      "ConnectedWireSegmentIndex":-1,
      "Points":[{"x":0.0,"y":0.0},{"x":0.0,"y":0.0}]
    },
    {
      "SourcePinAddress":{
        "PinID":0,
        "PinOwnerID":1592377507
      },
      "TargetPinAddress":{
        "PinID":1265948911,
        "PinOwnerID":1599545512
      },
      "ConnectionType":0,
      "ConnectedWireIndex":-1,
      "ConnectedWireSegmentIndex":-1,
      "Points":[{"x":0.0,"y":0.0},{"x":0.0,"y":0.0}]
    },
    {
      "SourcePinAddress":{
        "PinID":0,
        "PinOwnerID":78578819
      },
      "TargetPinAddress":{
        "PinID":876459292,
        "PinOwnerID":1867978259
      },
      "ConnectionType":0,
      "ConnectedWireIndex":-1,
      "ConnectedWireSegmentIndex":-1,
      "Points":[{"x":0.0,"y":0.0},{"x":0.0,"y":0.0}]
    },
    {
      "SourcePinAddress":{
        "PinID":0,
        "PinOwnerID":440011972
      },
      "TargetPinAddress":{
        "PinID":530810596,
        "PinOwnerID":1867978259
      },
      "ConnectionType":0,
      "ConnectedWireIndex":-1,
      "ConnectedWireSegmentIndex":-1,
      "Points":[{"x":0.0,"y":0.0},{"x":0.0,"y":0.0}]
    },
    {
      "SourcePinAddress":{
        "PinID":0,
        "PinOwnerID":1040434703
      },
      "TargetPinAddress":{
        "PinID":1602440181,
        "PinOwnerID":1867978259
      },
      "ConnectionType":0,
      "ConnectedWireIndex":-1,
      "ConnectedWireSegmentIndex":-1,
      "Points":[{"x":0.0,"y":0.0},{"x":0.0,"y":0.0}]
    },
    {
      "SourcePinAddress":{
        "PinID":0,
        "PinOwnerID":1731256391
      },
      "TargetPinAddress":{
        "PinID":1696214049,
        "PinOwnerID":1867978259
      },
      "ConnectionType":0,
      "ConnectedWireIndex":-1,
      "ConnectedWireSegmentIndex":-1,
      "Points":[{"x":0.0,"y":0.0},{"x":0.0,"y":0.0}]
    },
    {
      "SourcePinAddress":{
        "PinID":0,
        "PinOwnerID":906469898
      },
      "TargetPinAddress":{
        "PinID":1970300947,
        "PinOwnerID":1867978259
      },
      "ConnectionType":0,
      "ConnectedWireIndex":-1,
      "ConnectedWireSegmentIndex":-1,
      "Points":[{"x":0.0,"y":0.0},{"x":0.0,"y":0.0}]
    },
    {
      "SourcePinAddress":{
        "PinID":0,
        "PinOwnerID":1327258120
      },
      "TargetPinAddress":{
        "PinID":1189485965,
        "PinOwnerID":1867978259
      },
      "ConnectionType":0,
      "ConnectedWireIndex":-1,
      "ConnectedWireSegmentIndex":-1,
      "Points":[{"x":0.0,"y":0.0},{"x":0.0,"y":0.0}]
    },
    {
      "SourcePinAddress":{
        "PinID":0,
        "PinOwnerID":2052322996
      },
      "TargetPinAddress":{
        "PinID":97287669,
        "PinOwnerID":1867978259
      },
      "ConnectionType":0,
      "ConnectedWireIndex":-1,
      "ConnectedWireSegmentIndex":-1,
      "Points":[{"x":0.0,"y":0.0},{"x":0.0,"y":0.0}]
    },
    {
      "SourcePinAddress":{
        "PinID":0,
        "PinOwnerID":1592377507
      },
      "TargetPinAddress":{
        "PinID":1265948911,
        "PinOwnerID":1867978259
      },
      "ConnectionType":0,
      "ConnectedWireIndex":-1,
      "ConnectedWireSegmentIndex":-1,
      "Points":[{"x":0.0,"y":0.0},{"x":0.0,"y":0.0}]
    },
    {
      "SourcePinAddress":{
        "PinID":0,
        "PinOwnerID":1159247816
      },
      "TargetPinAddress":{
        "PinID":876459292,
        "PinOwnerID":1973685494
      },
      "ConnectionType":0,
      "ConnectedWireIndex":-1,
      "ConnectedWireSegmentIndex":-1,
      "Points":[{"x":0.0,"y":0.0},{"x":0.0,"y":0.0}]
    },
    {
      "SourcePinAddress":{
        "PinID":0,
        "PinOwnerID":893976640
      },
      "TargetPinAddress":{
        "PinID":530810596,
        "PinOwnerID":1973685494
      },
      "ConnectionType":0,
      "ConnectedWireIndex":-1,
      "ConnectedWireSegmentIndex":-1,
      "Points":[{"x":0.0,"y":0.0},{"x":0.0,"y":0.0}]
    },
    {
      "SourcePinAddress":{
        "PinID":0,
        "PinOwnerID":986058861
      },
      "TargetPinAddress":{
        "PinID":1602440181,
        "PinOwnerID":1973685494
      },
      "ConnectionType":0,
      "ConnectedWireIndex":-1,
      "ConnectedWireSegmentIndex":-1,
      "Points":[{"x":0.0,"y":0.0},{"x":0.0,"y":0.0}]
    },
    {
      "SourcePinAddress":{
        "PinID":0,
        "PinOwnerID":550575407
      },
      "TargetPinAddress":{
        "PinID":1696214049,
        "PinOwnerID":1973685494
      },
      "ConnectionType":0,
      "ConnectedWireIndex":-1,
      "ConnectedWireSegmentIndex":-1,
      "Points":[{"x":0.0,"y":0.0},{"x":0.0,"y":0.0}]
    },
    {
      "SourcePinAddress":{
        "PinID":0,
        "PinOwnerID":906469898
      },
      "TargetPinAddress":{
        "PinID":1970300947,
        "PinOwnerID":1973685494
      },
      "ConnectionType":0,
      "ConnectedWireIndex":-1,
      "ConnectedWireSegmentIndex":-1,
      "Points":[{"x":0.0,"y":0.0},{"x":0.0,"y":0.0}]
    },
    {
      "SourcePinAddress":{
        "PinID":0,
        "PinOwnerID":1327258120
      },
      "TargetPinAddress":{
        "PinID":1189485965,
        "PinOwnerID":1973685494
      },
      "ConnectionType":0,
      "ConnectedWireIndex":-1,
      "ConnectedWireSegmentIndex":-1,
      "Points":[{"x":0.0,"y":0.0},{"x":0.0,"y":0.0}]
    },
    {
      "SourcePinAddress":{
        "PinID":0,
        "PinOwnerID":2052322996
      },
      "TargetPinAddress":{
        "PinID":97287669,
        "PinOwnerID":1973685494
      },
      "ConnectionType":0,
      "ConnectedWireIndex":-1,
      "ConnectedWireSegmentIndex":-1,
      "Points":[{"x":0.0,"y":0.0},{"x":0.0,"y":0.0}]
    },
    {
      "SourcePinAddress":{
        "PinID":0,
        "PinOwnerID":1592377507
      },
      "TargetPinAddress":{
        "PinID":1265948911,
        "PinOwnerID":1973685494
      },
      "ConnectionType":0,
      "ConnectedWireIndex":-1,
      "ConnectedWireSegmentIndex":-1,
      "Points":[{"x":0.0,"y":0.0},{"x":0.0,"y":0.0}]
    },
    {
      "SourcePinAddress":{
        "PinID":1257180871,
        "PinOwnerID":1973685494
      },
      "TargetPinAddress":{
        "PinID":0,
        "PinOwnerID":1458594468
      },
      "ConnectionType":0,
      "ConnectedWireIndex":-1,
      "ConnectedWireSegmentIndex":-1,
      "Points":[{"x":0.0,"y":0.0},{"x":0.0,"y":0.0}]
    },
    {
      "SourcePinAddress":{
        "PinID":1257180871,
        "PinOwnerID":1867978259
      },
      "TargetPinAddress":{
        "PinID":0,
        "PinOwnerID":70282740
      },
      "ConnectionType":0,
      "ConnectedWireIndex":-1,
      "ConnectedWireSegmentIndex":-1,
      "Points":[{"x":0.0,"y":0.0},{"x":0.0,"y":0.0}]
    },
    {
      "SourcePinAddress":{
        "PinID":1257180871,
        "PinOwnerID":1599545512
      },
      "TargetPinAddress":{
        "PinID":0,
        "PinOwnerID":609896289
      },
      "ConnectionType":0,
      "ConnectedWireIndex":-1,
      "ConnectedWireSegmentIndex":-1,
      "Points":[{"x":0.0,"y":0.0},{"x":0.0,"y":0.0}]
    },
    {
      "SourcePinAddress":{
        "PinID":1257180871,
        "PinOwnerID":442207058
      },
      "TargetPinAddress":{
        "PinID":0,
        "PinOwnerID":73798155
      },
      "ConnectionType":0,
      "ConnectedWireIndex":-1,
      "ConnectedWireSegmentIndex":-1,
      "Points":[{"x":0.0,"y":0.0},{"x":0.0,"y":0.0}]
    },
    {
      "SourcePinAddress":{
        "PinID":0,
        "PinOwnerID":1029600462
      },
      "TargetPinAddress":{
        "PinID":876459292,
        "PinOwnerID":342724303
      },
      "ConnectionType":0,
      "ConnectedWireIndex":-1,
      "ConnectedWireSegmentIndex":-1,
      "Points":[{"x":0.0,"y":0.0},{"x":0.0,"y":0.0}]
    },
    {
      "SourcePinAddress":{
        "PinID":0,
        "PinOwnerID":2111449072
      },
      "TargetPinAddress":{
        "PinID":530810596,
        "PinOwnerID":342724303
      },
      "ConnectionType":0,
      "ConnectedWireIndex":-1,
      "ConnectedWireSegmentIndex":-1,
      "Points":[{"x":0.0,"y":0.0},{"x":0.0,"y":0.0}]
    },
    {
      "SourcePinAddress":{
        "PinID":0,
        "PinOwnerID":1743782009
      },
      "TargetPinAddress":{
        "PinID":1602440181,
        "PinOwnerID":342724303
      },
      "ConnectionType":0,
      "ConnectedWireIndex":-1,
      "ConnectedWireSegmentIndex":-1,
      "Points":[{"x":0.0,"y":0.0},{"x":0.0,"y":0.0}]
    },
    {
      "SourcePinAddress":{
        "PinID":0,
        "PinOwnerID":1391913614
      },
      "TargetPinAddress":{
        "PinID":1696214049,
        "PinOwnerID":342724303
      },
      "ConnectionType":0,
      "ConnectedWireIndex":-1,
      "ConnectedWireSegmentIndex":-1,
      "Points":[{"x":0.0,"y":0.0},{"x":0.0,"y":0.0}]
    },
    {
      "SourcePinAddress":{
        "PinID":0,
        "PinOwnerID":78578819
      },
      "TargetPinAddress":{
        "PinID":1970300947,
        "PinOwnerID":342724303
      },
      "ConnectionType":0,
      "ConnectedWireIndex":-1,
      "ConnectedWireSegmentIndex":-1,
      "Points":[{"x":0.0,"y":0.0},{"x":0.0,"y":0.0}]
    },
    {
      "SourcePinAddress":{
        "PinID":0,
        "PinOwnerID":440011972
      },
      "TargetPinAddress":{
        "PinID":1189485965,
        "PinOwnerID":342724303
      },
      "ConnectionType":0,
      "ConnectedWireIndex":-1,
      "ConnectedWireSegmentIndex":-1,
      "Points":[{"x":0.0,"y":0.0},{"x":0.0,"y":0.0}]
    },
    {
      "SourcePinAddress":{
        "PinID":0,
        "PinOwnerID":1040434703
      },
      "TargetPinAddress":{
        "PinID":97287669,
        "PinOwnerID":342724303
      },
      "ConnectionType":0,
      "ConnectedWireIndex":-1,
      "ConnectedWireSegmentIndex":-1,
      "Points":[{"x":0.0,"y":0.0},{"x":0.0,"y":0.0}]
    },
    {
      "SourcePinAddress":{
        "PinID":0,
        "PinOwnerID":1731256391
      },
      "TargetPinAddress":{
        "PinID":1265948911,
        "PinOwnerID":342724303
      },
      "ConnectionType":0,
      "ConnectedWireIndex":-1,
      "ConnectedWireSegmentIndex":-1,
      "Points":[{"x":0.0,"y":0.0},{"x":0.0,"y":0.0}]
    },
    {
      "SourcePinAddress":{
        "PinID":0,
        "PinOwnerID":1159247816
      },
      "TargetPinAddress":{
        "PinID":876459292,
        "PinOwnerID":1036576501
      },
      "ConnectionType":0,
      "ConnectedWireIndex":-1,
      "ConnectedWireSegmentIndex":-1,
      "Points":[{"x":0.0,"y":0.0},{"x":0.0,"y":0.0}]
    },
    {
      "SourcePinAddress":{
        "PinID":0,
        "PinOwnerID":893976640
      },
      "TargetPinAddress":{
        "PinID":530810596,
        "PinOwnerID":1036576501
      },
      "ConnectionType":0,
      "ConnectedWireIndex":-1,
      "ConnectedWireSegmentIndex":-1,
      "Points":[{"x":0.0,"y":0.0},{"x":0.0,"y":0.0}]
    },
    {
      "SourcePinAddress":{
        "PinID":0,
        "PinOwnerID":986058861
      },
      "TargetPinAddress":{
        "PinID":1602440181,
        "PinOwnerID":1036576501
      },
      "ConnectionType":0,
      "ConnectedWireIndex":-1,
      "ConnectedWireSegmentIndex":-1,
      "Points":[{"x":0.0,"y":0.0},{"x":0.0,"y":0.0}]
    },
    {
      "SourcePinAddress":{
        "PinID":0,
        "PinOwnerID":550575407
      },
      "TargetPinAddress":{
        "PinID":1696214049,
        "PinOwnerID":1036576501
      },
      "ConnectionType":0,
      "ConnectedWireIndex":-1,
      "ConnectedWireSegmentIndex":-1,
      "Points":[{"x":0.0,"y":0.0},{"x":0.0,"y":0.0}]
    },
    {
      "SourcePinAddress":{
        "PinID":0,
        "PinOwnerID":906469898
      },
      "TargetPinAddress":{
        "PinID":1970300947,
        "PinOwnerID":1036576501
      },
      "ConnectionType":0,
      "ConnectedWireIndex":-1,
      "ConnectedWireSegmentIndex":-1,
      "Points":[{"x":0.0,"y":0.0},{"x":0.0,"y":0.0}]
    },
    {
      "SourcePinAddress":{
        "PinID":0,
        "PinOwnerID":1327258120
      },
      "TargetPinAddress":{
        "PinID":1189485965,
        "PinOwnerID":1036576501
      },
      "ConnectionType":0,
      "ConnectedWireIndex":-1,
      "ConnectedWireSegmentIndex":-1,
      "Points":[{"x":0.0,"y":0.0},{"x":0.0,"y":0.0}]
    },
    {
      "SourcePinAddress":{
        "PinID":0,
        "PinOwnerID":2052322996
      },
      "TargetPinAddress":{
        "PinID":97287669,
        "PinOwnerID":1036576501
      },
      "ConnectionType":0,
      "ConnectedWireIndex":-1,
      "ConnectedWireSegmentIndex":-1,
      "Points":[{"x":0.0,"y":0.0},{"x":0.0,"y":0.0}]
    },
    {
      "SourcePinAddress":{
        "PinID":0,
        "PinOwnerID":1592377507
      },
      "TargetPinAddress":{
        "PinID":1265948911,
        "PinOwnerID":1036576501
      },
      "ConnectionType":0,
      "ConnectedWireIndex":-1,
      "ConnectedWireSegmentIndex":-1,
      "Points":[{"x":0.0,"y":0.0},{"x":0.0,"y":0.0}]
    },
    {
      "SourcePinAddress":{
        "PinID":1257180871,
        "PinOwnerID":1036576501
      },
      "TargetPinAddress":{
        "PinID":977249482,
        "PinOwnerID":1569096314
      },
      "ConnectionType":0,
      "ConnectedWireIndex":-1,
      "ConnectedWireSegmentIndex":-1,
      "Points":[{"x":0.0,"y":0.0},{"x":0.0,"y":0.0}]
    },
    {
      "SourcePinAddress":{
        "PinID":1257180871,
        "PinOwnerID":342724303
      },
      "TargetPinAddress":{
        "PinID":643740030,
        "PinOwnerID":1569096314
      },
      "ConnectionType":0,
      "ConnectedWireIndex":-1,
      "ConnectedWireSegmentIndex":-1,
      "Points":[{"x":0.0,"y":0.0},{"x":0.0,"y":0.0}]
    },
    {
      "SourcePinAddress":{
        "PinID":1686933192,
        "PinOwnerID":1569096314
      },
      "TargetPinAddress":{
        "PinID":0,
        "PinOwnerID":47567960
      },
      "ConnectionType":0,
      "ConnectedWireIndex":-1,
      "ConnectedWireSegmentIndex":-1,
      "Points":[{"x":0.0,"y":0.0},{"x":0.0,"y":0.0}]
    }
  ],
  "Displays": null
}