{
  "DLSVersion": "2.1.6",
  "Name": "Encoder 3 BIT",
  "NameLocation": 0,
  "ChipType": 0,
  "Size": {
    "x": 1.25,
    "y": 2.0
  },
  "Colour": {
    "r": 0.211590976,
    "g": 0.14038603,
    "b": 0.223721832,
    "a": 1
  },
  "InputPins":[
    {
      "Name":"7",
      "ID":1181610485,
      "Position":{
        "x":-24.74761,
        "y":-0.14557
      },
      "BitCount":1,
      "Colour":0,
      "ValueDisplayMode":0
    },
    {
      "Name":"6",
      "ID":498789866,
      "Position":{
        "x":-24.74761,
        "y":-0.6082
      },
      "BitCount":1,
      "Colour":0,
      "ValueDisplayMode":0
    },
    {
      "Name":"5",
      "ID":30010606,
      "Position":{
        "x":-24.74761,
        "y":-1.08068
      },
      "BitCount":1,
      "Colour":0,
      "ValueDisplayMode":0
    },
    {
      "Name":"4",
      "ID":70077249,
      "Position":{
        "x":-24.74761,
        "y":-1.55315
      },
      "BitCount":1,
      "Colour":0,
      "ValueDisplayMode":0
    },
    {
      "Name":"3",
      "ID":1610115938,
      "Position":{
        "x":-24.74761,
        "y":-2.065
      },
      "BitCount":1,
      "Colour":0,
      "ValueDisplayMode":0
    },
    {
      "Name":"2",
      "ID":2140315642,
      "Position":{
        "x":-24.74761,
        "y":-2.51779
      },
      "BitCount":1,
      "Colour":0,
      "ValueDisplayMode":0
    },
    {
      "Name":"1",
      "ID":1527456990,
      "Position":{
        "x":-24.74761,
        "y":-3.00995
      },
      "BitCount":1,
      "Colour":0,
      "ValueDisplayMode":0
    },
    {
      "Name":"0",
      "ID":1433411687,
      "Position":{
        "x":-24.74761,
        "y":-3.48243
      },
      "BitCount":1,
      "Colour":0,
      "ValueDisplayMode":0
    }
  ],
  "OutputPins":[
    {
      "Name":"D2",
      "ID":1468227047,
      "Position":{
        "x":-17.47345,
        "y":-1.02162
      },
      "BitCount":1,
      "Colour":0,
      "ValueDisplayMode":0
    },
    {
      "Name":"D1",
      "ID":166272076,
      "Position":{
        "x":-17.47345,
        "y":-1.53347
      },
      "BitCount":1,
      "Colour":0,
      "ValueDisplayMode":0
    },
    {
      "Name":"D0",
      "ID":1521713449,
      "Position":{
        "x":-17.42423,
        "y":-2.03547
      },
      "BitCount":1,
      "Colour":0,
      "ValueDisplayMode":0
    },
    {
      "Name":"ON",
      "ID":936272551,
      "Position":{
        "x":-17.42423,
        "y":-3.5218
      },
      "BitCount":1,
      "Colour":0,
      "ValueDisplayMode":0
    }
  ],
  "SubChips":[
    {
      "Name":"Encoder",
      "ID":509008891,
      "Label":"",
      "Position":{
        "x":-20.7401,
        "y":-1.70709
      },
      "OutputPinColourInfo":[{"PinColour":0,"PinID":1458594468},{"PinColour":0,"PinID":70282740},{"PinColour":0,"PinID":609896289},{"PinColour":0,"PinID":73798155},{"PinColour":0,"PinID":47567960}],
      "InternalData":null
    }
  ],
  "Wires":[
    {
      "SourcePinAddress":{
        "PinID":0,
        "PinOwnerID":1433411687
      },
      "TargetPinAddress":{
        "PinID":1029600462,
        "PinOwnerID":509008891
      },
      "ConnectionType":0,
      "ConnectedWireIndex":-1,
      "ConnectedWireSegmentIndex":-1,
      "Points":[{"x":0.0,"y":0.0},{"x":0.0,"y":0.0}]
    },
    {
      "SourcePinAddress":{
        "PinID":0,
        "PinOwnerID":1527456990
      },
      "TargetPinAddress":{
        "PinID":2111449072,
        "PinOwnerID":509008891
      },
      "ConnectionType":0,
      "ConnectedWireIndex":-1,
      "ConnectedWireSegmentIndex":-1,
      "Points":[{"x":0.0,"y":0.0},{"x":0.0,"y":0.0}]
    },
    {
      "SourcePinAddress":{
        "PinID":0,
        "PinOwnerID":2140315642
      },
      "TargetPinAddress":{
        "PinID":1743782009,
        "PinOwnerID":509008891
      },
      "ConnectionType":0,
      "ConnectedWireIndex":-1,
      "ConnectedWireSegmentIndex":-1,
      "Points":[{"x":0.0,"y":0.0},{"x":0.0,"y":0.0}]
    },
    {
      "SourcePinAddress":{
        "PinID":0,
        "PinOwnerID":1610115938
      },
      "TargetPinAddress":{
        "PinID":1391913614,
        "PinOwnerID":509008891
      },
      "ConnectionType":0,
      "ConnectedWireIndex":-1,
      "ConnectedWireSegmentIndex":-1,
      "Points":[{"x":0.0,"y":0.0},{"x":0.0,"y":0.0}]
    },
    {
      "SourcePinAddress":{
        "PinID":0,
        "PinOwnerID":70077249
      },
      "TargetPinAddress":{
        "PinID":78578819,
        "PinOwnerID":509008891
      },
      "ConnectionType":0,
      "ConnectedWireIndex":-1,
      "ConnectedWireSegmentIndex":-1,
      "Points":[{"x":0.0,"y":0.0},{"x":0.0,"y":0.0}]
    },
    {
      "SourcePinAddress":{
        "PinID":0,
        "PinOwnerID":30010606
      },
      "TargetPinAddress":{
        "PinID":440011972,
        "PinOwnerID":509008891
      },
      "ConnectionType":0,
      "ConnectedWireIndex":-1,
      "ConnectedWireSegmentIndex":-1,
      "Points":[{"x":0.0,"y":0.0},{"x":0.0,"y":0.0}]
    },
    {
      "SourcePinAddress":{
        "PinID":0,
        "PinOwnerID":498789866
      },
      "TargetPinAddress":{
        "PinID":1040434703,
        "PinOwnerID":509008891
      },
      "ConnectionType":0,
      "ConnectedWireIndex":-1,
      "ConnectedWireSegmentIndex":-1,
      "Points":[{"x":0.0,"y":0.0},{"x":0.0,"y":0.0}]
    },
    {
      "SourcePinAddress":{
        "PinID":0,
        "PinOwnerID":1181610485
      },
      "TargetPinAddress":{
        "PinID":1731256391,
        "PinOwnerID":509008891
      },
      "ConnectionType":0,
      "ConnectedWireIndex":-1,
      "ConnectedWireSegmentIndex":-1,
      "Points":[{"x":0.0,"y":0.0},{"x":0.0,"y":0.0}]
    },
    {
      "SourcePinAddress":{
        "PinID":47567960,
        "PinOwnerID":509008891
      },
      "TargetPinAddress":{
        "PinID":0,
        "PinOwnerID":936272551
      },
      "ConnectionType":0,
      "ConnectedWireIndex":-1,
      "ConnectedWireSegmentIndex":-1,
      "Points":[{"x":0.0,"y":0.0},{"x":0.0,"y":0.0}]
    },
    {
      "SourcePinAddress":{
        "PinID":73798155,
        "PinOwnerID":509008891
      },
      "TargetPinAddress":{
        "PinID":0,
        "PinOwnerID":1521713449
      },
      "ConnectionType":0,
      "ConnectedWireIndex":-1,
      "ConnectedWireSegmentIndex":-1,
      "Points":[{"x":0.0,"y":0.0},{"x":0.0,"y":0.0}]
    },
    {
      "SourcePinAddress":{
        "PinID":609896289,
        "PinOwnerID":509008891
      },
      "TargetPinAddress":{
        "PinID":0,
        "PinOwnerID":166272076
      },
      "ConnectionType":0,
      "ConnectedWireIndex":-1,
      "ConnectedWireSegmentIndex":-1,
      "Points":[{"x":0.0,"y":0.0},{"x":0.0,"y":0.0}]
    },
    {
      "SourcePinAddress":{
        "PinID":70282740,
        "PinOwnerID":509008891
      },
      "TargetPinAddress":{
        "PinID":0,
        "PinOwnerID":1468227047
      },
      "ConnectionType":0,
      "ConnectedWireIndex":-1,
      "ConnectedWireSegmentIndex":-1,
      "Points":[{"x":0.0,"y":0.0},{"x":0.0,"y":0.0}]
    }
  ],
  "Displays": null
}