{
  "DLSVersion": "2.1.6",
  "Name": "EQUAL",
  "NameLocation": 0,
  "ChipType": 0,
  "Size": {
    "x": 1.025,
    "y": 2.0
  },
  "Colour": {
    "r": 0.7455969,
    "g": 0.4247106,
    "b": 0.336755127,
    "a": 1
  },
  "InputPins":[
    {
      "Name":"A3",
      "ID":479546989,
      "Position":{
        "x":-11.36338,
        "y":4.94261
      },
      "BitCount":1,
      "Colour":0,
      "ValueDisplayMode":0
    },
    {
      "Name":"A2",
      "ID":224500270,
      "Position":{
        "x":-11.36338,
        "y":4.48169
      },
      "BitCount":1,
      "Colour":0,
      "ValueDisplayMode":0
    },
    {
      "Name":"A1",
      "ID":1839488821,
      "Position":{
        "x":-11.36338,
        "y":4.04151
      },
      "BitCount":1,
      "Colour":0,
      "ValueDisplayMode":0
    },
    {
      "Name":"A0",
      "ID":1479457020,
      "Position":{
        "x":-11.36338,
        "y":3.56001
      },
      "BitCount":1,
      "Colour":0,
      "ValueDisplayMode":0
    },
    {
      "Name":"B3",
      "ID":1676080103,
      "Position":{
        "x":-11.36338,
        "y":2.67955
      },
      "BitCount":1,
      "Colour":0,
      "ValueDisplayMode":0
    },
    {
      "Name":"B2",
      "ID":2077439443,
      "Position":{
        "x":-11.36338,
        "y":2.12926
      },
      "BitCount":1,
      "Colour":0,
      "ValueDisplayMode":0
    },
    {
      "Name":"B1",
      "ID":81193329,
      "Position":{
        "x":-11.36338,
        "y":1.64088
      },
      "BitCount":1,
      "Colour":0,
      "ValueDisplayMode":0
    },
    {
      "Name":"B0",
      "ID":1270809500,
      "Position":{
        "x":-11.36338,
        "y":1.16626
      },
      "BitCount":1,
      "Colour":0,
      "ValueDisplayMode":0
    }
  ],
  "OutputPins":[
    {
      "Name":"OUT",
      "ID":912634907,
      "Position":{
        "x":-1.46165,
        "y":3.21608
      },
      "BitCount":1,
      "Colour":0,
      "ValueDisplayMode":0
    }
  ],
  "SubChips":[
    {
      "Name":"XOR",
      "ID":1994716236,
      "Label":"",
      "Position":{
        "x":-7.46322,
        "y":1.86099
      },
      "OutputPinColourInfo":[{"PinColour":0,"PinID":1205674528}],
      "InternalData":null
    },
    {
      "Name":"NOT",
      "ID":414273311,
      "Label":"",
      "Position":{
        "x":-6.54837,
        "y":1.86787
      },
      "OutputPinColourInfo":[{"PinColour":0,"PinID":329703237}],
      "InternalData":null
    },
    {
      "Name":"XOR",
      "ID":1436233446,
      "Label":"",
      "Position":{
        "x":-7.48386,
        "y":2.83776
      },
      "OutputPinColourInfo":[{"PinColour":0,"PinID":1205674528}],
      "InternalData":null
    },
    {
      "Name":"NOT",
      "ID":123125235,
      "Label":"",
      "Position":{
        "x":-6.569,
        "y":2.824
      },
      "OutputPinColourInfo":[{"PinColour":0,"PinID":329703237}],
      "InternalData":null
    },
    {
      "Name":"AND",
      "ID":628987497,
      "Label":"",
      "Position":{
        "x":-4.98005,
        "y":2.28747
      },
      "OutputPinColourInfo":[{"PinColour":0,"PinID":1834173622}],
      "InternalData":null
    },
    {
      "Name":"AND",
      "ID":669258931,
      "Label":"",
      "Position":{
        "x":-5.00756,
        "y":4.12405
      },
      "OutputPinColourInfo":[{"PinColour":0,"PinID":1834173622}],
      "InternalData":null
    },
    {
      "Name":"AND",
      "ID":450857020,
      "Label":"",
      "Position":{
        "x":-3.71439,
        "y":3.25047
      },
      "OutputPinColourInfo":[{"PinColour":0,"PinID":1834173622}],
      "InternalData":null
    },
    {
      "Name":"XOR",
      "ID":1813176674,
      "Label":"",
      "Position":{
        "x":-7.53201,
        "y":3.81452
      },
      "OutputPinColourInfo":[{"PinColour":0,"PinID":1205674528}],
      "InternalData":null
    },
    {
      "Name":"NOT",
      "ID":578820483,
      "Label":"",
      "Position":{
        "x":-6.61715,
        "y":3.787
      },
      "OutputPinColourInfo":[{"PinColour":0,"PinID":329703237}],
      "InternalData":null
    },
    {
      "Name":"XOR",
      "ID":2101996403,
      "Label":"",
      "Position":{
        "x":-7.58016,
        "y":4.80503
      },
      "OutputPinColourInfo":[{"PinColour":0,"PinID":1205674528}],
      "InternalData":null
    },
    {
      "Name":"NOT",
      "ID":1989397158,
      "Label":"",
      "Position":{
        "x":-6.65842,
        "y":4.81191
      },
      "OutputPinColourInfo":[{"PinColour":0,"PinID":329703237}],
      "InternalData":null
    }
  ],
  "Wires":[
    {
      "SourcePinAddress":{
        "PinID":0,
        "PinOwnerID":1270809500
      },
      "TargetPinAddress":{
        "PinID":676270038,
        "PinOwnerID":1994716236
      },
      "ConnectionType":0,
      "ConnectedWireIndex":-1,
      "ConnectedWireSegmentIndex":-1,
      "Points":[{"x":0.0,"y":0.0},{"x":0.0,"y":0.0}]
    },
    {
      "SourcePinAddress":{
        "PinID":1205674528,
        "PinOwnerID":1994716236
      },
      "TargetPinAddress":{
        "PinID":592835066,
        "PinOwnerID":414273311
      },
      "ConnectionType":0,
      "ConnectedWireIndex":-1,
      "ConnectedWireSegmentIndex":-1,
      "Points":[{"x":0.0,"y":0.0},{"x":0.0,"y":0.0}]
    },
    {
      "SourcePinAddress":{
        "PinID":0,
        "PinOwnerID":1479457020
      },
      "TargetPinAddress":{
        "PinID":1741978370,
        "PinOwnerID":1994716236
      },
      "ConnectionType":0,
      "ConnectedWireIndex":-1,
      "ConnectedWireSegmentIndex":-1,
      "Points":[{"x":0.0,"y":0.0},{"x":0.0,"y":0.0}]
    },
    {
      "SourcePinAddress":{
        "PinID":1205674528,
        "PinOwnerID":1436233446
      },
      "TargetPinAddress":{
        "PinID":592835066,
        "PinOwnerID":123125235
      },
      "ConnectionType":0,
      "ConnectedWireIndex":-1,
      "ConnectedWireSegmentIndex":-1,
      "Points":[{"x":0.0,"y":0.0},{"x":0.0,"y":0.0}]
    },
    {
      "SourcePinAddress":{
        "PinID":329703237,
        "PinOwnerID":123125235
      },
      "TargetPinAddress":{
        "PinID":1479226400,
        "PinOwnerID":628987497
      },
      "ConnectionType":0,
      "ConnectedWireIndex":-1,
      "ConnectedWireSegmentIndex":-1,
      "Points":[{"x":0.0,"y":0.0},{"x":0.0,"y":0.0}]
    },
    {
      "SourcePinAddress":{
        "PinID":329703237,
        "PinOwnerID":414273311
      },
      "TargetPinAddress":{
        "PinID":267671138,
        "PinOwnerID":628987497
      },
      "ConnectionType":0,
      "ConnectedWireIndex":-1,
      "ConnectedWireSegmentIndex":-1,
      "Points":[{"x":0.0,"y":0.0},{"x":0.0,"y":0.0}]
    },
    {
      "SourcePinAddress":{
        "PinID":0,
        "PinOwnerID":81193329
      },
      "TargetPinAddress":{
        "PinID":676270038,
        "PinOwnerID":1436233446
      },
      "ConnectionType":0,
      "ConnectedWireIndex":-1,
      "ConnectedWireSegmentIndex":-1,
      "Points":[{"x":0.0,"y":0.0},{"x":0.0,"y":0.0}]
    },
    {
      "SourcePinAddress":{
        "PinID":0,
        "PinOwnerID":1839488821
      },
      "TargetPinAddress":{
        "PinID":1741978370,
        "PinOwnerID":1436233446
      },
      "ConnectionType":0,
      "ConnectedWireIndex":-1,
      "ConnectedWireSegmentIndex":-1,
      "Points":[{"x":0.0,"y":0.0},{"x":0.0,"y":0.0}]
    },
    {
      "SourcePinAddress":{
        "PinID":1205674528,
        "PinOwnerID":2101996403
      },
      "TargetPinAddress":{
        "PinID":592835066,
        "PinOwnerID":1989397158
      },
      "ConnectionType":0,
      "ConnectedWireIndex":-1,
      "ConnectedWireSegmentIndex":-1,
      "Points":[{"x":0.0,"y":0.0},{"x":0.0,"y":0.0}]
    },
    {
      "SourcePinAddress":{
        "PinID":1205674528,
        "PinOwnerID":1813176674
      },
      "TargetPinAddress":{
        "PinID":592835066,
        "PinOwnerID":578820483
      },
      "ConnectionType":0,
      "ConnectedWireIndex":-1,
      "ConnectedWireSegmentIndex":-1,
      "Points":[{"x":0.0,"y":0.0},{"x":0.0,"y":0.0}]
    },
    {
      "SourcePinAddress":{
        "PinID":329703237,
        "PinOwnerID":578820483
      },
      "TargetPinAddress":{
        "PinID":267671138,
        "PinOwnerID":669258931
      },
      "ConnectionType":0,
      "ConnectedWireIndex":-1,
      "ConnectedWireSegmentIndex":-1,
      "Points":[{"x":0.0,"y":0.0},{"x":0.0,"y":0.0}]
    },
    {
      "SourcePinAddress":{
        "PinID":329703237,
        "PinOwnerID":1989397158
      },
      "TargetPinAddress":{
        "PinID":1479226400,
        "PinOwnerID":669258931
      },
      "ConnectionType":0,
      "ConnectedWireIndex":-1,
      "ConnectedWireSegmentIndex":-1,
      "Points":[{"x":0.0,"y":0.0},{"x":0.0,"y":0.0}]
    },
    {
      "SourcePinAddress":{
        "PinID":0,
        "PinOwnerID":479546989
      },
      "TargetPinAddress":{
        "PinID":1741978370,
        "PinOwnerID":2101996403
      },
      "ConnectionType":0,
      "ConnectedWireIndex":-1,
      "ConnectedWireSegmentIndex":-1,
      "Points":[{"x":0.0,"y":0.0},{"x":0.0,"y":0.0}]
    },
    {
      "SourcePinAddress":{
        "PinID":0,
        "PinOwnerID":1676080103
      },
      "TargetPinAddress":{
        "PinID":676270038,
        "PinOwnerID":2101996403
      },
      "ConnectionType":0,
      "ConnectedWireIndex":-1,
      "ConnectedWireSegmentIndex":-1,
      "Points":[{"x":0.0,"y":0.0},{"x":0.0,"y":0.0}]
    },
    {
      "SourcePinAddress":{
        "PinID":0,
        "PinOwnerID":224500270
      },
      "TargetPinAddress":{
        "PinID":1741978370,
        "PinOwnerID":1813176674
      },
      "ConnectionType":0,
      "ConnectedWireIndex":-1,
      "ConnectedWireSegmentIndex":-1,
      "Points":[{"x":0.0,"y":0.0},{"x":0.0,"y":0.0}]
    },
    {
      "SourcePinAddress":{
        "PinID":0,
        "PinOwnerID":2077439443
      },
      "TargetPinAddress":{
        "PinID":676270038,
        "PinOwnerID":1813176674
      },
      "ConnectionType":0,
      "ConnectedWireIndex":-1,
      "ConnectedWireSegmentIndex":-1,
      "Points":[{"x":0.0,"y":0.0},{"x":0.0,"y":0.0}]
    },
    {
      "SourcePinAddress":{
        "PinID":1834173622,
        "PinOwnerID":669258931
      },
      "TargetPinAddress":{
        "PinID":1479226400,
        "PinOwnerID":450857020
      },
      "ConnectionType":0,
      "ConnectedWireIndex":-1,
      "ConnectedWireSegmentIndex":-1,
      "Points":[{"x":0.0,"y":0.0},{"x":0.0,"y":0.0}]
    },
    {
      "SourcePinAddress":{
        "PinID":1834173622,
        "PinOwnerID":628987497
      },
      "TargetPinAddress":{
        "PinID":267671138,
        "PinOwnerID":450857020
      },
      "ConnectionType":0,
      "ConnectedWireIndex":-1,
      "ConnectedWireSegmentIndex":-1,
      "Points":[{"x":0.0,"y":0.0},{"x":0.0,"y":0.0}]
    },
    {
      "SourcePinAddress":{
        "PinID":1834173622,
        "PinOwnerID":450857020
      },
      "TargetPinAddress":{
        "PinID":0,
        "PinOwnerID":912634907
      },
      "ConnectionType":0,
      "ConnectedWireIndex":-1,
      "ConnectedWireSegmentIndex":-1,
      "Points":[{"x":0.0,"y":0.0},{"x":0.0,"y":0.0}]
    }
  ],
  "Displays": null
}