{
  "DLSVersion": "2.1.6",
  "Name": "FLOW",
  "NameLocation": 0,
  "ChipType": 0,
  "Size": {
    "x": 0.725,
    "y": 0.375
  },
  "Colour": {
    "r": 0.319928944,
    "g": 0.99316144,
    "b": 0.859711349,
    "a": 1
  },
  "InputPins":[
    {
      "Name":"IN",
      "ID":917129399,
      "Position":{
        "x":-26.54119,
        "y":7.17098
      },
      "BitCount":1,
      "Colour":0,
      "ValueDisplayMode":0
    }
  ],
  "OutputPins":[
    {
      "Name":"OUT",
      "ID":966711095,
      "Position":{
        "x":-22.12493,
        "y":7.11344
      },
      "BitCount":1,
      "Colour":0,
      "ValueDisplayMode":0
    }
  ],
  "SubChips":[
    {
      "Name":"NOT",
      "ID":1503514052,
      "Label":"",
      "Position":{
        "x":-24.83626,
        "y":7.11582
      },
      "OutputPinColourInfo":[{"PinColour":0,"PinID":329703237}],
      "InternalData":null
    },
    {
      "Name":"NOT",
      "ID":1775883568,
      "Label":"",
      "Position":{
        "x":-23.84376,
        "y":7.14589
      },
      "OutputPinColourInfo":[{"PinColour":0,"PinID":329703237}],
      "InternalData":null
    }
  ],
  "Wires":[
    {
      "SourcePinAddress":{
        "PinID":0,
        "PinOwnerID":917129399
      },
      "TargetPinAddress":{
        "PinID":592835066,
        "PinOwnerID":1503514052
      },
      "ConnectionType":0,
      "ConnectedWireIndex":-1,
      "ConnectedWireSegmentIndex":-1,
      "Points":[{"x":0.0,"y":0.0},{"x":0.0,"y":0.0}]
    },
    {
      "SourcePinAddress":{
        "PinID":329703237,
        "PinOwnerID":1503514052
      },
      "TargetPinAddress":{
        "PinID":592835066,
        "PinOwnerID":1775883568
      },
      "ConnectionType":0,
      "ConnectedWireIndex":-1,
      "ConnectedWireSegmentIndex":-1,
      "Points":[{"x":0.0,"y":0.0},{"x":0.0,"y":0.0}]
    },
    {
      "SourcePinAddress":{
        "PinID":329703237,
        "PinOwnerID":1775883568
      },
      "TargetPinAddress":{
        "PinID":0,
        "PinOwnerID":966711095
      },
      "ConnectionType":0,
      "ConnectedWireIndex":-1,
      "ConnectedWireSegmentIndex":-1,
      "Points":[{"x":0.0,"y":0.0},{"x":0.0,"y":0.0}]
    }
  ],
  "Displays": null
}