{
  "DLSVersion": "2.1.6",
  "Name": "FULL ADDER",
  "NameLocation": 0,
  "ChipType": 0,
  "Size": {
    "x": 1.025,
    "y": 0.75
  },
  "Colour": {
    "r": 0.072842,
    "g": 0.4967133,
    "b": 0.556273937,
    "a": 1
  },
  "InputPins":[
    {
      "Name":"A",
      "ID":481740599,
      "Position":{
        "x":-8.88889,
        "y":1.59259
      },
      "BitCount":1,
      "Colour":0,
      "ValueDisplayMode":0
    },
    {
      "Name":"B",
      "ID":1857494502,
      "Position":{
        "x":-8.88889,
        "y":0.90123
      },
      "BitCount":1,
      "Colour":0,
      "ValueDisplayMode":0
    },
    {
      "Name":"CIN",
      "ID":1169837477,
      "Position":{
        "x":-8.91358,
        "y":-1.54321
      },
      "BitCount":1,
      "Colour":0,
      "ValueDisplayMode":0
    }
  ],
  "OutputPins":[
    {
      "Name":"SUM",
      "ID":836107614,
      "Position":{
        "x":8.88272,
        "y":1.2963
      },
      "BitCount":1,
      "Colour":0,
      "ValueDisplayMode":0
    },
    {
      "Name":"CARRY",
      "ID":1462983759,
      "Position":{
        "x":8.89506,
        "y":-0.06173
      },
      "BitCount":1,
      "Colour":0,
      "ValueDisplayMode":0
    }
  ],
  "SubChips":[
    {
      "Name":"XOR",
      "ID":467148029,
      "Label":"",
      "Position":{
        "x":-4.98765,
        "y":1.32099
      },
      "OutputPinColourInfo":[{"PinColour":0,"PinID":1205674528}],
      "InternalData":null
    },
    {
      "Name":"XOR",
      "ID":1055227232,
      "Label":"",
      "Position":{
        "x":-2.04938,
        "y":1.33333
      },
      "OutputPinColourInfo":[{"PinColour":0,"PinID":1205674528}],
      "InternalData":null
    },
    {
      "Name":"AND",
      "ID":2013283637,
      "Label":"",
      "Position":{
        "x":-5.08642,
        "y":-0.37037
      },
      "OutputPinColourInfo":[{"PinColour":0,"PinID":1834173622}],
      "InternalData":null
    },
    {
      "Name":"AND",
      "ID":463478874,
      "Label":"",
      "Position":{
        "x":-2.03704,
        "y":-0.40741
      },
      "OutputPinColourInfo":[{"PinColour":0,"PinID":1834173622}],
      "InternalData":null
    },
    {
      "Name":"OR",
      "ID":1741582766,
      "Label":"",
      "Position":{
        "x":-0.24691,
        "y":0.14815
      },
      "OutputPinColourInfo":[{"PinColour":0,"PinID":1686933192}],
      "InternalData":null
    }
  ],
  "Wires":[
    {
      "SourcePinAddress":{
        "PinID":0,
        "PinOwnerID":481740599
      },
      "TargetPinAddress":{
        "PinID":1741978370,
        "PinOwnerID":467148029
      },
      "ConnectionType":0,
      "ConnectedWireIndex":-1,
      "ConnectedWireSegmentIndex":-1,
      "Points":[{"x":0.0,"y":0.0},{"x":0.0,"y":0.0}]
    },
    {
      "SourcePinAddress":{
        "PinID":1205674528,
        "PinOwnerID":467148029
      },
      "TargetPinAddress":{
        "PinID":1741978370,
        "PinOwnerID":1055227232
      },
      "ConnectionType":0,
      "ConnectedWireIndex":-1,
      "ConnectedWireSegmentIndex":-1,
      "Points":[{"x":0.0,"y":0.0},{"x":-3.78395,"y":1.28395},{"x":-3.78395,"y":1.53086},{"x":0.0,"y":0.0}]
    },
    {
      "SourcePinAddress":{
        "PinID":1205674528,
        "PinOwnerID":467148029
      },
      "TargetPinAddress":{
        "PinID":1479226400,
        "PinOwnerID":463478874
      },
      "ConnectionType":1,
      "ConnectedWireIndex":1,
      "ConnectedWireSegmentIndex":0,
      "Points":[{"x":-3.78395,"y":1.28395},{"x":-3.82099,"y":-0.22222},{"x":0.0,"y":0.0}]
    },
    {
      "SourcePinAddress":{
        "PinID":1834173622,
        "PinOwnerID":2013283637
      },
      "TargetPinAddress":{
        "PinID":977249482,
        "PinOwnerID":1741582766
      },
      "ConnectionType":0,
      "ConnectedWireIndex":-1,
      "ConnectedWireSegmentIndex":-1,
      "Points":[{"x":0.0,"y":0.0},{"x":-4.11728,"y":-0.40741},{"x":-4.10494,"y":0.18519},{"x":0.0,"y":0.0}]
    },
    {
      "SourcePinAddress":{
        "PinID":1834173622,
        "PinOwnerID":463478874
      },
      "TargetPinAddress":{
        "PinID":643740030,
        "PinOwnerID":1741582766
      },
      "ConnectionType":0,
      "ConnectedWireIndex":-1,
      "ConnectedWireSegmentIndex":-1,
      "Points":[{"x":0.0,"y":0.0},{"x":-0.85802,"y":-0.41975},{"x":-0.87037,"y":0.02469},{"x":0.0,"y":0.0}]
    },
    {
      "SourcePinAddress":{
        "PinID":0,
        "PinOwnerID":1169837477
      },
      "TargetPinAddress":{
        "PinID":267671138,
        "PinOwnerID":463478874
      },
      "ConnectionType":0,
      "ConnectedWireIndex":-1,
      "ConnectedWireSegmentIndex":-1,
      "Points":[{"x":0.0,"y":0.0},{"x":-2.90741,"y":-1.60494},{"x":-2.9321,"y":-0.55556},{"x":0.0,"y":0.0}]
    },
    {
      "SourcePinAddress":{
        "PinID":0,
        "PinOwnerID":1169837477
      },
      "TargetPinAddress":{
        "PinID":676270038,
        "PinOwnerID":1055227232
      },
      "ConnectionType":1,
      "ConnectedWireIndex":5,
      "ConnectedWireSegmentIndex":1,
      "Points":[{"x":-2.93092,"y":-0.60549},{"x":-2.94444,"y":1.22222},{"x":0.0,"y":0.0}]
    },
    {
      "SourcePinAddress":{
        "PinID":0,
        "PinOwnerID":1857494502
      },
      "TargetPinAddress":{
        "PinID":676270038,
        "PinOwnerID":467148029
      },
      "ConnectionType":0,
      "ConnectedWireIndex":-1,
      "ConnectedWireSegmentIndex":-1,
      "Points":[{"x":0.0,"y":0.0},{"x":-5.69753,"y":0.77778},{"x":-5.70988,"y":1.23457},{"x":0.0,"y":0.0}]
    },
    {
      "SourcePinAddress":{
        "PinID":0,
        "PinOwnerID":1857494502
      },
      "TargetPinAddress":{
        "PinID":1479226400,
        "PinOwnerID":2013283637
      },
      "ConnectionType":1,
      "ConnectedWireIndex":7,
      "ConnectedWireSegmentIndex":0,
      "Points":[{"x":-5.73385,"y":0.77961},{"x":-5.74691,"y":-0.23457},{"x":0.0,"y":0.0}]
    },
    {
      "SourcePinAddress":{
        "PinID":0,
        "PinOwnerID":481740599
      },
      "TargetPinAddress":{
        "PinID":267671138,
        "PinOwnerID":2013283637
      },
      "ConnectionType":1,
      "ConnectedWireIndex":0,
      "ConnectedWireSegmentIndex":0,
      "Points":[{"x":-6.07947,"y":1.48394},{"x":-6.08025,"y":-0.51852},{"x":0.0,"y":0.0}]
    },
    {
      "SourcePinAddress":{
        "PinID":1205674528,
        "PinOwnerID":1055227232
      },
      "TargetPinAddress":{
        "PinID":0,
        "PinOwnerID":836107614
      },
      "ConnectionType":0,
      "ConnectedWireIndex":-1,
      "ConnectedWireSegmentIndex":-1,
      "Points":[{"x":0.0,"y":0.0},{"x":0.0,"y":0.0}]
    },
    {
      "SourcePinAddress":{
        "PinID":1686933192,
        "PinOwnerID":1741582766
      },
      "TargetPinAddress":{
        "PinID":0,
        "PinOwnerID":1462983759
      },
      "ConnectionType":0,
      "ConnectedWireIndex":-1,
      "ConnectedWireSegmentIndex":-1,
      "Points":[{"x":0.0,"y":0.0},{"x":0.0,"y":0.0}]
    }
  ],
  "Displays": null
}