{
  "DLSVersion": "2.1.6",
  "Name": "LOOP1",
  "NameLocation": 0,
  "ChipType": 0,
  "Size": {
    "x": 1.025,
    "y": 3.0
  },
  "Colour": {
    "r": 0.449153,
    "g": 0.350552171,
    "b": 0.3448108,
    "a": 1
  },
  "InputPins":[
    {
      "Name":"RST",
      "ID":1797706316,
      "Position":{
        "x":-13.4078,
        "y":-0.53401
      },
      "BitCount":1,
      "Colour":0,
      "ValueDisplayMode":0
    },
    {
      "Name":"CLK",
      "ID":1823909879,
      "Position":{
        "x":-13.4078,
        "y":-2.8812
      },
      "BitCount":1,
      "Colour":3,
      "ValueDisplayMode":0
    }
  ],
  "OutputPins":[
    {
      "Name":"DONE",
      "ID":79318217,
      "Position":{
        "x":-1.55994,
        "y":-1.22421
      },
      "BitCount":1,
      "Colour":0,
      "ValueDisplayMode":0
    }
  ],
  "SubChips":[
    {
      "Name":"UP DOWN CTR",
      "ID":1725852647,
      "Label":"",
      "Position":{
        "x":-8.29795,
        "y":-1.68573
      },
      "OutputPinColourInfo":[{"PinColour":0,"PinID":44777364},{"PinColour":0,"PinID":497760434},{"PinColour":0,"PinID":1222321048},{"PinColour":0,"PinID":540619913}],
      "InternalData":null
    },
    {
      "Name":"EQUAL",
      "ID":1998121226,
      "Label":"",
      "Position":{
        "x":-6.46705,
        "y":-1.16502
      },
      "OutputPinColourInfo":[{"PinColour":0,"PinID":912634907}],
      "InternalData":null
    },
    {
      "Name":"NOT",
      "ID":105529435,
      "Label":"",
      "Position":{
        "x":-11.30797,
        "y":-0.91382
      },
      "OutputPinColourInfo":[{"PinColour":0,"PinID":329703237}],
      "InternalData":null
    },
    {
      "Name":"NOT",
      "ID":1141127719,
      "Label":"",
      "Position":{
        "x":-11.30861,
        "y":-0.46226
      },
      "OutputPinColourInfo":[{"PinColour":0,"PinID":329703237}],
      "InternalData":null
    },
    {
      "Name":"AND",
      "ID":1240788489,
      "Label":"",
      "Position":{
        "x":-10.07429,
        "y":-0.80691
      },
      "OutputPinColourInfo":[{"PinColour":0,"PinID":1834173622}],
      "InternalData":null
    },
    {
      "Name":"3-STATE BUFFER",
      "ID":825839973,
      "Label":"",
      "Position":{
        "x":-3.54282,
        "y":-1.28696
      },
      "OutputPinColourInfo":[{"PinColour":0,"PinID":2}],
      "InternalData":null
    },
    {
      "Name":"1 BIT REG",
      "ID":1791936714,
      "Label":"",
      "Position":{
        "x":-10.17403,
        "y":1.19204
      },
      "OutputPinColourInfo":[{"PinColour":0,"PinID":1909734702},{"PinColour":0,"PinID":1611911002}],
      "InternalData":null
    }
  ],
  "Wires":[
    {
      "SourcePinAddress":{
        "PinID":44777364,
        "PinOwnerID":1725852647
      },
      "TargetPinAddress":{
        "PinID":1676080103,
        "PinOwnerID":1998121226
      },
      "ConnectionType":0,
      "ConnectedWireIndex":-1,
      "ConnectedWireSegmentIndex":-1,
      "Points":[{"x":0.0,"y":0.0},{"x":0.0,"y":0.0}]
    },
    {
      "SourcePinAddress":{
        "PinID":497760434,
        "PinOwnerID":1725852647
      },
      "TargetPinAddress":{
        "PinID":2077439443,
        "PinOwnerID":1998121226
      },
      "ConnectionType":0,
      "ConnectedWireIndex":-1,
      "ConnectedWireSegmentIndex":-1,
      "Points":[{"x":0.0,"y":0.0},{"x":0.0,"y":0.0}]
    },
    {
      "SourcePinAddress":{
        "PinID":1222321048,
        "PinOwnerID":1725852647
      },
      "TargetPinAddress":{
        "PinID":81193329,
        "PinOwnerID":1998121226
      },
      "ConnectionType":0,
      "ConnectedWireIndex":-1,
      "ConnectedWireSegmentIndex":-1,
      "Points":[{"x":0.0,"y":0.0},{"x":0.0,"y":0.0}]
    },
    {
      "SourcePinAddress":{
        "PinID":540619913,
        "PinOwnerID":1725852647
      },
      "TargetPinAddress":{
        "PinID":1270809500,
        "PinOwnerID":1998121226
      },
      "ConnectionType":0,
      "ConnectedWireIndex":-1,
      "ConnectedWireSegmentIndex":-1,
      "Points":[{"x":0.0,"y":0.0},{"x":-7.12214,"y":-1.97128},{"x":0.0,"y":0.0}]
    },
    {
      "SourcePinAddress":{
        "PinID":912634907,
        "PinOwnerID":1998121226
      },
      "TargetPinAddress":{
        "PinID":592835066,
        "PinOwnerID":105529435
      },
      "ConnectionType":0,
      "ConnectedWireIndex":-1,
      "ConnectedWireSegmentIndex":-1,
      "Points":[{"x":0.0,"y":0.0},{"x":-5.61039,"y":-1.14822},{"x":-5.59359,"y":-3.97015},{"x":-11.82537,"y":-3.95336},{"x":-11.92615,"y":-0.87946},{"x":0.0,"y":0.0}]
    },
    {
      "SourcePinAddress":{
        "PinID":0,
        "PinOwnerID":1823909879
      },
      "TargetPinAddress":{
        "PinID":748548963,
        "PinOwnerID":1725852647
      },
      "ConnectionType":0,
      "ConnectedWireIndex":-1,
      "ConnectedWireSegmentIndex":-1,
      "Points":[{"x":0.0,"y":0.0},{"x":-10.83443,"y":-2.89345},{"x":-10.83438,"y":-2.0739},{"x":0.0,"y":0.0}]
    },
    {
      "SourcePinAddress":{
        "PinID":0,
        "PinOwnerID":1797706316
      },
      "TargetPinAddress":{
        "PinID":592835066,
        "PinOwnerID":1141127719
      },
      "ConnectionType":0,
      "ConnectedWireIndex":-1,
      "ConnectedWireSegmentIndex":-1,
      "Points":[{"x":0.0,"y":0.0},{"x":0.0,"y":0.0}]
    },
    {
      "SourcePinAddress":{
        "PinID":0,
        "PinOwnerID":1797706316
      },
      "TargetPinAddress":{
        "PinID":1891579979,
        "PinOwnerID":1725852647
      },
      "ConnectionType":1,
      "ConnectedWireIndex":6,
      "ConnectedWireSegmentIndex":0,
      "Points":[{"x":-12.11106,"y":-0.49671},{"x":-12.09705,"y":-1.85659},{"x":0.0,"y":0.0}]
    },
    {
      "SourcePinAddress":{
        "PinID":329703237,
        "PinOwnerID":1141127719
      },
      "TargetPinAddress":{
        "PinID":1479226400,
        "PinOwnerID":1240788489
      },
      "ConnectionType":0,
      "ConnectedWireIndex":-1,
      "ConnectedWireSegmentIndex":-1,
      "Points":[{"x":0.0,"y":0.0},{"x":0.0,"y":0.0}]
    },
    {
      "SourcePinAddress":{
        "PinID":329703237,
        "PinOwnerID":105529435
      },
      "TargetPinAddress":{
        "PinID":267671138,
        "PinOwnerID":1240788489
      },
      "ConnectionType":0,
      "ConnectedWireIndex":-1,
      "ConnectedWireSegmentIndex":-1,
      "Points":[{"x":0.0,"y":0.0},{"x":0.0,"y":0.0}]
    },
    {
      "SourcePinAddress":{
        "PinID":1834173622,
        "PinOwnerID":1240788489
      },
      "TargetPinAddress":{
        "PinID":991476933,
        "PinOwnerID":1725852647
      },
      "ConnectionType":0,
      "ConnectedWireIndex":-1,
      "ConnectedWireSegmentIndex":-1,
      "Points":[{"x":0.0,"y":0.0},{"x":0.0,"y":0.0}]
    },
    {
      "SourcePinAddress":{
        "PinID":0,
        "PinOwnerID":1823909879
      },
      "TargetPinAddress":{
        "PinID":646245277,
        "PinOwnerID":1791936714
      },
      "ConnectionType":0,
      "ConnectedWireIndex":-1,
      "ConnectedWireSegmentIndex":-1,
      "Points":[{"x":0.0,"y":0.0},{"x":-12.39639,"y":-2.88296},{"x":-12.37634,"y":0.72725},{"x":0.0,"y":0.0}]
    },
    {
      "SourcePinAddress":{
        "PinID":912634907,
        "PinOwnerID":1998121226
      },
      "TargetPinAddress":{
        "PinID":0,
        "PinOwnerID":825839973
      },
      "ConnectionType":1,
      "ConnectedWireIndex":4,
      "ConnectedWireSegmentIndex":0,
      "Points":[{"x":-5.66302,"y":-1.15087},{"x":0.0,"y":0.0}]
    },
    {
      "SourcePinAddress":{
        "PinID":2,
        "PinOwnerID":825839973
      },
      "TargetPinAddress":{
        "PinID":0,
        "PinOwnerID":79318217
      },
      "ConnectionType":0,
      "ConnectedWireIndex":-1,
      "ConnectedWireSegmentIndex":-1,
      "Points":[{"x":0.0,"y":0.0},{"x":0.0,"y":0.0}]
    },
    {
      "SourcePinAddress":{
        "PinID":0,
        "PinOwnerID":1797706316
      },
      "TargetPinAddress":{
        "PinID":65989686,
        "PinOwnerID":1791936714
      },
      "ConnectionType":1,
      "ConnectedWireIndex":6,
      "ConnectedWireSegmentIndex":0,
      "Points":[{"x":-12.28584,"y":-0.50863},{"x":-12.28714,"y":1.33857},{"x":0.0,"y":0.0}]
    },
    {
      "SourcePinAddress":{
        "PinID":0,
        "PinOwnerID":1797706316
      },
      "TargetPinAddress":{
        "PinID":2144919375,
        "PinOwnerID":1791936714
      },
      "ConnectionType":1,
      "ConnectedWireIndex":14,
      "ConnectedWireSegmentIndex":0,
      "Points":[{"x":-12.28695,"y":1.06347},{"x":0.0,"y":0.0}]
    },
    {
      "SourcePinAddress":{
        "PinID":912634907,
        "PinOwnerID":1998121226
      },
      "TargetPinAddress":{
        "PinID":1,
        "PinOwnerID":825839973
      },
      "ConnectionType":1,
      "ConnectedWireIndex":4,
      "ConnectedWireSegmentIndex":1,
      "Points":[{"x":-5.6079,"y":-1.56723},{"x":0.0,"y":0.0}]
    },
    {
      "SourcePinAddress":{
        "PinID":1909734702,
        "PinOwnerID":1791936714
      },
      "TargetPinAddress":{
        "PinID":1479457020,
        "PinOwnerID":1998121226
      },
      "ConnectionType":0,
      "ConnectedWireIndex":-1,
      "ConnectedWireSegmentIndex":-1,
      "Points":[{"x":0.0,"y":0.0},{"x":0.0,"y":0.0}]
    }
  ],
  "Displays": null
}