{
  "DLSVersion": "2.1.6",
  "Name": "LOOP4",
  "NameLocation": 0,
  "ChipType": 0,
  "Size": {
    "x": 1.025,
    "y": 3.0
  },
  "Colour": {
    "r": 0.449153,
    "g": 0.350552171,
    "b": 0.3448108,
    "a": 1
  },
  "InputPins":[
    {
      "Name":"RST",
      "ID":1797706316,
      "Position":{
        "x":-13.4078,
        "y":-0.53401
      },
      "BitCount":1,
      "Colour":0,
      "ValueDisplayMode":0
    },
    {
      "Name":"CLK",
      "ID":1823909879,
      "Position":{
        "x":-13.4078,
        "y":-2.8812
      },
      "BitCount":1,
      "Colour":3,
      "ValueDisplayMode":0
    }
  ],
  "OutputPins":[
    {
      "Name":"D1",
      "ID":161714589,
      "Position":{
        "x":-1.57342,
        "y":0.97091
      },
      "BitCount":1,
      "Colour":0,
      "ValueDisplayMode":0
    },
    {
      "Name":"D0",
      "ID":194257147,
      "Position":{
        "x":-1.60395,
        "y":0.39086
      },
      "BitCount":1,
      "Colour":0,
      "ValueDisplayMode":0
    },
    {
      "Name":"DONE",
      "ID":79318217,
      "Position":{
        "x":-1.55994,
        "y":-1.22421
      },
      "BitCount":1,
      "Colour":0,
      "ValueDisplayMode":0
    }
  ],
  "SubChips":[
    {
      "Name":"ADD SUB",
      "ID":554193050,
      "Label":"",
      "Position":{
        "x":-6.43206,
        "y":1.40308
      },
      "OutputPinColourInfo":[{"PinColour":0,"PinID":1954873597},{"PinColour":0,"PinID":2139376697},{"PinColour":0,"PinID":1664116527},{"PinColour":0,"PinID":343205061},{"PinColour":0,"PinID":311084031}],
      "InternalData":null
    },
    {
      "Name":"UP DOWN CTR",
      "ID":1725852647,
      "Label":"",
      "Position":{
        "x":-8.29795,
        "y":-1.68573
      },
      "OutputPinColourInfo":[{"PinColour":0,"PinID":44777364},{"PinColour":0,"PinID":497760434},{"PinColour":0,"PinID":1222321048},{"PinColour":0,"PinID":540619913}],
      "InternalData":null
    },
    {
      "Name":"EQUAL",
      "ID":1998121226,
      "Label":"",
      "Position":{
        "x":-6.46705,
        "y":-1.16502
      },
      "OutputPinColourInfo":[{"PinColour":0,"PinID":912634907}],
      "InternalData":null
    },
    {
      "Name":"NOT",
      "ID":105529435,
      "Label":"",
      "Position":{
        "x":-11.30797,
        "y":-0.91382
      },
      "OutputPinColourInfo":[{"PinColour":0,"PinID":329703237}],
      "InternalData":null
    },
    {
      "Name":"NOT",
      "ID":1141127719,
      "Label":"",
      "Position":{
        "x":-11.30861,
        "y":-0.46226
      },
      "OutputPinColourInfo":[{"PinColour":0,"PinID":329703237}],
      "InternalData":null
    },
    {
      "Name":"AND",
      "ID":1240788489,
      "Label":"",
      "Position":{
        "x":-10.07429,
        "y":-0.80691
      },
      "OutputPinColourInfo":[{"PinColour":0,"PinID":1834173622}],
      "InternalData":null
    },
    {
      "Name":"3-STATE BUFFER",
      "ID":1418610352,
      "Label":"",
      "Position":{
        "x":-3.63412,
        "y":0.98617
      },
      "OutputPinColourInfo":[{"PinColour":0,"PinID":2}],
      "InternalData":null
    },
    {
      "Name":"3-STATE BUFFER",
      "ID":1579418013,
      "Label":"",
      "Position":{
        "x":-3.61885,
        "y":0.23822
      },
      "OutputPinColourInfo":[{"PinColour":0,"PinID":2}],
      "InternalData":null
    },
    {
      "Name":"NOT",
      "ID":944107704,
      "Label":"",
      "Position":{
        "x":-5.3132,
        "y":-0.32657
      },
      "OutputPinColourInfo":[{"PinColour":0,"PinID":329703237}],
      "InternalData":null
    },
    {
      "Name":"3-STATE BUFFER",
      "ID":825839973,
      "Label":"",
      "Position":{
        "x":-3.54282,
        "y":-1.28696
      },
      "OutputPinColourInfo":[{"PinColour":0,"PinID":2}],
      "InternalData":null
    },
    {
      "Name":"1 BIT REG",
      "ID":1791936714,
      "Label":"",
      "Position":{
        "x":-10.17403,
        "y":1.19204
      },
      "OutputPinColourInfo":[{"PinColour":0,"PinID":1909734702},{"PinColour":0,"PinID":1611911002}],
      "InternalData":null
    }
  ],
  "Wires":[
    {
      "SourcePinAddress":{
        "PinID":44777364,
        "PinOwnerID":1725852647
      },
      "TargetPinAddress":{
        "PinID":1676080103,
        "PinOwnerID":1998121226
      },
      "ConnectionType":0,
      "ConnectedWireIndex":-1,
      "ConnectedWireSegmentIndex":-1,
      "Points":[{"x":0.0,"y":0.0},{"x":0.0,"y":0.0}]
    },
    {
      "SourcePinAddress":{
        "PinID":497760434,
        "PinOwnerID":1725852647
      },
      "TargetPinAddress":{
        "PinID":2077439443,
        "PinOwnerID":1998121226
      },
      "ConnectionType":0,
      "ConnectedWireIndex":-1,
      "ConnectedWireSegmentIndex":-1,
      "Points":[{"x":0.0,"y":0.0},{"x":0.0,"y":0.0}]
    },
    {
      "SourcePinAddress":{
        "PinID":1222321048,
        "PinOwnerID":1725852647
      },
      "TargetPinAddress":{
        "PinID":81193329,
        "PinOwnerID":1998121226
      },
      "ConnectionType":0,
      "ConnectedWireIndex":-1,
      "ConnectedWireSegmentIndex":-1,
      "Points":[{"x":0.0,"y":0.0},{"x":0.0,"y":0.0}]
    },
    {
      "SourcePinAddress":{
        "PinID":540619913,
        "PinOwnerID":1725852647
      },
      "TargetPinAddress":{
        "PinID":1270809500,
        "PinOwnerID":1998121226
      },
      "ConnectionType":0,
      "ConnectedWireIndex":-1,
      "ConnectedWireSegmentIndex":-1,
      "Points":[{"x":0.0,"y":0.0},{"x":-7.12214,"y":-1.97128},{"x":0.0,"y":0.0}]
    },
    {
      "SourcePinAddress":{
        "PinID":912634907,
        "PinOwnerID":1998121226
      },
      "TargetPinAddress":{
        "PinID":592835066,
        "PinOwnerID":105529435
      },
      "ConnectionType":0,
      "ConnectedWireIndex":-1,
      "ConnectedWireSegmentIndex":-1,
      "Points":[{"x":0.0,"y":0.0},{"x":-5.61039,"y":-1.14822},{"x":-5.59359,"y":-3.97015},{"x":-11.82537,"y":-3.95336},{"x":-11.92615,"y":-0.87946},{"x":0.0,"y":0.0}]
    },
    {
      "SourcePinAddress":{
        "PinID":0,
        "PinOwnerID":1823909879
      },
      "TargetPinAddress":{
        "PinID":748548963,
        "PinOwnerID":1725852647
      },
      "ConnectionType":0,
      "ConnectedWireIndex":-1,
      "ConnectedWireSegmentIndex":-1,
      "Points":[{"x":0.0,"y":0.0},{"x":-10.83443,"y":-2.89345},{"x":-10.83438,"y":-2.0739},{"x":0.0,"y":0.0}]
    },
    {
      "SourcePinAddress":{
        "PinID":0,
        "PinOwnerID":1797706316
      },
      "TargetPinAddress":{
        "PinID":592835066,
        "PinOwnerID":1141127719
      },
      "ConnectionType":0,
      "ConnectedWireIndex":-1,
      "ConnectedWireSegmentIndex":-1,
      "Points":[{"x":0.0,"y":0.0},{"x":0.0,"y":0.0}]
    },
    {
      "SourcePinAddress":{
        "PinID":0,
        "PinOwnerID":1797706316
      },
      "TargetPinAddress":{
        "PinID":1891579979,
        "PinOwnerID":1725852647
      },
      "ConnectionType":1,
      "ConnectedWireIndex":6,
      "ConnectedWireSegmentIndex":0,
      "Points":[{"x":-12.11106,"y":-0.49671},{"x":-12.09705,"y":-1.85659},{"x":0.0,"y":0.0}]
    },
    {
      "SourcePinAddress":{
        "PinID":329703237,
        "PinOwnerID":1141127719
      },
      "TargetPinAddress":{
        "PinID":1479226400,
        "PinOwnerID":1240788489
      },
      "ConnectionType":0,
      "ConnectedWireIndex":-1,
      "ConnectedWireSegmentIndex":-1,
      "Points":[{"x":0.0,"y":0.0},{"x":0.0,"y":0.0}]
    },
    {
      "SourcePinAddress":{
        "PinID":329703237,
        "PinOwnerID":105529435
      },
      "TargetPinAddress":{
        "PinID":267671138,
        "PinOwnerID":1240788489
      },
      "ConnectionType":0,
      "ConnectedWireIndex":-1,
      "ConnectedWireSegmentIndex":-1,
      "Points":[{"x":0.0,"y":0.0},{"x":0.0,"y":0.0}]
    },
    {
      "SourcePinAddress":{
        "PinID":1834173622,
        "PinOwnerID":1240788489
      },
      "TargetPinAddress":{
        "PinID":991476933,
        "PinOwnerID":1725852647
      },
      "ConnectionType":0,
      "ConnectedWireIndex":-1,
      "ConnectedWireSegmentIndex":-1,
      "Points":[{"x":0.0,"y":0.0},{"x":0.0,"y":0.0}]
    },
    {
      "SourcePinAddress":{
        "PinID":44777364,
        "PinOwnerID":1725852647
      },
      "TargetPinAddress":{
        "PinID":1905827120,
        "PinOwnerID":554193050
      },
      "ConnectionType":1,
      "ConnectedWireIndex":0,
      "ConnectedWireSegmentIndex":0,
      "Points":[{"x":-7.46475,"y":-1.30463},{"x":-7.49339,"y":1.58543},{"x":0.0,"y":0.0}]
    },
    {
      "SourcePinAddress":{
        "PinID":497760434,
        "PinOwnerID":1725852647
      },
      "TargetPinAddress":{
        "PinID":2135722694,
        "PinOwnerID":554193050
      },
      "ConnectionType":1,
      "ConnectedWireIndex":1,
      "ConnectedWireSegmentIndex":0,
      "Points":[{"x":-7.35498,"y":-1.55126},{"x":-7.38223,"y":1.33531},{"x":0.0,"y":0.0}]
    },
    {
      "SourcePinAddress":{
        "PinID":1222321048,
        "PinOwnerID":1725852647
      },
      "TargetPinAddress":{
        "PinID":34702864,
        "PinOwnerID":554193050
      },
      "ConnectionType":1,
      "ConnectedWireIndex":2,
      "ConnectedWireSegmentIndex":0,
      "Points":[{"x":-7.27084,"y":-1.79867},{"x":-7.27107,"y":1.09909},{"x":0.0,"y":0.0}]
    },
    {
      "SourcePinAddress":{
        "PinID":540619913,
        "PinOwnerID":1725852647
      },
      "TargetPinAddress":{
        "PinID":398828051,
        "PinOwnerID":554193050
      },
      "ConnectionType":1,
      "ConnectedWireIndex":3,
      "ConnectedWireSegmentIndex":0,
      "Points":[{"x":-7.18156,"y":-1.98111},{"x":-7.1738,"y":0.80729},{"x":0.0,"y":0.0}]
    },
    {
      "SourcePinAddress":{
        "PinID":0,
        "PinOwnerID":1823909879
      },
      "TargetPinAddress":{
        "PinID":646245277,
        "PinOwnerID":1791936714
      },
      "ConnectionType":0,
      "ConnectedWireIndex":-1,
      "ConnectedWireSegmentIndex":-1,
      "Points":[{"x":0.0,"y":0.0},{"x":-12.39639,"y":-2.88296},{"x":-12.37634,"y":0.72725},{"x":0.0,"y":0.0}]
    },
    {
      "SourcePinAddress":{
        "PinID":1909734702,
        "PinOwnerID":1791936714
      },
      "TargetPinAddress":{
        "PinID":224500270,
        "PinOwnerID":1998121226
      },
      "ConnectionType":0,
      "ConnectedWireIndex":-1,
      "ConnectedWireSegmentIndex":-1,
      "Points":[{"x":0.0,"y":0.0},{"x":0.0,"y":0.0}]
    },
    {
      "SourcePinAddress":{
        "PinID":1909734702,
        "PinOwnerID":1791936714
      },
      "TargetPinAddress":{
        "PinID":1247881580,
        "PinOwnerID":554193050
      },
      "ConnectionType":1,
      "ConnectedWireIndex":16,
      "ConnectedWireSegmentIndex":0,
      "Points":[{"x":-8.32259,"y":0.54418},{"x":0.0,"y":0.0}]
    },
    {
      "SourcePinAddress":{
        "PinID":1909734702,
        "PinOwnerID":1791936714
      },
      "TargetPinAddress":{
        "PinID":545255946,
        "PinOwnerID":554193050
      },
      "ConnectionType":1,
      "ConnectedWireIndex":16,
      "ConnectedWireSegmentIndex":0,
      "Points":[{"x":-8.57824,"y":0.7521},{"x":-8.54925,"y":2.26838},{"x":0.0,"y":0.0}]
    },
    {
      "SourcePinAddress":{
        "PinID":2,
        "PinOwnerID":1418610352
      },
      "TargetPinAddress":{
        "PinID":0,
        "PinOwnerID":161714589
      },
      "ConnectionType":0,
      "ConnectedWireIndex":-1,
      "ConnectedWireSegmentIndex":-1,
      "Points":[{"x":0.0,"y":0.0},{"x":0.0,"y":0.0}]
    },
    {
      "SourcePinAddress":{
        "PinID":2,
        "PinOwnerID":1579418013
      },
      "TargetPinAddress":{
        "PinID":0,
        "PinOwnerID":194257147
      },
      "ConnectionType":0,
      "ConnectedWireIndex":-1,
      "ConnectedWireSegmentIndex":-1,
      "Points":[{"x":0.0,"y":0.0},{"x":0.0,"y":0.0}]
    },
    {
      "SourcePinAddress":{
        "PinID":1664116527,
        "PinOwnerID":554193050
      },
      "TargetPinAddress":{
        "PinID":592835066,
        "PinOwnerID":944107704
      },
      "ConnectionType":0,
      "ConnectedWireIndex":-1,
      "ConnectedWireSegmentIndex":-1,
      "Points":[{"x":0.0,"y":0.0},{"x":-5.66428,"y":1.39831},{"x":-5.77113,"y":-0.26551},{"x":0.0,"y":0.0}]
    },
    {
      "SourcePinAddress":{
        "PinID":329703237,
        "PinOwnerID":944107704
      },
      "TargetPinAddress":{
        "PinID":1,
        "PinOwnerID":1579418013
      },
      "ConnectionType":0,
      "ConnectedWireIndex":-1,
      "ConnectedWireSegmentIndex":-1,
      "Points":[{"x":0.0,"y":0.0},{"x":-4.58051,"y":-0.38762},{"x":-4.56524,"y":0.1161},{"x":0.0,"y":0.0}]
    },
    {
      "SourcePinAddress":{
        "PinID":329703237,
        "PinOwnerID":944107704
      },
      "TargetPinAddress":{
        "PinID":1,
        "PinOwnerID":1418610352
      },
      "ConnectionType":1,
      "ConnectedWireIndex":22,
      "ConnectedWireSegmentIndex":1,
      "Points":[{"x":-4.56664,"y":0.06989},{"x":-4.64157,"y":0.81826},{"x":0.0,"y":0.0}]
    },
    {
      "SourcePinAddress":{
        "PinID":343205061,
        "PinOwnerID":554193050
      },
      "TargetPinAddress":{
        "PinID":0,
        "PinOwnerID":1418610352
      },
      "ConnectionType":0,
      "ConnectedWireIndex":-1,
      "ConnectedWireSegmentIndex":-1,
      "Points":[{"x":0.0,"y":0.0},{"x":0.0,"y":0.0}]
    },
    {
      "SourcePinAddress":{
        "PinID":311084031,
        "PinOwnerID":554193050
      },
      "TargetPinAddress":{
        "PinID":0,
        "PinOwnerID":1579418013
      },
      "ConnectionType":0,
      "ConnectedWireIndex":-1,
      "ConnectedWireSegmentIndex":-1,
      "Points":[{"x":0.0,"y":0.0},{"x":0.0,"y":0.0}]
    },
    {
      "SourcePinAddress":{
        "PinID":912634907,
        "PinOwnerID":1998121226
      },
      "TargetPinAddress":{
        "PinID":0,
        "PinOwnerID":825839973
      },
      "ConnectionType":1,
      "ConnectedWireIndex":4,
      "ConnectedWireSegmentIndex":0,
      "Points":[{"x":-5.66302,"y":-1.15087},{"x":0.0,"y":0.0}]
    },
    {
      "SourcePinAddress":{
        "PinID":2,
        "PinOwnerID":825839973
      },
      "TargetPinAddress":{
        "PinID":0,
        "PinOwnerID":79318217
      },
      "ConnectionType":0,
      "ConnectedWireIndex":-1,
      "ConnectedWireSegmentIndex":-1,
      "Points":[{"x":0.0,"y":0.0},{"x":0.0,"y":0.0}]
    },
    {
      "SourcePinAddress":{
        "PinID":0,
        "PinOwnerID":1797706316
      },
      "TargetPinAddress":{
        "PinID":65989686,
        "PinOwnerID":1791936714
      },
      "ConnectionType":1,
      "ConnectedWireIndex":6,
      "ConnectedWireSegmentIndex":0,
      "Points":[{"x":-12.28584,"y":-0.50863},{"x":-12.28714,"y":1.33857},{"x":0.0,"y":0.0}]
    },
    {
      "SourcePinAddress":{
        "PinID":0,
        "PinOwnerID":1797706316
      },
      "TargetPinAddress":{
        "PinID":2144919375,
        "PinOwnerID":1791936714
      },
      "ConnectionType":1,
      "ConnectedWireIndex":28,
      "ConnectedWireSegmentIndex":0,
      "Points":[{"x":-12.28695,"y":1.06347},{"x":0.0,"y":0.0}]
    },
    {
      "SourcePinAddress":{
        "PinID":1909734702,
        "PinOwnerID":1791936714
      },
      "TargetPinAddress":{
        "PinID":1479457020,
        "PinOwnerID":1998121226
      },
      "ConnectionType":1,
      "ConnectedWireIndex":16,
      "ConnectedWireSegmentIndex":0,
      "Points":[{"x":-7.96489,"y":0.25325},{"x":-8.14931,"y":-0.21351},{"x":0.0,"y":0.0}]
    },
    {
      "SourcePinAddress":{
        "PinID":912634907,
        "PinOwnerID":1998121226
      },
      "TargetPinAddress":{
        "PinID":1,
        "PinOwnerID":825839973
      },
      "ConnectionType":1,
      "ConnectedWireIndex":4,
      "ConnectedWireSegmentIndex":1,
      "Points":[{"x":-5.6079,"y":-1.56723},{"x":0.0,"y":0.0}]
    }
  ],
  "Displays": null
}