{
  "DLSVersion": "2.1.6",
  "Name": "MDU",
  "NameLocation": 0,
  "ChipType": 0,
  "Size": {
    "x": 0.575,
    "y": 3.0
  },
  "Colour": {
    "r": 0.7432501,
    "g": 0.521471858,
    "b": 0.5552332,
    "a": 1
  },
  "InputPins":[
    {
      "Name":"A3",
      "ID":397810940,
      "Position":{
        "x":-26.88024,
        "y":8.56656
      },
      "BitCount":1,
      "Colour":0,
      "ValueDisplayMode":0
    },
    {
      "Name":"A2",
      "ID":641788663,
      "Position":{
        "x":-26.88024,
        "y":8.02839
      },
      "BitCount":1,
      "Colour":0,
      "ValueDisplayMode":0
    },
    {
      "Name":"A1",
      "ID":1836350685,
      "Position":{
        "x":-26.88024,
        "y":7.52937
      },
      "BitCount":1,
      "Colour":0,
      "ValueDisplayMode":0
    },
    {
      "Name":"A0",
      "ID":1216235487,
      "Position":{
        "x":-26.88024,
        "y":7.05969
      },
      "BitCount":1,
      "Colour":0,
      "ValueDisplayMode":0
    },
    {
      "Name":"B3",
      "ID":1800361820,
      "Position":{
        "x":-26.88024,
        "y":6.4041
      },
      "BitCount":1,
      "Colour":0,
      "ValueDisplayMode":0
    },
    {
      "Name":"B2",
      "ID":980260600,
      "Position":{
        "x":-26.88024,
        "y":5.94421
      },
      "BitCount":1,
      "Colour":0,
      "ValueDisplayMode":0
    },
    {
      "Name":"B1",
      "ID":1128832261,
      "Position":{
        "x":-26.88024,
        "y":5.45497
      },
      "BitCount":1,
      "Colour":0,
      "ValueDisplayMode":0
    },
    {
      "Name":"B0",
      "ID":2060628594,
      "Position":{
        "x":-26.88024,
        "y":4.97551
      },
      "BitCount":1,
      "Colour":0,
      "ValueDisplayMode":0
    },
    {
      "Name":"MUL",
      "ID":912822951,
      "Position":{
        "x":-26.88024,
        "y":4.36395
      },
      "BitCount":1,
      "Colour":0,
      "ValueDisplayMode":0
    },
    {
      "Name":"DIV",
      "ID":246291218,
      "Position":{
        "x":-26.87046,
        "y":3.816
      },
      "BitCount":1,
      "Colour":0,
      "ValueDisplayMode":0
    },
    {
      "Name":"CLK",
      "ID":946175532,
      "Position":{
        "x":-26.88024,
        "y":2.72988
      },
      "BitCount":1,
      "Colour":3,
      "ValueDisplayMode":0
    }
  ],
  "OutputPins":[
    {
      "Name":"D3",
      "ID":1441097142,
      "Position":{
        "x":-12.7949,
        "y":7.33367
      },
      "BitCount":1,
      "Colour":0,
      "ValueDisplayMode":0
    },
    {
      "Name":"D2",
      "ID":169156880,
      "Position":{
        "x":-12.7949,
        "y":6.32582
      },
      "BitCount":1,
      "Colour":0,
      "ValueDisplayMode":0
    },
    {
      "Name":"D1",
      "ID":1780853066,
      "Position":{
        "x":-12.7949,
        "y":5.08314
      },
      "BitCount":1,
      "Colour":0,
      "ValueDisplayMode":0
    },
    {
      "Name":"D0",
      "ID":657459046,
      "Position":{
        "x":-12.7949,
        "y":3.9481
      },
      "BitCount":1,
      "Colour":0,
      "ValueDisplayMode":0
    },
    {
      "Name":"DONE",
      "ID":85183620,
      "Position":{
        "x":-12.74872,
        "y":2.78833
      },
      "BitCount":1,
      "Colour":0,
      "ValueDisplayMode":0
    }
  ],
  "SubChips":[
    {
      "Name":"MUL",
      "ID":804316736,
      "Label":"",
      "Position":{
        "x":-20.85118,
        "y":6.76206
      },
      "OutputPinColourInfo":[{"PinColour":0,"PinID":440551366},{"PinColour":0,"PinID":710158212},{"PinColour":0,"PinID":929125352},{"PinColour":0,"PinID":660316592}],
      "InternalData":null
    },
    {
      "Name":"AND",
      "ID":1157587252,
      "Label":"",
      "Position":{
        "x":-22.44769,
        "y":8.8014
      },
      "OutputPinColourInfo":[{"PinColour":0,"PinID":1834173622}],
      "InternalData":null
    },
    {
      "Name":"AND",
      "ID":381682528,
      "Label":"",
      "Position":{
        "x":-22.44769,
        "y":7.60764
      },
      "OutputPinColourInfo":[{"PinColour":0,"PinID":1834173622}],
      "InternalData":null
    },
    {
      "Name":"AND",
      "ID":2138119761,
      "Label":"",
      "Position":{
        "x":-22.4379,
        "y":6.9912
      },
      "OutputPinColourInfo":[{"PinColour":0,"PinID":1834173622}],
      "InternalData":null
    },
    {
      "Name":"AND",
      "ID":901103981,
      "Label":"",
      "Position":{
        "x":-22.44769,
        "y":6.43346
      },
      "OutputPinColourInfo":[{"PinColour":0,"PinID":1834173622}],
      "InternalData":null
    },
    {
      "Name":"AND",
      "ID":541185953,
      "Label":"",
      "Position":{
        "x":-22.46726,
        "y":8.18495
      },
      "OutputPinColourInfo":[{"PinColour":0,"PinID":1834173622}],
      "InternalData":null
    },
    {
      "Name":"AND",
      "ID":1118757024,
      "Label":"",
      "Position":{
        "x":-22.4379,
        "y":5.84637
      },
      "OutputPinColourInfo":[{"PinColour":0,"PinID":1834173622}],
      "InternalData":null
    },
    {
      "Name":"AND",
      "ID":355367746,
      "Label":"",
      "Position":{
        "x":-22.44769,
        "y":5.27884
      },
      "OutputPinColourInfo":[{"PinColour":0,"PinID":1834173622}],
      "InternalData":null
    },
    {
      "Name":"AND",
      "ID":2093742400,
      "Label":"",
      "Position":{
        "x":-22.42812,
        "y":4.70153
      },
      "OutputPinColourInfo":[{"PinColour":0,"PinID":1834173622}],
      "InternalData":null
    },
    {
      "Name":"OR",
      "ID":288293877,
      "Label":"",
      "Position":{
        "x":-14.76655,
        "y":6.61937
      },
      "OutputPinColourInfo":[{"PinColour":0,"PinID":1686933192}],
      "InternalData":null
    },
    {
      "Name":"OR",
      "ID":1006190205,
      "Label":"",
      "Position":{
        "x":-14.76655,
        "y":5.98937
      },
      "OutputPinColourInfo":[{"PinColour":0,"PinID":1686933192}],
      "InternalData":null
    },
    {
      "Name":"OR",
      "ID":174361968,
      "Label":"",
      "Position":{
        "x":-14.76655,
        "y":5.35937
      },
      "OutputPinColourInfo":[{"PinColour":0,"PinID":1686933192}],
      "InternalData":null
    },
    {
      "Name":"OR",
      "ID":876075630,
      "Label":"",
      "Position":{
        "x":-14.76655,
        "y":4.72937
      },
      "OutputPinColourInfo":[{"PinColour":0,"PinID":1686933192}],
      "InternalData":null
    },
    {
      "Name":"LOOP1",
      "ID":893698330,
      "Label":"",
      "Position":{
        "x":-22.20915,
        "y":0.33288
      },
      "OutputPinColourInfo":[{"PinColour":0,"PinID":79318217}],
      "InternalData":null
    },
    {
      "Name":"NOT",
      "ID":1520298849,
      "Label":"",
      "Position":{
        "x":-23.5534,
        "y":1.66121
      },
      "OutputPinColourInfo":[{"PinColour":0,"PinID":329703237}],
      "InternalData":null
    },
    {
      "Name":"NOT",
      "ID":134221953,
      "Label":"",
      "Position":{
        "x":-20.84457,
        "y":1.17599
      },
      "OutputPinColourInfo":[{"PinColour":0,"PinID":329703237}],
      "InternalData":null
    },
    {
      "Name":"BUFFER",
      "ID":1628828380,
      "Label":"",
      "Position":{
        "x":-16.76586,
        "y":4.35108
      },
      "OutputPinColourInfo":[{"PinColour":0,"PinID":1452807932},{"PinColour":0,"PinID":226763273},{"PinColour":0,"PinID":296717527},{"PinColour":0,"PinID":1357541311}],
      "InternalData":null
    },
    {
      "Name":"OR",
      "ID":858057983,
      "Label":"",
      "Position":{
        "x":-16.19445,
        "y":2.61532
      },
      "OutputPinColourInfo":[{"PinColour":0,"PinID":1686933192}],
      "InternalData":null
    },
    {
      "Name":"DIV SIGNED",
      "ID":912781078,
      "Label":"",
      "Position":{
        "x":-18.4196,
        "y":4.06263
      },
      "OutputPinColourInfo":[{"PinColour":0,"PinID":417786923},{"PinColour":0,"PinID":1341606318},{"PinColour":0,"PinID":898400899},{"PinColour":0,"PinID":1995346827},{"PinColour":0,"PinID":346333920}],
      "InternalData":null
    },
    {
      "Name":"NOT",
      "ID":794945543,
      "Label":"",
      "Position":{
        "x":-23.98262,
        "y":-1.05063
      },
      "OutputPinColourInfo":[{"PinColour":0,"PinID":329703237}],
      "InternalData":null
    }
  ],
  "Wires":[
    {
      "SourcePinAddress":{
        "PinID":1834173622,
        "PinOwnerID":1157587252
      },
      "TargetPinAddress":{
        "PinID":1814944599,
        "PinOwnerID":804316736
      },
      "ConnectionType":0,
      "ConnectedWireIndex":-1,
      "ConnectedWireSegmentIndex":-1,
      "Points":[{"x":0.0,"y":0.0},{"x":0.0,"y":0.0}]
    },
    {
      "SourcePinAddress":{
        "PinID":1834173622,
        "PinOwnerID":541185953
      },
      "TargetPinAddress":{
        "PinID":1740216683,
        "PinOwnerID":804316736
      },
      "ConnectionType":0,
      "ConnectedWireIndex":-1,
      "ConnectedWireSegmentIndex":-1,
      "Points":[{"x":0.0,"y":0.0},{"x":0.0,"y":0.0}]
    },
    {
      "SourcePinAddress":{
        "PinID":1834173622,
        "PinOwnerID":381682528
      },
      "TargetPinAddress":{
        "PinID":285282980,
        "PinOwnerID":804316736
      },
      "ConnectionType":0,
      "ConnectedWireIndex":-1,
      "ConnectedWireSegmentIndex":-1,
      "Points":[{"x":0.0,"y":0.0},{"x":0.0,"y":0.0}]
    },
    {
      "SourcePinAddress":{
        "PinID":1834173622,
        "PinOwnerID":2138119761
      },
      "TargetPinAddress":{
        "PinID":1386640925,
        "PinOwnerID":804316736
      },
      "ConnectionType":0,
      "ConnectedWireIndex":-1,
      "ConnectedWireSegmentIndex":-1,
      "Points":[{"x":0.0,"y":0.0},{"x":0.0,"y":0.0}]
    },
    {
      "SourcePinAddress":{
        "PinID":1834173622,
        "PinOwnerID":901103981
      },
      "TargetPinAddress":{
        "PinID":2001031933,
        "PinOwnerID":804316736
      },
      "ConnectionType":0,
      "ConnectedWireIndex":-1,
      "ConnectedWireSegmentIndex":-1,
      "Points":[{"x":0.0,"y":0.0},{"x":0.0,"y":0.0}]
    },
    {
      "SourcePinAddress":{
        "PinID":1834173622,
        "PinOwnerID":1118757024
      },
      "TargetPinAddress":{
        "PinID":1291157840,
        "PinOwnerID":804316736
      },
      "ConnectionType":0,
      "ConnectedWireIndex":-1,
      "ConnectedWireSegmentIndex":-1,
      "Points":[{"x":0.0,"y":0.0},{"x":0.0,"y":0.0}]
    },
    {
      "SourcePinAddress":{
        "PinID":1834173622,
        "PinOwnerID":355367746
      },
      "TargetPinAddress":{
        "PinID":1680601781,
        "PinOwnerID":804316736
      },
      "ConnectionType":0,
      "ConnectedWireIndex":-1,
      "ConnectedWireSegmentIndex":-1,
      "Points":[{"x":0.0,"y":0.0},{"x":0.0,"y":0.0}]
    },
    {
      "SourcePinAddress":{
        "PinID":1834173622,
        "PinOwnerID":2093742400
      },
      "TargetPinAddress":{
        "PinID":327704798,
        "PinOwnerID":804316736
      },
      "ConnectionType":0,
      "ConnectedWireIndex":-1,
      "ConnectedWireSegmentIndex":-1,
      "Points":[{"x":0.0,"y":0.0},{"x":0.0,"y":0.0}]
    },
    {
      "SourcePinAddress":{
        "PinID":0,
        "PinOwnerID":912822951
      },
      "TargetPinAddress":{
        "PinID":267671138,
        "PinOwnerID":1157587252
      },
      "ConnectionType":0,
      "ConnectedWireIndex":-1,
      "ConnectedWireSegmentIndex":-1,
      "Points":[{"x":0.0,"y":0.0},{"x":-23.03478,"y":4.31992},{"x":-23.05435,"y":8.71334},{"x":0.0,"y":0.0}]
    },
    {
      "SourcePinAddress":{
        "PinID":0,
        "PinOwnerID":912822951
      },
      "TargetPinAddress":{
        "PinID":267671138,
        "PinOwnerID":541185953
      },
      "ConnectionType":1,
      "ConnectedWireIndex":8,
      "ConnectedWireSegmentIndex":1,
      "Points":[{"x":-23.05148,"y":8.0675},{"x":0.0,"y":0.0}]
    },
    {
      "SourcePinAddress":{
        "PinID":0,
        "PinOwnerID":912822951
      },
      "TargetPinAddress":{
        "PinID":267671138,
        "PinOwnerID":381682528
      },
      "ConnectionType":1,
      "ConnectedWireIndex":8,
      "ConnectedWireSegmentIndex":1,
      "Points":[{"x":-23.04882,"y":7.47051},{"x":0.0,"y":0.0}]
    },
    {
      "SourcePinAddress":{
        "PinID":0,
        "PinOwnerID":912822951
      },
      "TargetPinAddress":{
        "PinID":267671138,
        "PinOwnerID":2138119761
      },
      "ConnectionType":1,
      "ConnectedWireIndex":8,
      "ConnectedWireSegmentIndex":1,
      "Points":[{"x":-23.0462,"y":6.88356},{"x":0.0,"y":0.0}]
    },
    {
      "SourcePinAddress":{
        "PinID":0,
        "PinOwnerID":912822951
      },
      "TargetPinAddress":{
        "PinID":267671138,
        "PinOwnerID":901103981
      },
      "ConnectionType":1,
      "ConnectedWireIndex":8,
      "ConnectedWireSegmentIndex":1,
      "Points":[{"x":-23.04354,"y":6.28669},{"x":0.0,"y":0.0}]
    },
    {
      "SourcePinAddress":{
        "PinID":0,
        "PinOwnerID":912822951
      },
      "TargetPinAddress":{
        "PinID":267671138,
        "PinOwnerID":1118757024
      },
      "ConnectionType":1,
      "ConnectedWireIndex":8,
      "ConnectedWireSegmentIndex":1,
      "Points":[{"x":-23.04106,"y":5.72883},{"x":0.0,"y":0.0}]
    },
    {
      "SourcePinAddress":{
        "PinID":0,
        "PinOwnerID":912822951
      },
      "TargetPinAddress":{
        "PinID":267671138,
        "PinOwnerID":355367746
      },
      "ConnectionType":1,
      "ConnectedWireIndex":8,
      "ConnectedWireSegmentIndex":1,
      "Points":[{"x":-23.03862,"y":5.18093},{"x":0.0,"y":0.0}]
    },
    {
      "SourcePinAddress":{
        "PinID":0,
        "PinOwnerID":912822951
      },
      "TargetPinAddress":{
        "PinID":267671138,
        "PinOwnerID":2093742400
      },
      "ConnectionType":1,
      "ConnectedWireIndex":8,
      "ConnectedWireSegmentIndex":1,
      "Points":[{"x":-23.03578,"y":4.54488},{"x":0.0,"y":0.0}]
    },
    {
      "SourcePinAddress":{
        "PinID":0,
        "PinOwnerID":2060628594
      },
      "TargetPinAddress":{
        "PinID":1479226400,
        "PinOwnerID":2093742400
      },
      "ConnectionType":0,
      "ConnectedWireIndex":-1,
      "ConnectedWireSegmentIndex":-1,
      "Points":[{"x":0.0,"y":0.0},{"x":0.0,"y":0.0}]
    },
    {
      "SourcePinAddress":{
        "PinID":0,
        "PinOwnerID":1128832261
      },
      "TargetPinAddress":{
        "PinID":1479226400,
        "PinOwnerID":355367746
      },
      "ConnectionType":0,
      "ConnectedWireIndex":-1,
      "ConnectedWireSegmentIndex":-1,
      "Points":[{"x":0.0,"y":0.0},{"x":0.0,"y":0.0}]
    },
    {
      "SourcePinAddress":{
        "PinID":0,
        "PinOwnerID":980260600
      },
      "TargetPinAddress":{
        "PinID":1479226400,
        "PinOwnerID":1118757024
      },
      "ConnectionType":0,
      "ConnectedWireIndex":-1,
      "ConnectedWireSegmentIndex":-1,
      "Points":[{"x":0.0,"y":0.0},{"x":0.0,"y":0.0}]
    },
    {
      "SourcePinAddress":{
        "PinID":0,
        "PinOwnerID":1800361820
      },
      "TargetPinAddress":{
        "PinID":1479226400,
        "PinOwnerID":901103981
      },
      "ConnectionType":0,
      "ConnectedWireIndex":-1,
      "ConnectedWireSegmentIndex":-1,
      "Points":[{"x":0.0,"y":0.0},{"x":0.0,"y":0.0}]
    },
    {
      "SourcePinAddress":{
        "PinID":0,
        "PinOwnerID":1216235487
      },
      "TargetPinAddress":{
        "PinID":1479226400,
        "PinOwnerID":2138119761
      },
      "ConnectionType":0,
      "ConnectedWireIndex":-1,
      "ConnectedWireSegmentIndex":-1,
      "Points":[{"x":0.0,"y":0.0},{"x":0.0,"y":0.0}]
    },
    {
      "SourcePinAddress":{
        "PinID":0,
        "PinOwnerID":1836350685
      },
      "TargetPinAddress":{
        "PinID":1479226400,
        "PinOwnerID":381682528
      },
      "ConnectionType":0,
      "ConnectedWireIndex":-1,
      "ConnectedWireSegmentIndex":-1,
      "Points":[{"x":0.0,"y":0.0},{"x":0.0,"y":0.0}]
    },
    {
      "SourcePinAddress":{
        "PinID":0,
        "PinOwnerID":641788663
      },
      "TargetPinAddress":{
        "PinID":1479226400,
        "PinOwnerID":541185953
      },
      "ConnectionType":0,
      "ConnectedWireIndex":-1,
      "ConnectedWireSegmentIndex":-1,
      "Points":[{"x":0.0,"y":0.0},{"x":0.0,"y":0.0}]
    },
    {
      "SourcePinAddress":{
        "PinID":0,
        "PinOwnerID":397810940
      },
      "TargetPinAddress":{
        "PinID":1479226400,
        "PinOwnerID":1157587252
      },
      "ConnectionType":0,
      "ConnectedWireIndex":-1,
      "ConnectedWireSegmentIndex":-1,
      "Points":[{"x":0.0,"y":0.0},{"x":0.0,"y":0.0}]
    },
    {
      "SourcePinAddress":{
        "PinID":440551366,
        "PinOwnerID":804316736
      },
      "TargetPinAddress":{
        "PinID":977249482,
        "PinOwnerID":288293877
      },
      "ConnectionType":0,
      "ConnectedWireIndex":-1,
      "ConnectedWireSegmentIndex":-1,
      "Points":[{"x":0.0,"y":0.0},{"x":-15.04053,"y":7.60764},{"x":0.0,"y":0.0}]
    },
    {
      "SourcePinAddress":{
        "PinID":710158212,
        "PinOwnerID":804316736
      },
      "TargetPinAddress":{
        "PinID":977249482,
        "PinOwnerID":1006190205
      },
      "ConnectionType":0,
      "ConnectedWireIndex":-1,
      "ConnectedWireSegmentIndex":-1,
      "Points":[{"x":0.0,"y":0.0},{"x":-20.33415,"y":7.04991},{"x":-20.33415,"y":7.5098},{"x":-15.10902,"y":7.48044},{"x":-15.17752,"y":6.12034},{"x":0.0,"y":0.0}]
    },
    {
      "SourcePinAddress":{
        "PinID":929125352,
        "PinOwnerID":804316736
      },
      "TargetPinAddress":{
        "PinID":977249482,
        "PinOwnerID":174361968
      },
      "ConnectionType":0,
      "ConnectedWireIndex":-1,
      "ConnectedWireSegmentIndex":-1,
      "Points":[{"x":0.0,"y":0.0},{"x":-20.24609,"y":6.51174},{"x":-20.24609,"y":7.45109},{"x":-15.23623,"y":7.34345},{"x":-15.29494,"y":5.39626},{"x":0.0,"y":0.0}]
    },
    {
      "SourcePinAddress":{
        "PinID":660316592,
        "PinOwnerID":804316736
      },
      "TargetPinAddress":{
        "PinID":977249482,
        "PinOwnerID":876075630
      },
      "ConnectionType":0,
      "ConnectedWireIndex":-1,
      "ConnectedWireSegmentIndex":-1,
      "Points":[{"x":0.0,"y":0.0},{"x":-20.06996,"y":5.90507},{"x":-20.1091,"y":7.34345},{"x":-15.36343,"y":7.22603},{"x":-15.46128,"y":4.80917},{"x":0.0,"y":0.0}]
    },
    {
      "SourcePinAddress":{
        "PinID":1686933192,
        "PinOwnerID":876075630
      },
      "TargetPinAddress":{
        "PinID":0,
        "PinOwnerID":657459046
      },
      "ConnectionType":0,
      "ConnectedWireIndex":-1,
      "ConnectedWireSegmentIndex":-1,
      "Points":[{"x":0.0,"y":0.0},{"x":0.0,"y":0.0}]
    },
    {
      "SourcePinAddress":{
        "PinID":1686933192,
        "PinOwnerID":174361968
      },
      "TargetPinAddress":{
        "PinID":0,
        "PinOwnerID":1780853066
      },
      "ConnectionType":0,
      "ConnectedWireIndex":-1,
      "ConnectedWireSegmentIndex":-1,
      "Points":[{"x":0.0,"y":0.0},{"x":0.0,"y":0.0}]
    },
    {
      "SourcePinAddress":{
        "PinID":1686933192,
        "PinOwnerID":1006190205
      },
      "TargetPinAddress":{
        "PinID":0,
        "PinOwnerID":169156880
      },
      "ConnectionType":0,
      "ConnectedWireIndex":-1,
      "ConnectedWireSegmentIndex":-1,
      "Points":[{"x":0.0,"y":0.0},{"x":0.0,"y":0.0}]
    },
    {
      "SourcePinAddress":{
        "PinID":1686933192,
        "PinOwnerID":288293877
      },
      "TargetPinAddress":{
        "PinID":0,
        "PinOwnerID":1441097142
      },
      "ConnectionType":0,
      "ConnectedWireIndex":-1,
      "ConnectedWireSegmentIndex":-1,
      "Points":[{"x":0.0,"y":0.0},{"x":0.0,"y":0.0}]
    },
    {
      "SourcePinAddress":{
        "PinID":329703237,
        "PinOwnerID":1520298849
      },
      "TargetPinAddress":{
        "PinID":1797706316,
        "PinOwnerID":893698330
      },
      "ConnectionType":0,
      "ConnectedWireIndex":-1,
      "ConnectedWireSegmentIndex":-1,
      "Points":[{"x":0.0,"y":0.0},{"x":0.0,"y":0.0}]
    },
    {
      "SourcePinAddress":{
        "PinID":0,
        "PinOwnerID":246291218
      },
      "TargetPinAddress":{
        "PinID":592835066,
        "PinOwnerID":1520298849
      },
      "ConnectionType":0,
      "ConnectedWireIndex":-1,
      "ConnectedWireSegmentIndex":-1,
      "Points":[{"x":0.0,"y":0.0},{"x":-24.82103,"y":3.81152},{"x":-24.83196,"y":1.67935},{"x":0.0,"y":0.0}]
    },
    {
      "SourcePinAddress":{
        "PinID":79318217,
        "PinOwnerID":893698330
      },
      "TargetPinAddress":{
        "PinID":592835066,
        "PinOwnerID":134221953
      },
      "ConnectionType":0,
      "ConnectedWireIndex":-1,
      "ConnectedWireSegmentIndex":-1,
      "Points":[{"x":0.0,"y":0.0},{"x":0.0,"y":0.0}]
    },
    {
      "SourcePinAddress":{
        "PinID":0,
        "PinOwnerID":246291218
      },
      "TargetPinAddress":{
        "PinID":584552999,
        "PinOwnerID":1628828380
      },
      "ConnectionType":1,
      "ConnectedWireIndex":33,
      "ConnectedWireSegmentIndex":1,
      "Points":[{"x":-24.8276,"y":2.52832},{"x":-17.91107,"y":2.4639},{"x":0.0,"y":0.0}]
    },
    {
      "SourcePinAddress":{
        "PinID":1452807932,
        "PinOwnerID":1628828380
      },
      "TargetPinAddress":{
        "PinID":643740030,
        "PinOwnerID":288293877
      },
      "ConnectionType":0,
      "ConnectedWireIndex":-1,
      "ConnectedWireSegmentIndex":-1,
      "Points":[{"x":0.0,"y":0.0},{"x":0.0,"y":0.0}]
    },
    {
      "SourcePinAddress":{
        "PinID":226763273,
        "PinOwnerID":1628828380
      },
      "TargetPinAddress":{
        "PinID":643740030,
        "PinOwnerID":1006190205
      },
      "ConnectionType":0,
      "ConnectedWireIndex":-1,
      "ConnectedWireSegmentIndex":-1,
      "Points":[{"x":0.0,"y":0.0},{"x":0.0,"y":0.0}]
    },
    {
      "SourcePinAddress":{
        "PinID":296717527,
        "PinOwnerID":1628828380
      },
      "TargetPinAddress":{
        "PinID":643740030,
        "PinOwnerID":174361968
      },
      "ConnectionType":0,
      "ConnectedWireIndex":-1,
      "ConnectedWireSegmentIndex":-1,
      "Points":[{"x":0.0,"y":0.0},{"x":0.0,"y":0.0}]
    },
    {
      "SourcePinAddress":{
        "PinID":1357541311,
        "PinOwnerID":1628828380
      },
      "TargetPinAddress":{
        "PinID":643740030,
        "PinOwnerID":876075630
      },
      "ConnectionType":0,
      "ConnectedWireIndex":-1,
      "ConnectedWireSegmentIndex":-1,
      "Points":[{"x":0.0,"y":0.0},{"x":0.0,"y":0.0}]
    },
    {
      "SourcePinAddress":{
        "PinID":1686933192,
        "PinOwnerID":858057983
      },
      "TargetPinAddress":{
        "PinID":0,
        "PinOwnerID":85183620
      },
      "ConnectionType":0,
      "ConnectedWireIndex":-1,
      "ConnectedWireSegmentIndex":-1,
      "Points":[{"x":0.0,"y":0.0},{"x":0.0,"y":0.0}]
    },
    {
      "SourcePinAddress":{
        "PinID":0,
        "PinOwnerID":912822951
      },
      "TargetPinAddress":{
        "PinID":643740030,
        "PinOwnerID":858057983
      },
      "ConnectionType":1,
      "ConnectedWireIndex":8,
      "ConnectedWireSegmentIndex":0,
      "Points":[{"x":-25.89668,"y":4.36063},{"x":-25.91172,"y":1.95213},{"x":-16.91532,"y":1.98096},{"x":-16.95857,"y":2.48557},{"x":0.0,"y":0.0}]
    },
    {
      "SourcePinAddress":{
        "PinID":0,
        "PinOwnerID":397810940
      },
      "TargetPinAddress":{
        "PinID":1677804602,
        "PinOwnerID":912781078
      },
      "ConnectionType":1,
      "ConnectedWireIndex":23,
      "ConnectedWireSegmentIndex":0,
      "Points":[{"x":-25.79941,"y":8.60173},{"x":-25.73399,"y":4.2543},{"x":-21.87898,"y":4.18978},{"x":-20.70151,"y":5.2866},{"x":-19.46324,"y":5.20434},{"x":0.0,"y":0.0}]
    },
    {
      "SourcePinAddress":{
        "PinID":0,
        "PinOwnerID":641788663
      },
      "TargetPinAddress":{
        "PinID":1831115840,
        "PinOwnerID":912781078
      },
      "ConnectionType":1,
      "ConnectedWireIndex":22,
      "ConnectedWireSegmentIndex":0,
      "Points":[{"x":-25.70066,"y":8.06433},{"x":-25.60495,"y":4.10913},{"x":-21.84672,"y":4.06074},{"x":-20.65312,"y":4.96401},{"x":-19.46616,"y":4.92394},{"x":0.0,"y":0.0}]
    },
    {
      "SourcePinAddress":{
        "PinID":346333920,
        "PinOwnerID":912781078
      },
      "TargetPinAddress":{
        "PinID":977249482,
        "PinOwnerID":858057983
      },
      "ConnectionType":0,
      "ConnectedWireIndex":-1,
      "ConnectedWireSegmentIndex":-1,
      "Points":[{"x":0.0,"y":0.0},{"x":0.0,"y":0.0}]
    },
    {
      "SourcePinAddress":{
        "PinID":0,
        "PinOwnerID":946175532
      },
      "TargetPinAddress":{
        "PinID":826954155,
        "PinOwnerID":912781078
      },
      "ConnectionType":0,
      "ConnectedWireIndex":-1,
      "ConnectedWireSegmentIndex":-1,
      "Points":[{"x":0.0,"y":0.0},{"x":-25.60726,"y":2.72876},{"x":-25.60732,"y":2.72637},{"x":0.0,"y":0.0}]
    },
    {
      "SourcePinAddress":{
        "PinID":1995346827,
        "PinOwnerID":912781078
      },
      "TargetPinAddress":{
        "PinID":1308145196,
        "PinOwnerID":1628828380
      },
      "ConnectionType":0,
      "ConnectedWireIndex":-1,
      "ConnectedWireSegmentIndex":-1,
      "Points":[{"x":0.0,"y":0.0},{"x":0.0,"y":0.0}]
    },
    {
      "SourcePinAddress":{
        "PinID":898400899,
        "PinOwnerID":912781078
      },
      "TargetPinAddress":{
        "PinID":2097091608,
        "PinOwnerID":1628828380
      },
      "ConnectionType":0,
      "ConnectedWireIndex":-1,
      "ConnectedWireSegmentIndex":-1,
      "Points":[{"x":0.0,"y":0.0},{"x":0.0,"y":0.0}]
    },
    {
      "SourcePinAddress":{
        "PinID":1341606318,
        "PinOwnerID":912781078
      },
      "TargetPinAddress":{
        "PinID":1957625802,
        "PinOwnerID":1628828380
      },
      "ConnectionType":0,
      "ConnectedWireIndex":-1,
      "ConnectedWireSegmentIndex":-1,
      "Points":[{"x":0.0,"y":0.0},{"x":0.0,"y":0.0}]
    },
    {
      "SourcePinAddress":{
        "PinID":417786923,
        "PinOwnerID":912781078
      },
      "TargetPinAddress":{
        "PinID":1612656153,
        "PinOwnerID":1628828380
      },
      "ConnectionType":0,
      "ConnectedWireIndex":-1,
      "ConnectedWireSegmentIndex":-1,
      "Points":[{"x":0.0,"y":0.0},{"x":0.0,"y":0.0}]
    },
    {
      "SourcePinAddress":{
        "PinID":0,
        "PinOwnerID":1836350685
      },
      "TargetPinAddress":{
        "PinID":764006365,
        "PinOwnerID":912781078
      },
      "ConnectionType":1,
      "ConnectedWireIndex":21,
      "ConnectedWireSegmentIndex":0,
      "Points":[{"x":-25.57206,"y":7.56289},{"x":-25.49704,"y":4.01416},{"x":-21.84102,"y":3.91944},{"x":0.0,"y":0.0}]
    },
    {
      "SourcePinAddress":{
        "PinID":0,
        "PinOwnerID":1216235487
      },
      "TargetPinAddress":{
        "PinID":713137053,
        "PinOwnerID":912781078
      },
      "ConnectionType":1,
      "ConnectedWireIndex":20,
      "ConnectedWireSegmentIndex":0,
      "Points":[{"x":-25.45927,"y":7.07086},{"x":-25.34549,"y":3.9005},{"x":-21.76525,"y":3.78684},{"x":0.0,"y":0.0}]
    },
    {
      "SourcePinAddress":{
        "PinID":0,
        "PinOwnerID":1800361820
      },
      "TargetPinAddress":{
        "PinID":1605312170,
        "PinOwnerID":912781078
      },
      "ConnectionType":1,
      "ConnectedWireIndex":19,
      "ConnectedWireSegmentIndex":0,
      "Points":[{"x":-25.32836,"y":6.44067},{"x":-25.23183,"y":3.69213},{"x":-21.74631,"y":3.6353},{"x":0.0,"y":0.0}]
    },
    {
      "SourcePinAddress":{
        "PinID":0,
        "PinOwnerID":980260600
      },
      "TargetPinAddress":{
        "PinID":378315930,
        "PinOwnerID":912781078
      },
      "ConnectionType":1,
      "ConnectedWireIndex":18,
      "ConnectedWireSegmentIndex":0,
      "Points":[{"x":-25.19384,"y":5.9517},{"x":-25.11818,"y":3.54058},{"x":-21.76525,"y":3.5027},{"x":0.0,"y":0.0}]
    },
    {
      "SourcePinAddress":{
        "PinID":0,
        "PinOwnerID":1128832261
      },
      "TargetPinAddress":{
        "PinID":1832793112,
        "PinOwnerID":912781078
      },
      "ConnectionType":1,
      "ConnectedWireIndex":17,
      "ConnectedWireSegmentIndex":0,
      "Points":[{"x":-25.02341,"y":5.43825},{"x":-24.98557,"y":3.40798},{"x":-21.72736,"y":3.38904},{"x":0.0,"y":0.0}]
    },
    {
      "SourcePinAddress":{
        "PinID":0,
        "PinOwnerID":2060628594
      },
      "TargetPinAddress":{
        "PinID":1802007878,
        "PinOwnerID":912781078
      },
      "ConnectionType":1,
      "ConnectedWireIndex":16,
      "ConnectedWireSegmentIndex":0,
      "Points":[{"x":-24.71914,"y":4.91376},{"x":-24.72037,"y":3.18067},{"x":-21.80313,"y":3.21855},{"x":0.0,"y":0.0}]
    },
    {
      "SourcePinAddress":{
        "PinID":329703237,
        "PinOwnerID":134221953
      },
      "TargetPinAddress":{
        "PinID":1734747297,
        "PinOwnerID":912781078
      },
      "ConnectionType":0,
      "ConnectedWireIndex":-1,
      "ConnectedWireSegmentIndex":-1,
      "Points":[{"x":0.0,"y":0.0},{"x":0.0,"y":0.0}]
    },
    {
      "SourcePinAddress":{
        "PinID":329703237,
        "PinOwnerID":794945543
      },
      "TargetPinAddress":{
        "PinID":1823909879,
        "PinOwnerID":893698330
      },
      "ConnectionType":0,
      "ConnectedWireIndex":-1,
      "ConnectedWireSegmentIndex":-1,
      "Points":[{"x":0.0,"y":0.0},{"x":0.0,"y":0.0}]
    },
    {
      "SourcePinAddress":{
        "PinID":0,
        "PinOwnerID":946175532
      },
      "TargetPinAddress":{
        "PinID":592835066,
        "PinOwnerID":794945543
      },
      "ConnectionType":1,
      "ConnectedWireIndex":45,
      "ConnectedWireSegmentIndex":2,
      "Points":[{"x":-25.40883,"y":2.73269},{"x":-25.33239,"y":-1.05063},{"x":0.0,"y":0.0}]
    }
  ],
  "Displays": null
}