{
  "DLSVersion": "2.1.6",
  "Name": "MUL",
  "NameLocation": 0,
  "ChipType": 0,
  "Size": {
    "x": 0.575,
    "y": 2.0
  },
  "Colour": {
    "r": 0.0759385,
    "g": 0.209586143,
    "b": 0.0706193745,
    "a": 1
  },
  "InputPins":[
    {
      "Name":"A3",
      "ID":1814944599,
      "Position":{
        "x":-26.86307,
        "y":9.39512
      },
      "BitCount":1,
      "Colour":0,
      "ValueDisplayMode":0
    },
    {
      "Name":"A2",
      "ID":1740216683,
      "Position":{
        "x":-26.86307,
        "y":8.89365
      },
      "BitCount":1,
      "Colour":0,
      "ValueDisplayMode":0
    },
    {
      "Name":"A1",
      "ID":285282980,
      "Position":{
        "x":-26.86307,
        "y":8.36085
      },
      "BitCount":1,
      "Colour":0,
      "ValueDisplayMode":0
    },
    {
      "Name":"A0",
      "ID":1386640925,
      "Position":{
        "x":-26.86307,
        "y":7.88027
      },
      "BitCount":1,
      "Colour":0,
      "ValueDisplayMode":0
    },
    {
      "Name":"B3",
      "ID":2001031933,
      "Position":{
        "x":-26.86307,
        "y":7.18204
      },
      "BitCount":1,
      "Colour":0,
      "ValueDisplayMode":0
    },
    {
      "Name":"B2",
      "ID":1291157840,
      "Position":{
        "x":-26.86307,
        "y":6.71191
      },
      "BitCount":1,
      "Colour":0,
      "ValueDisplayMode":0
    },
    {
      "Name":"B1",
      "ID":1680601781,
      "Position":{
        "x":-26.86307,
        "y":6.27313
      },
      "BitCount":1,
      "Colour":0,
      "ValueDisplayMode":0
    },
    {
      "Name":"B0",
      "ID":327704798,
      "Position":{
        "x":-26.86307,
        "y":5.77167
      },
      "BitCount":1,
      "Colour":0,
      "ValueDisplayMode":0
    }
  ],
  "OutputPins":[
    {
      "Name":"OUT",
      "ID":440551366,
      "Position":{
        "x":-10.10205,
        "y":6.92312
      },
      "BitCount":1,
      "Colour":0,
      "ValueDisplayMode":0
    },
    {
      "Name":"OUT",
      "ID":710158212,
      "Position":{
        "x":-10.10205,
        "y":6.03662
      },
      "BitCount":1,
      "Colour":0,
      "ValueDisplayMode":0
    },
    {
      "Name":"OUT",
      "ID":929125352,
      "Position":{
        "x":-10.10205,
        "y":5.17344
      },
      "BitCount":1,
      "Colour":0,
      "ValueDisplayMode":0
    },
    {
      "Name":"OUT",
      "ID":660316592,
      "Position":{
        "x":-10.10205,
        "y":4.22862
      },
      "BitCount":1,
      "Colour":0,
      "ValueDisplayMode":0
    }
  ],
  "SubChips":[
    {
      "Name":"AND",
      "ID":642791567,
      "Label":"",
      "Position":{
        "x":-22.81055,
        "y":5.84999
      },
      "OutputPinColourInfo":[{"PinColour":0,"PinID":1834173622}],
      "InternalData":null
    },
    {
      "Name":"AND",
      "ID":56535261,
      "Label":"",
      "Position":{
        "x":-22.81055,
        "y":5.21999
      },
      "OutputPinColourInfo":[{"PinColour":0,"PinID":1834173622}],
      "InternalData":null
    },
    {
      "Name":"AND",
      "ID":758471170,
      "Label":"",
      "Position":{
        "x":-22.81055,
        "y":4.58999
      },
      "OutputPinColourInfo":[{"PinColour":0,"PinID":1834173622}],
      "InternalData":null
    },
    {
      "Name":"AND",
      "ID":670742591,
      "Label":"",
      "Position":{
        "x":-22.81055,
        "y":3.95999
      },
      "OutputPinColourInfo":[{"PinColour":0,"PinID":1834173622}],
      "InternalData":null
    },
    {
      "Name":"AND",
      "ID":1716348417,
      "Label":"",
      "Position":{
        "x":-20.87424,
        "y":5.9433
      },
      "OutputPinColourInfo":[{"PinColour":0,"PinID":1834173622}],
      "InternalData":null
    },
    {
      "Name":"AND",
      "ID":1097818761,
      "Label":"",
      "Position":{
        "x":-20.87424,
        "y":5.3133
      },
      "OutputPinColourInfo":[{"PinColour":0,"PinID":1834173622}],
      "InternalData":null
    },
    {
      "Name":"AND",
      "ID":1316626996,
      "Label":"",
      "Position":{
        "x":-20.87424,
        "y":4.6833
      },
      "OutputPinColourInfo":[{"PinColour":0,"PinID":1834173622}],
      "InternalData":null
    },
    {
      "Name":"FULL ADDER",
      "ID":1299247709,
      "Label":"",
      "Position":{
        "x":-18.9496,
        "y":6.52653
      },
      "OutputPinColourInfo":[{"PinColour":0,"PinID":836107614},{"PinColour":0,"PinID":1462983759}],
      "InternalData":null
    },
    {
      "Name":"FULL ADDER",
      "ID":1486942216,
      "Label":"",
      "Position":{
        "x":-18.9496,
        "y":5.64653
      },
      "OutputPinColourInfo":[{"PinColour":0,"PinID":836107614},{"PinColour":0,"PinID":1462983759}],
      "InternalData":null
    },
    {
      "Name":"FULL ADDER",
      "ID":1273758646,
      "Label":"",
      "Position":{
        "x":-18.9496,
        "y":4.76653
      },
      "OutputPinColourInfo":[{"PinColour":0,"PinID":836107614},{"PinColour":0,"PinID":1462983759}],
      "InternalData":null
    },
    {
      "Name":"AND",
      "ID":621459659,
      "Label":"",
      "Position":{
        "x":-16.95496,
        "y":6.71316
      },
      "OutputPinColourInfo":[{"PinColour":0,"PinID":1834173622}],
      "InternalData":null
    },
    {
      "Name":"AND",
      "ID":2077398881,
      "Label":"",
      "Position":{
        "x":-16.95496,
        "y":6.08316
      },
      "OutputPinColourInfo":[{"PinColour":0,"PinID":1834173622}],
      "InternalData":null
    },
    {
      "Name":"FULL ADDER",
      "ID":318990734,
      "Label":"",
      "Position":{
        "x":-15.08864,
        "y":6.6665
      },
      "OutputPinColourInfo":[{"PinColour":0,"PinID":836107614},{"PinColour":0,"PinID":1462983759}],
      "InternalData":null
    },
    {
      "Name":"FULL ADDER",
      "ID":380513171,
      "Label":"",
      "Position":{
        "x":-15.08864,
        "y":5.7865
      },
      "OutputPinColourInfo":[{"PinColour":0,"PinID":836107614},{"PinColour":0,"PinID":1462983759}],
      "InternalData":null
    },
    {
      "Name":"FULL ADDER",
      "ID":68180953,
      "Label":"",
      "Position":{
        "x":-11.88089,
        "y":6.7015
      },
      "OutputPinColourInfo":[{"PinColour":0,"PinID":836107614},{"PinColour":0,"PinID":1462983759}],
      "InternalData":null
    },
    {
      "Name":"AND",
      "ID":711671030,
      "Label":"",
      "Position":{
        "x":-13.42061,
        "y":7.00477
      },
      "OutputPinColourInfo":[{"PinColour":0,"PinID":1834173622}],
      "InternalData":null
    }
  ],
  "Wires":[
    {
      "SourcePinAddress":{
        "PinID":0,
        "PinOwnerID":2001031933
      },
      "TargetPinAddress":{
        "PinID":1479226400,
        "PinOwnerID":711671030
      },
      "ConnectionType":0,
      "ConnectedWireIndex":-1,
      "ConnectedWireSegmentIndex":-1,
      "Points":[{"x":0.0,"y":0.0},{"x":-13.75888,"y":7.16808},{"x":0.0,"y":0.0}]
    },
    {
      "SourcePinAddress":{
        "PinID":0,
        "PinOwnerID":1291157840
      },
      "TargetPinAddress":{
        "PinID":1479226400,
        "PinOwnerID":2077398881
      },
      "ConnectionType":0,
      "ConnectedWireIndex":-1,
      "ConnectedWireSegmentIndex":-1,
      "Points":[{"x":0.0,"y":0.0},{"x":-25.59837,"y":6.67817},{"x":-25.63337,"y":7.10975},{"x":-17.42154,"y":7.07476},{"x":-17.42154,"y":6.17659},{"x":0.0,"y":0.0}]
    },
    {
      "SourcePinAddress":{
        "PinID":0,
        "PinOwnerID":1291157840
      },
      "TargetPinAddress":{
        "PinID":1479226400,
        "PinOwnerID":621459659
      },
      "ConnectionType":1,
      "ConnectedWireIndex":1,
      "ConnectedWireSegmentIndex":3,
      "Points":[{"x":-17.42154,"y":6.85313},{"x":0.0,"y":0.0}]
    },
    {
      "SourcePinAddress":{
        "PinID":0,
        "PinOwnerID":1680601781
      },
      "TargetPinAddress":{
        "PinID":1479226400,
        "PinOwnerID":1316626996
      },
      "ConnectionType":0,
      "ConnectedWireIndex":-1,
      "ConnectedWireSegmentIndex":-1,
      "Points":[{"x":0.0,"y":0.0},{"x":-25.49339,"y":6.24658},{"x":-25.54005,"y":7.0281},{"x":-21.29416,"y":7.00477},{"x":-21.31749,"y":4.80018},{"x":0.0,"y":0.0}]
    },
    {
      "SourcePinAddress":{
        "PinID":0,
        "PinOwnerID":1680601781
      },
      "TargetPinAddress":{
        "PinID":1479226400,
        "PinOwnerID":1097818761
      },
      "ConnectionType":1,
      "ConnectedWireIndex":3,
      "ConnectedWireSegmentIndex":3,
      "Points":[{"x":-21.3107,"y":5.44178},{"x":0.0,"y":0.0}]
    },
    {
      "SourcePinAddress":{
        "PinID":0,
        "PinOwnerID":1680601781
      },
      "TargetPinAddress":{
        "PinID":1479226400,
        "PinOwnerID":1716348417
      },
      "ConnectionType":1,
      "ConnectedWireIndex":3,
      "ConnectedWireSegmentIndex":3,
      "Points":[{"x":-21.30416,"y":6.05993},{"x":0.0,"y":0.0}]
    },
    {
      "SourcePinAddress":{
        "PinID":0,
        "PinOwnerID":327704798
      },
      "TargetPinAddress":{
        "PinID":1479226400,
        "PinOwnerID":670742591
      },
      "ConnectionType":0,
      "ConnectedWireIndex":-1,
      "ConnectedWireSegmentIndex":-1,
      "Points":[{"x":0.0,"y":0.0},{"x":-25.40008,"y":5.79166},{"x":-25.47006,"y":6.94645},{"x":-23.27713,"y":6.92312},{"x":-23.2888,"y":4.08864},{"x":0.0,"y":0.0}]
    },
    {
      "SourcePinAddress":{
        "PinID":0,
        "PinOwnerID":327704798
      },
      "TargetPinAddress":{
        "PinID":1479226400,
        "PinOwnerID":758471170
      },
      "ConnectionType":1,
      "ConnectedWireIndex":6,
      "ConnectedWireSegmentIndex":3,
      "Points":[{"x":-23.28621,"y":4.71856},{"x":0.0,"y":0.0}]
    },
    {
      "SourcePinAddress":{
        "PinID":0,
        "PinOwnerID":327704798
      },
      "TargetPinAddress":{
        "PinID":1479226400,
        "PinOwnerID":56535261
      },
      "ConnectionType":1,
      "ConnectedWireIndex":6,
      "ConnectedWireSegmentIndex":3,
      "Points":[{"x":-23.28361,"y":5.34849},{"x":0.0,"y":0.0}]
    },
    {
      "SourcePinAddress":{
        "PinID":0,
        "PinOwnerID":327704798
      },
      "TargetPinAddress":{
        "PinID":1479226400,
        "PinOwnerID":642791567
      },
      "ConnectionType":1,
      "ConnectedWireIndex":6,
      "ConnectedWireSegmentIndex":3,
      "Points":[{"x":-23.28102,"y":5.97841},{"x":0.0,"y":0.0}]
    },
    {
      "SourcePinAddress":{
        "PinID":0,
        "PinOwnerID":1386640925
      },
      "TargetPinAddress":{
        "PinID":267671138,
        "PinOwnerID":711671030
      },
      "ConnectionType":0,
      "ConnectedWireIndex":-1,
      "ConnectedWireSegmentIndex":-1,
      "Points":[{"x":0.0,"y":0.0},{"x":-13.88719,"y":7.90294},{"x":-13.95718,"y":6.87646},{"x":0.0,"y":0.0}]
    },
    {
      "SourcePinAddress":{
        "PinID":0,
        "PinOwnerID":1386640925
      },
      "TargetPinAddress":{
        "PinID":267671138,
        "PinOwnerID":2077398881
      },
      "ConnectionType":1,
      "ConnectedWireIndex":10,
      "ConnectedWireSegmentIndex":0,
      "Points":[{"x":-17.56159,"y":7.89613},{"x":-17.56152,"y":5.89664},{"x":0.0,"y":0.0}]
    },
    {
      "SourcePinAddress":{
        "PinID":0,
        "PinOwnerID":1386640925
      },
      "TargetPinAddress":{
        "PinID":267671138,
        "PinOwnerID":1316626996
      },
      "ConnectionType":1,
      "ConnectedWireIndex":10,
      "ConnectedWireSegmentIndex":0,
      "Points":[{"x":-21.4342,"y":7.88895},{"x":-21.43414,"y":4.52023},{"x":0.0,"y":0.0}]
    },
    {
      "SourcePinAddress":{
        "PinID":0,
        "PinOwnerID":1386640925
      },
      "TargetPinAddress":{
        "PinID":267671138,
        "PinOwnerID":670742591
      },
      "ConnectionType":1,
      "ConnectedWireIndex":10,
      "ConnectedWireSegmentIndex":0,
      "Points":[{"x":-23.49879,"y":7.88512},{"x":-23.48709,"y":3.80869},{"x":0.0,"y":0.0}]
    },
    {
      "SourcePinAddress":{
        "PinID":0,
        "PinOwnerID":285282980
      },
      "TargetPinAddress":{
        "PinID":267671138,
        "PinOwnerID":621459659
      },
      "ConnectionType":0,
      "ConnectedWireIndex":-1,
      "ConnectedWireSegmentIndex":-1,
      "Points":[{"x":0.0,"y":0.0},{"x":-17.72482,"y":8.36952},{"x":-17.72482,"y":6.57319},{"x":0.0,"y":0.0}]
    },
    {
      "SourcePinAddress":{
        "PinID":0,
        "PinOwnerID":285282980
      },
      "TargetPinAddress":{
        "PinID":267671138,
        "PinOwnerID":1097818761
      },
      "ConnectionType":1,
      "ConnectedWireIndex":14,
      "ConnectedWireSegmentIndex":0,
      "Points":[{"x":-21.55082,"y":8.36556},{"x":-21.52745,"y":5.17344},{"x":0.0,"y":0.0}]
    },
    {
      "SourcePinAddress":{
        "PinID":0,
        "PinOwnerID":285282980
      },
      "TargetPinAddress":{
        "PinID":267671138,
        "PinOwnerID":758471170
      },
      "ConnectionType":1,
      "ConnectedWireIndex":14,
      "ConnectedWireSegmentIndex":0,
      "Points":[{"x":-23.59211,"y":8.36345},{"x":-23.62707,"y":4.41525},{"x":0.0,"y":0.0}]
    },
    {
      "SourcePinAddress":{
        "PinID":0,
        "PinOwnerID":1740216683
      },
      "TargetPinAddress":{
        "PinID":267671138,
        "PinOwnerID":1716348417
      },
      "ConnectionType":0,
      "ConnectedWireIndex":-1,
      "ConnectedWireSegmentIndex":-1,
      "Points":[{"x":0.0,"y":0.0},{"x":-21.65576,"y":8.90609},{"x":-21.65576,"y":5.80333},{"x":0.0,"y":0.0}]
    },
    {
      "SourcePinAddress":{
        "PinID":0,
        "PinOwnerID":1740216683
      },
      "TargetPinAddress":{
        "PinID":267671138,
        "PinOwnerID":56535261
      },
      "ConnectionType":1,
      "ConnectedWireIndex":17,
      "ConnectedWireSegmentIndex":0,
      "Points":[{"x":-23.75543,"y":8.90023},{"x":-23.75538,"y":5.09179},{"x":0.0,"y":0.0}]
    },
    {
      "SourcePinAddress":{
        "PinID":0,
        "PinOwnerID":1814944599
      },
      "TargetPinAddress":{
        "PinID":267671138,
        "PinOwnerID":642791567
      },
      "ConnectionType":0,
      "ConnectedWireIndex":-1,
      "ConnectedWireSegmentIndex":-1,
      "Points":[{"x":0.0,"y":0.0},{"x":-23.86036,"y":9.396},{"x":-23.89535,"y":5.75667},{"x":0.0,"y":0.0}]
    },
    {
      "SourcePinAddress":{
        "PinID":1834173622,
        "PinOwnerID":670742591
      },
      "TargetPinAddress":{
        "PinID":0,
        "PinOwnerID":660316592
      },
      "ConnectionType":0,
      "ConnectedWireIndex":-1,
      "ConnectedWireSegmentIndex":-1,
      "Points":[{"x":0.0,"y":0.0},{"x":0.0,"y":0.0}]
    },
    {
      "SourcePinAddress":{
        "PinID":836107614,
        "PinOwnerID":1273758646
      },
      "TargetPinAddress":{
        "PinID":0,
        "PinOwnerID":929125352
      },
      "ConnectionType":0,
      "ConnectedWireIndex":-1,
      "ConnectedWireSegmentIndex":-1,
      "Points":[{"x":0.0,"y":0.0},{"x":0.0,"y":0.0}]
    },
    {
      "SourcePinAddress":{
        "PinID":836107614,
        "PinOwnerID":380513171
      },
      "TargetPinAddress":{
        "PinID":0,
        "PinOwnerID":710158212
      },
      "ConnectionType":0,
      "ConnectedWireIndex":-1,
      "ConnectedWireSegmentIndex":-1,
      "Points":[{"x":0.0,"y":0.0},{"x":0.0,"y":0.0}]
    },
    {
      "SourcePinAddress":{
        "PinID":836107614,
        "PinOwnerID":68180953
      },
      "TargetPinAddress":{
        "PinID":0,
        "PinOwnerID":440551366
      },
      "ConnectionType":0,
      "ConnectedWireIndex":-1,
      "ConnectedWireSegmentIndex":-1,
      "Points":[{"x":0.0,"y":0.0},{"x":0.0,"y":0.0}]
    },
    {
      "SourcePinAddress":{
        "PinID":1834173622,
        "PinOwnerID":1716348417
      },
      "TargetPinAddress":{
        "PinID":481740599,
        "PinOwnerID":1299247709
      },
      "ConnectionType":0,
      "ConnectedWireIndex":-1,
      "ConnectedWireSegmentIndex":-1,
      "Points":[{"x":0.0,"y":0.0},{"x":0.0,"y":0.0}]
    },
    {
      "SourcePinAddress":{
        "PinID":1834173622,
        "PinOwnerID":1097818761
      },
      "TargetPinAddress":{
        "PinID":481740599,
        "PinOwnerID":1486942216
      },
      "ConnectionType":0,
      "ConnectedWireIndex":-1,
      "ConnectedWireSegmentIndex":-1,
      "Points":[{"x":0.0,"y":0.0},{"x":0.0,"y":0.0}]
    },
    {
      "SourcePinAddress":{
        "PinID":1834173622,
        "PinOwnerID":1316626996
      },
      "TargetPinAddress":{
        "PinID":481740599,
        "PinOwnerID":1273758646
      },
      "ConnectionType":0,
      "ConnectedWireIndex":-1,
      "ConnectedWireSegmentIndex":-1,
      "Points":[{"x":0.0,"y":0.0},{"x":0.0,"y":0.0}]
    },
    {
      "SourcePinAddress":{
        "PinID":1834173622,
        "PinOwnerID":642791567
      },
      "TargetPinAddress":{
        "PinID":1857494502,
        "PinOwnerID":1299247709
      },
      "ConnectionType":0,
      "ConnectedWireIndex":-1,
      "ConnectedWireSegmentIndex":-1,
      "Points":[{"x":0.0,"y":0.0},{"x":-21.77824,"y":5.86165},{"x":-21.76658,"y":4.34526},{"x":-20.35517,"y":4.35693},{"x":-20.30851,"y":5.9433},{"x":0.0,"y":0.0}]
    },
    {
      "SourcePinAddress":{
        "PinID":1834173622,
        "PinOwnerID":56535261
      },
      "TargetPinAddress":{
        "PinID":1857494502,
        "PinOwnerID":1486942216
      },
      "ConnectionType":0,
      "ConnectedWireIndex":-1,
      "ConnectedWireSegmentIndex":-1,
      "Points":[{"x":0.0,"y":0.0},{"x":-21.84823,"y":5.23177},{"x":-21.85989,"y":4.24028},{"x":-20.21519,"y":4.25195},{"x":-20.1802,"y":5.30175},{"x":0.0,"y":0.0}]
    },
    {
      "SourcePinAddress":{
        "PinID":1834173622,
        "PinOwnerID":758471170
      },
      "TargetPinAddress":{
        "PinID":1857494502,
        "PinOwnerID":1273758646
      },
      "ConnectionType":0,
      "ConnectedWireIndex":-1,
      "ConnectedWireSegmentIndex":-1,
      "Points":[{"x":0.0,"y":0.0},{"x":-21.94155,"y":4.57855},{"x":-21.94155,"y":4.15863},{"x":-20.15687,"y":4.1353},{"x":-20.12188,"y":4.64854},{"x":0.0,"y":0.0}]
    },
    {
      "SourcePinAddress":{
        "PinID":1462983759,
        "PinOwnerID":1273758646
      },
      "TargetPinAddress":{
        "PinID":1169837477,
        "PinOwnerID":1486942216
      },
      "ConnectionType":0,
      "ConnectedWireIndex":-1,
      "ConnectedWireSegmentIndex":-1,
      "Points":[{"x":0.0,"y":0.0},{"x":-18.12724,"y":4.50857},{"x":-18.12724,"y":5.17344},{"x":-19.67863,"y":5.16178},{"x":-19.69029,"y":5.39507},{"x":0.0,"y":0.0}]
    },
    {
      "SourcePinAddress":{
        "PinID":836107614,
        "PinOwnerID":1486942216
      },
      "TargetPinAddress":{
        "PinID":1857494502,
        "PinOwnerID":380513171
      },
      "ConnectionType":0,
      "ConnectedWireIndex":-1,
      "ConnectedWireSegmentIndex":-1,
      "Points":[{"x":0.0,"y":0.0},{"x":-17.76565,"y":5.91997},{"x":-17.77731,"y":5.72168},{"x":0.0,"y":0.0}]
    },
    {
      "SourcePinAddress":{
        "PinID":836107614,
        "PinOwnerID":1299247709
      },
      "TargetPinAddress":{
        "PinID":1857494502,
        "PinOwnerID":318990734
      },
      "ConnectionType":0,
      "ConnectedWireIndex":-1,
      "ConnectedWireSegmentIndex":-1,
      "Points":[{"x":0.0,"y":0.0},{"x":-17.8473,"y":6.78315},{"x":-17.88229,"y":5.55837},{"x":-15.841,"y":5.57004},{"x":-15.85266,"y":6.7015},{"x":0.0,"y":0.0}]
    },
    {
      "SourcePinAddress":{
        "PinID":1834173622,
        "PinOwnerID":621459659
      },
      "TargetPinAddress":{
        "PinID":481740599,
        "PinOwnerID":318990734
      },
      "ConnectionType":0,
      "ConnectedWireIndex":-1,
      "ConnectedWireSegmentIndex":-1,
      "Points":[{"x":0.0,"y":0.0},{"x":-15.99264,"y":6.7015},{"x":-16.0043,"y":6.92312},{"x":0.0,"y":0.0}]
    },
    {
      "SourcePinAddress":{
        "PinID":1834173622,
        "PinOwnerID":2077398881
      },
      "TargetPinAddress":{
        "PinID":481740599,
        "PinOwnerID":380513171
      },
      "ConnectionType":0,
      "ConnectedWireIndex":-1,
      "ConnectedWireSegmentIndex":-1,
      "Points":[{"x":0.0,"y":0.0},{"x":0.0,"y":0.0}]
    },
    {
      "SourcePinAddress":{
        "PinID":1462983759,
        "PinOwnerID":1486942216
      },
      "TargetPinAddress":{
        "PinID":1169837477,
        "PinOwnerID":1299247709
      },
      "ConnectionType":0,
      "ConnectedWireIndex":-1,
      "ConnectedWireSegmentIndex":-1,
      "Points":[{"x":0.0,"y":0.0},{"x":-18.18557,"y":5.3834},{"x":-18.2089,"y":6.09494},{"x":-19.69029,"y":6.08328},{"x":-19.70196,"y":6.26991},{"x":0.0,"y":0.0}]
    },
    {
      "SourcePinAddress":{
        "PinID":1462983759,
        "PinOwnerID":380513171
      },
      "TargetPinAddress":{
        "PinID":1169837477,
        "PinOwnerID":318990734
      },
      "ConnectionType":0,
      "ConnectedWireIndex":-1,
      "ConnectedWireSegmentIndex":-1,
      "Points":[{"x":0.0,"y":0.0},{"x":-14.34794,"y":5.54671},{"x":-14.38293,"y":6.19992},{"x":-15.75935,"y":6.17659},{"x":-15.79434,"y":6.44488},{"x":0.0,"y":0.0}]
    },
    {
      "SourcePinAddress":{
        "PinID":836107614,
        "PinOwnerID":318990734
      },
      "TargetPinAddress":{
        "PinID":1857494502,
        "PinOwnerID":68180953
      },
      "ConnectionType":0,
      "ConnectedWireIndex":-1,
      "ConnectedWireSegmentIndex":-1,
      "Points":[{"x":0.0,"y":0.0},{"x":-14.06799,"y":6.92312},{"x":-14.07966,"y":6.68983},{"x":0.0,"y":0.0}]
    },
    {
      "SourcePinAddress":{
        "PinID":1834173622,
        "PinOwnerID":711671030
      },
      "TargetPinAddress":{
        "PinID":481740599,
        "PinOwnerID":68180953
      },
      "ConnectionType":0,
      "ConnectedWireIndex":-1,
      "ConnectedWireSegmentIndex":-1,
      "Points":[{"x":0.0,"y":0.0},{"x":0.0,"y":0.0}]
    }
  ],
  "Displays": null
}