{
  "DLSVersion": "2.1.6",
  "Name": "NOR",
  "NameLocation": 0,
  "ChipType": 0,
  "Size": {
    "x": 0.575,
    "y": 0.5
  },
  "Colour": {
    "r": 0.158064559,
    "g": 0.479624331,
    "b": 0.07687424,
    "a": 1
  },
  "InputPins":[
    {
      "Name":"IN",
      "ID":35256736,
      "Position":{
        "x":-8.88889,
        "y":0.35802
      },
      "BitCount":1,
      "Colour":0,
      "ValueDisplayMode":0
    },
    {
      "Name":"IN",
      "ID":546767734,
      "Position":{
        "x":-8.88889,
        "y":-1.24691
      },
      "BitCount":1,
      "Colour":0,
      "ValueDisplayMode":0
    }
  ],
  "OutputPins":[
    {
      "Name":"OUT",
      "ID":541169220,
      "Position":{
        "x":8.88272,
        "y":-0.37037
      },
      "BitCount":1,
      "Colour":0,
      "ValueDisplayMode":0
    }
  ],
  "SubChips":[
    {
      "Name":"OR",
      "ID":1245317308,
      "Label":"",
      "Position":{
        "x":-4.62963,
        "y":-0.59259
      },
      "OutputPinColourInfo":[{"PinColour":0,"PinID":1686933192}],
      "InternalData":null
    },
    {
      "Name":"NOT",
      "ID":179838116,
      "Label":"",
      "Position":{
        "x":-3.37037,
        "y":-0.60494
      },
      "OutputPinColourInfo":[{"PinColour":0,"PinID":329703237}],
      "InternalData":null
    }
  ],
  "Wires":[
    {
      "SourcePinAddress":{
        "PinID":1686933192,
        "PinOwnerID":1245317308
      },
      "TargetPinAddress":{
        "PinID":592835066,
        "PinOwnerID":179838116
      },
      "ConnectionType":0,
      "ConnectedWireIndex":-1,
      "ConnectedWireSegmentIndex":-1,
      "Points":[{"x":0.0,"y":0.0},{"x":0.0,"y":0.0}]
    },
    {
      "SourcePinAddress":{
        "PinID":329703237,
        "PinOwnerID":179838116
      },
      "TargetPinAddress":{
        "PinID":0,
        "PinOwnerID":541169220
      },
      "ConnectionType":0,
      "ConnectedWireIndex":-1,
      "ConnectedWireSegmentIndex":-1,
      "Points":[{"x":0.0,"y":0.0},{"x":0.0,"y":0.0}]
    },
    {
      "SourcePinAddress":{
        "PinID":0,
        "PinOwnerID":35256736
      },
      "TargetPinAddress":{
        "PinID":977249482,
        "PinOwnerID":1245317308
      },
      "ConnectionType":0,
      "ConnectedWireIndex":-1,
      "ConnectedWireSegmentIndex":-1,
      "Points":[{"x":0.0,"y":0.0},{"x":0.0,"y":0.0}]
    },
    {
      "SourcePinAddress":{
        "PinID":0,
        "PinOwnerID":546767734
      },
      "TargetPinAddress":{
        "PinID":643740030,
        "PinOwnerID":1245317308
      },
      "ConnectionType":0,
      "ConnectedWireIndex":-1,
      "ConnectedWireSegmentIndex":-1,
      "Points":[{"x":0.0,"y":0.0},{"x":0.0,"y":0.0}]
    }
  ],
  "Displays": null
}