{
  "DLSVersion": "2.1.6",
  "Name": "NOT BITWISE",
  "NameLocation": 0,
  "ChipType": 0,
  "Size": {
    "x": 1.175,
    "y": 1.0
  },
  "Colour": {
    "r": 0.363835216,
    "g": 0.375450075,
    "b": 0.935474157,
    "a": 1
  },
  "InputPins":[
    {
      "Name":"IN",
      "ID":1960453321,
      "Position":{
        "x":-14.77827,
        "y":-1.33512
      },
      "BitCount":1,
      "Colour":0,
      "ValueDisplayMode":0
    },
    {
      "Name":"IN",
      "ID":62350480,
      "Position":{
        "x":-14.76606,
        "y":-2.01864
      },
      "BitCount":1,
      "Colour":0,
      "ValueDisplayMode":0
    },
    {
      "Name":"IN",
      "ID":377036759,
      "Position":{
        "x":-14.8515,
        "y":-2.68996
      },
      "BitCount":1,
      "Colour":0,
      "ValueDisplayMode":0
    },
    {
      "Name":"IN",
      "ID":1265068252,
      "Position":{
        "x":-14.96136,
        "y":-3.38569
      },
      "BitCount":1,
      "Colour":0,
      "ValueDisplayMode":0
    }
  ],
  "OutputPins":[
    {
      "Name":"OUT",
      "ID":1038340227,
      "Position":{
        "x":-10.16447,
        "y":-1.44497
      },
      "BitCount":1,
      "Colour":0,
      "ValueDisplayMode":0
    },
    {
      "Name":"OUT",
      "ID":806949144,
      "Position":{
        "x":-10.15226,
        "y":-2.05526
      },
      "BitCount":1,
      "Colour":0,
      "ValueDisplayMode":0
    },
    {
      "Name":"OUT",
      "ID":837217946,
      "Position":{
        "x":-10.03021,
        "y":-2.5557
      },
      "BitCount":1,
      "Colour":0,
      "ValueDisplayMode":0
    },
    {
      "Name":"OUT",
      "ID":369662199,
      "Position":{
        "x":-10.15226,
        "y":-3.42231
      },
      "BitCount":1,
      "Colour":0,
      "ValueDisplayMode":0
    }
  ],
  "SubChips":[
    {
      "Name":"NOT",
      "ID":1782192489,
      "Label":"",
      "Position":{
        "x":-12.58047,
        "y":-1.49997
      },
      "OutputPinColourInfo":[{"PinColour":0,"PinID":329703237}],
      "InternalData":null
    },
    {
      "Name":"NOT",
      "ID":1211687340,
      "Label":"",
      "Position":{
        "x":-12.61784,
        "y":-2.17732
      },
      "OutputPinColourInfo":[{"PinColour":0,"PinID":329703237}],
      "InternalData":null
    },
    {
      "Name":"NOT",
      "ID":235987023,
      "Label":"",
      "Position":{
        "x":-12.64225,
        "y":-2.81202
      },
      "OutputPinColourInfo":[{"PinColour":0,"PinID":329703237}],
      "InternalData":null
    },
    {
      "Name":"NOT",
      "ID":1988795845,
      "Label":"",
      "Position":{
        "x":-12.65446,
        "y":-3.83731
      },
      "OutputPinColourInfo":[{"PinColour":0,"PinID":329703237}],
      "InternalData":null
    }
  ],
  "Wires":[
    {
      "SourcePinAddress":{
        "PinID":329703237,
        "PinOwnerID":1782192489
      },
      "TargetPinAddress":{
        "PinID":0,
        "PinOwnerID":1038340227
      },
      "ConnectionType":0,
      "ConnectedWireIndex":-1,
      "ConnectedWireSegmentIndex":-1,
      "Points":[{"x":0.0,"y":0.0},{"x":0.0,"y":0.0}]
    },
    {
      "SourcePinAddress":{
        "PinID":329703237,
        "PinOwnerID":1211687340
      },
      "TargetPinAddress":{
        "PinID":0,
        "PinOwnerID":806949144
      },
      "ConnectionType":0,
      "ConnectedWireIndex":-1,
      "ConnectedWireSegmentIndex":-1,
      "Points":[{"x":0.0,"y":0.0},{"x":0.0,"y":0.0}]
    },
    {
      "SourcePinAddress":{
        "PinID":329703237,
        "PinOwnerID":235987023
      },
      "TargetPinAddress":{
        "PinID":0,
        "PinOwnerID":837217946
      },
      "ConnectionType":0,
      "ConnectedWireIndex":-1,
      "ConnectedWireSegmentIndex":-1,
      "Points":[{"x":0.0,"y":0.0},{"x":0.0,"y":0.0}]
    },
    {
      "SourcePinAddress":{
        "PinID":329703237,
        "PinOwnerID":1988795845
      },
      "TargetPinAddress":{
        "PinID":0,
        "PinOwnerID":369662199
      },
      "ConnectionType":0,
      "ConnectedWireIndex":-1,
      "ConnectedWireSegmentIndex":-1,
      "Points":[{"x":0.0,"y":0.0},{"x":0.0,"y":0.0}]
    },
    {
      "SourcePinAddress":{
        "PinID":0,
        "PinOwnerID":1265068252
      },
      "TargetPinAddress":{
        "PinID":592835066,
        "PinOwnerID":1988795845
      },
      "ConnectionType":0,
      "ConnectedWireIndex":-1,
      "ConnectedWireSegmentIndex":-1,
      "Points":[{"x":0.0,"y":0.0},{"x":0.0,"y":0.0}]
    },
    {
      "SourcePinAddress":{
        "PinID":0,
        "PinOwnerID":377036759
      },
      "TargetPinAddress":{
        "PinID":592835066,
        "PinOwnerID":235987023
      },
      "ConnectionType":0,
      "ConnectedWireIndex":-1,
      "ConnectedWireSegmentIndex":-1,
      "Points":[{"x":0.0,"y":0.0},{"x":0.0,"y":0.0}]
    },
    {
      "SourcePinAddress":{
        "PinID":0,
        "PinOwnerID":62350480
      },
      "TargetPinAddress":{
        "PinID":592835066,
        "PinOwnerID":1211687340
      },
      "ConnectionType":0,
      "ConnectedWireIndex":-1,
      "ConnectedWireSegmentIndex":-1,
      "Points":[{"x":0.0,"y":0.0},{"x":0.0,"y":0.0}]
    },
    {
      "SourcePinAddress":{
        "PinID":0,
        "PinOwnerID":1960453321
      },
      "TargetPinAddress":{
        "PinID":592835066,
        "PinOwnerID":1782192489
      },
      "ConnectionType":0,
      "ConnectedWireIndex":-1,
      "ConnectedWireSegmentIndex":-1,
      "Points":[{"x":0.0,"y":0.0},{"x":0.0,"y":0.0}]
    }
  ],
  "Displays": null
}