{
  "DLSVersion": "2.1.6",
  "Name": "NOT",
  "NameLocation": 0,
  "ChipType": 0,
  "Size": {
    "x": 0.575,
    "y": 0.375
  },
  "Colour": {
    "r": 0.731584549,
    "g": 0.6149903,
    "b": 0.187745288,
    "a": 1
  },
  "InputPins":[
    {
      "Name":"IN",
      "ID":592835066,
      "Position":{
        "x":-8.88889,
        "y":0.2284
      },
      "BitCount":1,
      "Colour":0,
      "ValueDisplayMode":0
    }
  ],
  "OutputPins":[
    {
      "Name":"OUT",
      "ID":329703237,
      "Position":{
        "x":8.88272,
        "y":0.15432
      },
      "BitCount":1,
      "Colour":0,
      "ValueDisplayMode":0
    }
  ],
  "SubChips":[
    {
      "Name":"NAND",
      "ID":356287525,
      "Label":"",
      "Position":{
        "x":-0.19753,
        "y":-0.04321
      },
      "OutputPinColourInfo":[{"PinColour":0,"PinID":2}],
      "InternalData":null
    }
  ],
  "Wires":[
    {
      "SourcePinAddress":{
        "PinID":0,
        "PinOwnerID":592835066
      },
      "TargetPinAddress":{
        "PinID":0,
        "PinOwnerID":356287525
      },
      "ConnectionType":0,
      "ConnectedWireIndex":-1,
      "ConnectedWireSegmentIndex":-1,
      "Points":[{"x":0.0,"y":0.0},{"x":0.0,"y":0.0}]
    },
    {
      "SourcePinAddress":{
        "PinID":2,
        "PinOwnerID":356287525
      },
      "TargetPinAddress":{
        "PinID":0,
        "PinOwnerID":329703237
      },
      "ConnectionType":0,
      "ConnectedWireIndex":-1,
      "ConnectedWireSegmentIndex":-1,
      "Points":[{"x":0.0,"y":0.0},{"x":0.0,"y":0.0}]
    },
    {
      "SourcePinAddress":{
        "PinID":0,
        "PinOwnerID":592835066
      },
      "TargetPinAddress":{
        "PinID":1,
        "PinOwnerID":356287525
      },
      "ConnectionType":0,
      "ConnectedWireIndex":-1,
      "ConnectedWireSegmentIndex":-1,
      "Points":[{"x":0.0,"y":0.0},{"x":0.0,"y":0.0}]
    }
  ],
  "Displays": null
}