{
  "DLSVersion": "2.1.6",
  "Name": "OR 3",
  "NameLocation": 0,
  "ChipType": 0,
  "Size": {
    "x": 0.725,
    "y": 0.75
  },
  "Colour": {
    "r": 0.32309407,
    "g": 0.211315587,
    "b": 0.3083423,
    "a": 1
  },
  "InputPins":[
    {
      "Name":"IN",
      "ID":1116892438,
      "Position":{
        "x":-8.88889,
        "y":0.34568
      },
      "BitCount":1,
      "Colour":0,
      "ValueDisplayMode":0
    },
    {
      "Name":"IN",
      "ID":851630336,
      "Position":{
        "x":-8.88889,
        "y":-0.24691
      },
      "BitCount":1,
      "Colour":0,
      "ValueDisplayMode":0
    },
    {
      "Name":"IN",
      "ID":1042965712,
      "Position":{
        "x":-8.88889,
        "y":-0.85185
      },
      "BitCount":1,
      "Colour":0,
      "ValueDisplayMode":0
    }
  ],
  "OutputPins":[
    {
      "Name":"OUT",
      "ID":787439702,
      "Position":{
        "x":7.90741,
        "y":-0.53086
      },
      "BitCount":1,
      "Colour":0,
      "ValueDisplayMode":0
    }
  ],
  "SubChips":[
    {
      "Name":"OR",
      "ID":1138877627,
      "Label":"",
      "Position":{
        "x":-6.77778,
        "y":0.20988
      },
      "OutputPinColourInfo":[{"PinColour":0,"PinID":1686933192}],
      "InternalData":null
    },
    {
      "Name":"OR",
      "ID":1093225424,
      "Label":"",
      "Position":{
        "x":-5.41975,
        "y":-0.20988
      },
      "OutputPinColourInfo":[{"PinColour":0,"PinID":1686933192}],
      "InternalData":null
    }
  ],
  "Wires":[
    {
      "SourcePinAddress":{
        "PinID":0,
        "PinOwnerID":1116892438
      },
      "TargetPinAddress":{
        "PinID":977249482,
        "PinOwnerID":1138877627
      },
      "ConnectionType":0,
      "ConnectedWireIndex":-1,
      "ConnectedWireSegmentIndex":-1,
      "Points":[{"x":0.0,"y":0.0},{"x":0.0,"y":0.0}]
    },
    {
      "SourcePinAddress":{
        "PinID":0,
        "PinOwnerID":851630336
      },
      "TargetPinAddress":{
        "PinID":643740030,
        "PinOwnerID":1138877627
      },
      "ConnectionType":0,
      "ConnectedWireIndex":-1,
      "ConnectedWireSegmentIndex":-1,
      "Points":[{"x":0.0,"y":0.0},{"x":0.0,"y":0.0}]
    },
    {
      "SourcePinAddress":{
        "PinID":0,
        "PinOwnerID":1042965712
      },
      "TargetPinAddress":{
        "PinID":643740030,
        "PinOwnerID":1093225424
      },
      "ConnectionType":0,
      "ConnectedWireIndex":-1,
      "ConnectedWireSegmentIndex":-1,
      "Points":[{"x":0.0,"y":0.0},{"x":0.0,"y":0.0}]
    },
    {
      "SourcePinAddress":{
        "PinID":1686933192,
        "PinOwnerID":1138877627
      },
      "TargetPinAddress":{
        "PinID":977249482,
        "PinOwnerID":1093225424
      },
      "ConnectionType":0,
      "ConnectedWireIndex":-1,
      "ConnectedWireSegmentIndex":-1,
      "Points":[{"x":0.0,"y":0.0},{"x":0.0,"y":0.0}]
    },
    {
      "SourcePinAddress":{
        "PinID":1686933192,
        "PinOwnerID":1093225424
      },
      "TargetPinAddress":{
        "PinID":0,
        "PinOwnerID":787439702
      },
      "ConnectionType":0,
      "ConnectedWireIndex":-1,
      "ConnectedWireSegmentIndex":-1,
      "Points":[{"x":0.0,"y":0.0},{"x":0.0,"y":0.0}]
    }
  ],
  "Displays": null
}