{
  "DLSVersion": "2.1.6",
  "Name": "OR 4",
  "NameLocation": 0,
  "ChipType": 0,
  "Size": {
    "x": 0.725,
    "y": 1.0
  },
  "Colour": {
    "r": 0.0148817152,
    "g": 0.3408939,
    "b": 0.12824738,
    "a": 1
  },
  "InputPins":[
    {
      "Name":"IN",
      "ID":890670445,
      "Position":{
        "x":-8.88889,
        "y":0.96296
      },
      "BitCount":1,
      "Colour":0,
      "ValueDisplayMode":0
    },
    {
      "Name":"IN",
      "ID":3907582,
      "Position":{
        "x":-8.88889,
        "y":0.46914
      },
      "BitCount":1,
      "Colour":0,
      "ValueDisplayMode":0
    },
    {
      "Name":"IN",
      "ID":637317229,
      "Position":{
        "x":-8.88889,
        "y":-0.12346
      },
      "BitCount":1,
      "Colour":0,
      "ValueDisplayMode":0
    },
    {
      "Name":"IN",
      "ID":1001885611,
      "Position":{
        "x":-8.88889,
        "y":-0.71605
      },
      "BitCount":1,
      "Colour":0,
      "ValueDisplayMode":0
    }
  ],
  "OutputPins":[
    {
      "Name":"OUT",
      "ID":1092352385,
      "Position":{
        "x":8.87037,
        "y":0.14815
      },
      "BitCount":1,
      "Colour":0,
      "ValueDisplayMode":0
    }
  ],
  "SubChips":[
    {
      "Name":"OR",
      "ID":1489021349,
      "Label":"",
      "Position":{
        "x":-4.75309,
        "y":0.69136
      },
      "OutputPinColourInfo":[{"PinColour":0,"PinID":1686933192}],
      "InternalData":null
    },
    {
      "Name":"OR",
      "ID":1035919322,
      "Label":"",
      "Position":{
        "x":-4.74074,
        "y":-0.20988
      },
      "OutputPinColourInfo":[{"PinColour":0,"PinID":1686933192}],
      "InternalData":null
    },
    {
      "Name":"OR",
      "ID":1878786787,
      "Label":"",
      "Position":{
        "x":-3.24691,
        "y":0.20988
      },
      "OutputPinColourInfo":[{"PinColour":0,"PinID":1686933192}],
      "InternalData":null
    }
  ],
  "Wires":[
    {
      "SourcePinAddress":{
        "PinID":0,
        "PinOwnerID":1001885611
      },
      "TargetPinAddress":{
        "PinID":643740030,
        "PinOwnerID":1035919322
      },
      "ConnectionType":0,
      "ConnectedWireIndex":-1,
      "ConnectedWireSegmentIndex":-1,
      "Points":[{"x":0.0,"y":0.0},{"x":0.0,"y":0.0}]
    },
    {
      "SourcePinAddress":{
        "PinID":0,
        "PinOwnerID":637317229
      },
      "TargetPinAddress":{
        "PinID":977249482,
        "PinOwnerID":1035919322
      },
      "ConnectionType":0,
      "ConnectedWireIndex":-1,
      "ConnectedWireSegmentIndex":-1,
      "Points":[{"x":0.0,"y":0.0},{"x":0.0,"y":0.0}]
    },
    {
      "SourcePinAddress":{
        "PinID":0,
        "PinOwnerID":3907582
      },
      "TargetPinAddress":{
        "PinID":643740030,
        "PinOwnerID":1489021349
      },
      "ConnectionType":0,
      "ConnectedWireIndex":-1,
      "ConnectedWireSegmentIndex":-1,
      "Points":[{"x":0.0,"y":0.0},{"x":0.0,"y":0.0}]
    },
    {
      "SourcePinAddress":{
        "PinID":0,
        "PinOwnerID":890670445
      },
      "TargetPinAddress":{
        "PinID":977249482,
        "PinOwnerID":1489021349
      },
      "ConnectionType":0,
      "ConnectedWireIndex":-1,
      "ConnectedWireSegmentIndex":-1,
      "Points":[{"x":0.0,"y":0.0},{"x":0.0,"y":0.0}]
    },
    {
      "SourcePinAddress":{
        "PinID":1686933192,
        "PinOwnerID":1489021349
      },
      "TargetPinAddress":{
        "PinID":977249482,
        "PinOwnerID":1878786787
      },
      "ConnectionType":0,
      "ConnectedWireIndex":-1,
      "ConnectedWireSegmentIndex":-1,
      "Points":[{"x":0.0,"y":0.0},{"x":0.0,"y":0.0}]
    },
    {
      "SourcePinAddress":{
        "PinID":1686933192,
        "PinOwnerID":1035919322
      },
      "TargetPinAddress":{
        "PinID":643740030,
        "PinOwnerID":1878786787
      },
      "ConnectionType":0,
      "ConnectedWireIndex":-1,
      "ConnectedWireSegmentIndex":-1,
      "Points":[{"x":0.0,"y":0.0},{"x":0.0,"y":0.0}]
    },
    {
      "SourcePinAddress":{
        "PinID":1686933192,
        "PinOwnerID":1878786787
      },
      "TargetPinAddress":{
        "PinID":0,
        "PinOwnerID":1092352385
      },
      "ConnectionType":0,
      "ConnectedWireIndex":-1,
      "ConnectedWireSegmentIndex":-1,
      "Points":[{"x":0.0,"y":0.0},{"x":0.0,"y":0.0}]
    }
  ],
  "Displays": null
}