{
  "DLSVersion": "2.1.6",
  "Name": "OR 5",
  "NameLocation": 0,
  "ChipType": 0,
  "Size": {
    "x": 0.725,
    "y": 1.25
  },
  "Colour": {
    "r": 0.131564036,
    "g": 0.05401139,
    "b": 0.593876243,
    "a": 1
  },
  "InputPins":[
    {
      "Name":"IN",
      "ID":1850269520,
      "Position":{
        "x":-8.88889,
        "y":0.82716
      },
      "BitCount":1,
      "Colour":0,
      "ValueDisplayMode":0
    },
    {
      "Name":"IN",
      "ID":1640667339,
      "Position":{
        "x":-8.88889,
        "y":0.18519
      },
      "BitCount":1,
      "Colour":0,
      "ValueDisplayMode":0
    },
    {
      "Name":"IN",
      "ID":229401287,
      "Position":{
        "x":-8.88889,
        "y":-0.44444
      },
      "BitCount":1,
      "Colour":0,
      "ValueDisplayMode":0
    },
    {
      "Name":"IN",
      "ID":1359044023,
      "Position":{
        "x":-8.88889,
        "y":-1.0
      },
      "BitCount":1,
      "Colour":0,
      "ValueDisplayMode":0
    },
    {
      "Name":"IN",
      "ID":300851848,
      "Position":{
        "x":-8.88889,
        "y":-1.79012
      },
      "BitCount":1,
      "Colour":0,
      "ValueDisplayMode":0
    }
  ],
  "OutputPins":[
    {
      "Name":"OUT",
      "ID":1990262230,
      "Position":{
        "x":8.88272,
        "y":-1.14815
      },
      "BitCount":1,
      "Colour":0,
      "ValueDisplayMode":0
    }
  ],
  "SubChips":[
    {
      "Name":"OR 4",
      "ID":1341693278,
      "Label":"",
      "Position":{
        "x":-6.34568,
        "y":0.23457
      },
      "OutputPinColourInfo":[{"PinColour":0,"PinID":1092352385}],
      "InternalData":null
    },
    {
      "Name":"OR",
      "ID":1901875303,
      "Label":"",
      "Position":{
        "x":-4.64198,
        "y":-0.87654
      },
      "OutputPinColourInfo":[{"PinColour":0,"PinID":1686933192}],
      "InternalData":null
    }
  ],
  "Wires":[
    {
      "SourcePinAddress":{
        "PinID":0,
        "PinOwnerID":1850269520
      },
      "TargetPinAddress":{
        "PinID":890670445,
        "PinOwnerID":1341693278
      },
      "ConnectionType":0,
      "ConnectedWireIndex":-1,
      "ConnectedWireSegmentIndex":-1,
      "Points":[{"x":0.0,"y":0.0},{"x":0.0,"y":0.0}]
    },
    {
      "SourcePinAddress":{
        "PinID":0,
        "PinOwnerID":1640667339
      },
      "TargetPinAddress":{
        "PinID":3907582,
        "PinOwnerID":1341693278
      },
      "ConnectionType":0,
      "ConnectedWireIndex":-1,
      "ConnectedWireSegmentIndex":-1,
      "Points":[{"x":0.0,"y":0.0},{"x":0.0,"y":0.0}]
    },
    {
      "SourcePinAddress":{
        "PinID":0,
        "PinOwnerID":229401287
      },
      "TargetPinAddress":{
        "PinID":637317229,
        "PinOwnerID":1341693278
      },
      "ConnectionType":0,
      "ConnectedWireIndex":-1,
      "ConnectedWireSegmentIndex":-1,
      "Points":[{"x":0.0,"y":0.0},{"x":0.0,"y":0.0}]
    },
    {
      "SourcePinAddress":{
        "PinID":0,
        "PinOwnerID":1359044023
      },
      "TargetPinAddress":{
        "PinID":1001885611,
        "PinOwnerID":1341693278
      },
      "ConnectionType":0,
      "ConnectedWireIndex":-1,
      "ConnectedWireSegmentIndex":-1,
      "Points":[{"x":0.0,"y":0.0},{"x":0.0,"y":0.0}]
    },
    {
      "SourcePinAddress":{
        "PinID":0,
        "PinOwnerID":300851848
      },
      "TargetPinAddress":{
        "PinID":643740030,
        "PinOwnerID":1901875303
      },
      "ConnectionType":0,
      "ConnectedWireIndex":-1,
      "ConnectedWireSegmentIndex":-1,
      "Points":[{"x":0.0,"y":0.0},{"x":0.0,"y":0.0}]
    },
    {
      "SourcePinAddress":{
        "PinID":1092352385,
        "PinOwnerID":1341693278
      },
      "TargetPinAddress":{
        "PinID":977249482,
        "PinOwnerID":1901875303
      },
      "ConnectionType":0,
      "ConnectedWireIndex":-1,
      "ConnectedWireSegmentIndex":-1,
      "Points":[{"x":0.0,"y":0.0},{"x":0.0,"y":0.0}]
    },
    {
      "SourcePinAddress":{
        "PinID":1686933192,
        "PinOwnerID":1901875303
      },
      "TargetPinAddress":{
        "PinID":0,
        "PinOwnerID":1990262230
      },
      "ConnectionType":0,
      "ConnectedWireIndex":-1,
      "ConnectedWireSegmentIndex":-1,
      "Points":[{"x":0.0,"y":0.0},{"x":8.24074,"y":-1.12346},{"x":0.0,"y":0.0}]
    }
  ],
  "Displays": null
}