{
  "DLSVersion": "2.1.6",
  "Name": "OR 8",
  "NameLocation": 0,
  "ChipType": 0,
  "Size": {
    "x": 0.725,
    "y": 2.0
  },
  "Colour": {
    "r": 0.4895887,
    "g": 0.395768166,
    "b": 0.517883956,
    "a": 1
  },
  "InputPins":[
    {
      "Name":"IN",
      "ID":1265948911,
      "Position":{
        "x":-16.57641,
        "y":-1.71415
      },
      "BitCount":1,
      "Colour":0,
      "ValueDisplayMode":0
    },
    {
      "Name":"IN",
      "ID":97287669,
      "Position":{
        "x":-16.5704,
        "y":-2.28078
      },
      "BitCount":1,
      "Colour":0,
      "ValueDisplayMode":0
    },
    {
      "Name":"IN",
      "ID":1189485965,
      "Position":{
        "x":-16.59561,
        "y":-2.79764
      },
      "BitCount":1,
      "Colour":0,
      "ValueDisplayMode":0
    },
    {
      "Name":"IN",
      "ID":1970300947,
      "Position":{
        "x":-16.59561,
        "y":-3.37752
      },
      "BitCount":1,
      "Colour":0,
      "ValueDisplayMode":0
    },
    {
      "Name":"IN",
      "ID":1696214049,
      "Position":{
        "x":-16.62082,
        "y":-3.89438
      },
      "BitCount":1,
      "Colour":0,
      "ValueDisplayMode":0
    },
    {
      "Name":"IN",
      "ID":1602440181,
      "Position":{
        "x":-16.62082,
        "y":-4.46166
      },
      "BitCount":1,
      "Colour":0,
      "ValueDisplayMode":0
    },
    {
      "Name":"IN",
      "ID":530810596,
      "Position":{
        "x":-16.60822,
        "y":-4.99113
      },
      "BitCount":1,
      "Colour":0,
      "ValueDisplayMode":0
    },
    {
      "Name":"IN",
      "ID":876459292,
      "Position":{
        "x":-16.63343,
        "y":-5.59623
      },
      "BitCount":1,
      "Colour":0,
      "ValueDisplayMode":0
    }
  ],
  "OutputPins":[
    {
      "Name":"OUT",
      "ID":1257180871,
      "Position":{
        "x":-10.79673,
        "y":-3.57922
      },
      "BitCount":1,
      "Colour":0,
      "ValueDisplayMode":0
    }
  ],
  "SubChips":[
    {
      "Name":"OR 4",
      "ID":659320523,
      "Label":"",
      "Position":{
        "x":-14.20693,
        "y":-2.84612
      },
      "OutputPinColourInfo":[{"PinColour":0,"PinID":1092352385}],
      "InternalData":null
    },
    {
      "Name":"OR 4",
      "ID":1421813417,
      "Label":"",
      "Position":{
        "x":-14.20134,
        "y":-4.10245
      },
      "OutputPinColourInfo":[{"PinColour":0,"PinID":1092352385}],
      "InternalData":null
    },
    {
      "Name":"OR",
      "ID":1816290998,
      "Label":"",
      "Position":{
        "x":-12.66245,
        "y":-3.50359
      },
      "OutputPinColourInfo":[{"PinColour":0,"PinID":1686933192}],
      "InternalData":null
    }
  ],
  "Wires":[
    {
      "SourcePinAddress":{
        "PinID":0,
        "PinOwnerID":876459292
      },
      "TargetPinAddress":{
        "PinID":1001885611,
        "PinOwnerID":1421813417
      },
      "ConnectionType":0,
      "ConnectedWireIndex":-1,
      "ConnectedWireSegmentIndex":-1,
      "Points":[{"x":0.0,"y":0.0},{"x":0.0,"y":0.0}]
    },
    {
      "SourcePinAddress":{
        "PinID":0,
        "PinOwnerID":530810596
      },
      "TargetPinAddress":{
        "PinID":637317229,
        "PinOwnerID":1421813417
      },
      "ConnectionType":0,
      "ConnectedWireIndex":-1,
      "ConnectedWireSegmentIndex":-1,
      "Points":[{"x":0.0,"y":0.0},{"x":0.0,"y":0.0}]
    },
    {
      "SourcePinAddress":{
        "PinID":0,
        "PinOwnerID":1602440181
      },
      "TargetPinAddress":{
        "PinID":3907582,
        "PinOwnerID":1421813417
      },
      "ConnectionType":0,
      "ConnectedWireIndex":-1,
      "ConnectedWireSegmentIndex":-1,
      "Points":[{"x":0.0,"y":0.0},{"x":0.0,"y":0.0}]
    },
    {
      "SourcePinAddress":{
        "PinID":0,
        "PinOwnerID":1696214049
      },
      "TargetPinAddress":{
        "PinID":890670445,
        "PinOwnerID":1421813417
      },
      "ConnectionType":0,
      "ConnectedWireIndex":-1,
      "ConnectedWireSegmentIndex":-1,
      "Points":[{"x":0.0,"y":0.0},{"x":0.0,"y":0.0}]
    },
    {
      "SourcePinAddress":{
        "PinID":0,
        "PinOwnerID":1970300947
      },
      "TargetPinAddress":{
        "PinID":1001885611,
        "PinOwnerID":659320523
      },
      "ConnectionType":0,
      "ConnectedWireIndex":-1,
      "ConnectedWireSegmentIndex":-1,
      "Points":[{"x":0.0,"y":0.0},{"x":0.0,"y":0.0}]
    },
    {
      "SourcePinAddress":{
        "PinID":0,
        "PinOwnerID":1189485965
      },
      "TargetPinAddress":{
        "PinID":637317229,
        "PinOwnerID":659320523
      },
      "ConnectionType":0,
      "ConnectedWireIndex":-1,
      "ConnectedWireSegmentIndex":-1,
      "Points":[{"x":0.0,"y":0.0},{"x":0.0,"y":0.0}]
    },
    {
      "SourcePinAddress":{
        "PinID":0,
        "PinOwnerID":97287669
      },
      "TargetPinAddress":{
        "PinID":3907582,
        "PinOwnerID":659320523
      },
      "ConnectionType":0,
      "ConnectedWireIndex":-1,
      "ConnectedWireSegmentIndex":-1,
      "Points":[{"x":0.0,"y":0.0},{"x":0.0,"y":0.0}]
    },
    {
      "SourcePinAddress":{
        "PinID":0,
        "PinOwnerID":1265948911
      },
      "TargetPinAddress":{
        "PinID":890670445,
        "PinOwnerID":659320523
      },
      "ConnectionType":0,
      "ConnectedWireIndex":-1,
      "ConnectedWireSegmentIndex":-1,
      "Points":[{"x":0.0,"y":0.0},{"x":0.0,"y":0.0}]
    },
    {
      "SourcePinAddress":{
        "PinID":1092352385,
        "PinOwnerID":659320523
      },
      "TargetPinAddress":{
        "PinID":977249482,
        "PinOwnerID":1816290998
      },
      "ConnectionType":0,
      "ConnectedWireIndex":-1,
      "ConnectedWireSegmentIndex":-1,
      "Points":[{"x":0.0,"y":0.0},{"x":0.0,"y":0.0}]
    },
    {
      "SourcePinAddress":{
        "PinID":1092352385,
        "PinOwnerID":1421813417
      },
      "TargetPinAddress":{
        "PinID":643740030,
        "PinOwnerID":1816290998
      },
      "ConnectionType":0,
      "ConnectedWireIndex":-1,
      "ConnectedWireSegmentIndex":-1,
      "Points":[{"x":0.0,"y":0.0},{"x":0.0,"y":0.0}]
    },
    {
      "SourcePinAddress":{
        "PinID":1686933192,
        "PinOwnerID":1816290998
      },
      "TargetPinAddress":{
        "PinID":0,
        "PinOwnerID":1257180871
      },
      "ConnectionType":0,
      "ConnectedWireIndex":-1,
      "ConnectedWireSegmentIndex":-1,
      "Points":[{"x":0.0,"y":0.0},{"x":0.0,"y":0.0}]
    }
  ],
  "Displays": null
}