{
  "DLSVersion": "2.1.6",
  "Name": "OR BITWISE",
  "NameLocation": 0,
  "ChipType": 0,
  "Size": {
    "x": 1.25,
    "y": 2.0
  },
  "Colour": {
    "r": 0.154125631,
    "g": 0.49244684,
    "b": 0.271260649,
    "a": 1
  },
  "InputPins":[
    {
      "Name":"A3",
      "ID":861207914,
      "Position":{
        "x":-11.4668,
        "y":2.78596
      },
      "BitCount":1,
      "Colour":0,
      "ValueDisplayMode":0
    },
    {
      "Name":"A2",
      "ID":166927238,
      "Position":{
        "x":-11.48454,
        "y":2.12972
      },
      "BitCount":1,
      "Colour":0,
      "ValueDisplayMode":0
    },
    {
      "Name":"A1",
      "ID":1933987713,
      "Position":{
        "x":-11.4668,
        "y":1.42027
      },
      "BitCount":1,
      "Colour":0,
      "ValueDisplayMode":0
    },
    {
      "Name":"A0",
      "ID":24400614,
      "Position":{
        "x":-11.48454,
        "y":0.81724
      },
      "BitCount":1,
      "Colour":0,
      "ValueDisplayMode":0
    },
    {
      "Name":"B3",
      "ID":1322951763,
      "Position":{
        "x":-11.4668,
        "y":-0.21146
      },
      "BitCount":1,
      "Colour":0,
      "ValueDisplayMode":0
    },
    {
      "Name":"B2",
      "ID":10626218,
      "Position":{
        "x":-11.4668,
        "y":-0.79675
      },
      "BitCount":1,
      "Colour":0,
      "ValueDisplayMode":0
    },
    {
      "Name":"B1",
      "ID":574029422,
      "Position":{
        "x":-11.50227,
        "y":-1.45299
      },
      "BitCount":1,
      "Colour":0,
      "ValueDisplayMode":0
    },
    {
      "Name":"B0",
      "ID":1308905378,
      "Position":{
        "x":-11.44906,
        "y":-2.09149
      },
      "BitCount":1,
      "Colour":0,
      "ValueDisplayMode":0
    }
  ],
  "OutputPins":[
    {
      "Name":"D3",
      "ID":1186771929,
      "Position":{
        "x":-6.41199,
        "y":1.79273
      },
      "BitCount":1,
      "Colour":0,
      "ValueDisplayMode":0
    },
    {
      "Name":"D2",
      "ID":963837535,
      "Position":{
        "x":-6.46519,
        "y":0.88819
      },
      "BitCount":1,
      "Colour":0,
      "ValueDisplayMode":0
    },
    {
      "Name":"D1",
      "ID":1836406637,
      "Position":{
        "x":-6.39425,
        "y":-0.2824
      },
      "BitCount":1,
      "Colour":0,
      "ValueDisplayMode":0
    },
    {
      "Name":"D0",
      "ID":1531595500,
      "Position":{
        "x":-6.42972,
        "y":-1.116
      },
      "BitCount":1,
      "Colour":0,
      "ValueDisplayMode":0
    }
  ],
  "SubChips":[
    {
      "Name":"OR",
      "ID":582733710,
      "Label":"",
      "Position":{
        "x":-8.20334,
        "y":-1.00959
      },
      "OutputPinColourInfo":[{"PinColour":0,"PinID":1686933192}],
      "InternalData":null
    },
    {
      "Name":"OR",
      "ID":1121101806,
      "Label":"",
      "Position":{
        "x":-8.16787,
        "y":-0.31787
      },
      "OutputPinColourInfo":[{"PinColour":0,"PinID":1686933192}],
      "InternalData":null
    },
    {
      "Name":"OR",
      "ID":898457300,
      "Label":"",
      "Position":{
        "x":-8.15013,
        "y":0.95913
      },
      "OutputPinColourInfo":[{"PinColour":0,"PinID":1686933192}],
      "InternalData":null
    },
    {
      "Name":"OR",
      "ID":811787751,
      "Label":"",
      "Position":{
        "x":-8.15013,
        "y":1.79273
      },
      "OutputPinColourInfo":[{"PinColour":0,"PinID":1686933192}],
      "InternalData":null
    }
  ],
  "Wires":[
    {
      "SourcePinAddress":{
        "PinID":1686933192,
        "PinOwnerID":811787751
      },
      "TargetPinAddress":{
        "PinID":0,
        "PinOwnerID":1186771929
      },
      "ConnectionType":0,
      "ConnectedWireIndex":-1,
      "ConnectedWireSegmentIndex":-1,
      "Points":[{"x":0.0,"y":0.0},{"x":0.0,"y":0.0}]
    },
    {
      "SourcePinAddress":{
        "PinID":1686933192,
        "PinOwnerID":898457300
      },
      "TargetPinAddress":{
        "PinID":0,
        "PinOwnerID":963837535
      },
      "ConnectionType":0,
      "ConnectedWireIndex":-1,
      "ConnectedWireSegmentIndex":-1,
      "Points":[{"x":0.0,"y":0.0},{"x":0.0,"y":0.0}]
    },
    {
      "SourcePinAddress":{
        "PinID":1686933192,
        "PinOwnerID":1121101806
      },
      "TargetPinAddress":{
        "PinID":0,
        "PinOwnerID":1836406637
      },
      "ConnectionType":0,
      "ConnectedWireIndex":-1,
      "ConnectedWireSegmentIndex":-1,
      "Points":[{"x":0.0,"y":0.0},{"x":0.0,"y":0.0}]
    },
    {
      "SourcePinAddress":{
        "PinID":1686933192,
        "PinOwnerID":582733710
      },
      "TargetPinAddress":{
        "PinID":0,
        "PinOwnerID":1531595500
      },
      "ConnectionType":0,
      "ConnectedWireIndex":-1,
      "ConnectedWireSegmentIndex":-1,
      "Points":[{"x":0.0,"y":0.0},{"x":0.0,"y":0.0}]
    },
    {
      "SourcePinAddress":{
        "PinID":0,
        "PinOwnerID":1308905378
      },
      "TargetPinAddress":{
        "PinID":643740030,
        "PinOwnerID":582733710
      },
      "ConnectionType":0,
      "ConnectedWireIndex":-1,
      "ConnectedWireSegmentIndex":-1,
      "Points":[{"x":0.0,"y":0.0},{"x":0.0,"y":0.0}]
    },
    {
      "SourcePinAddress":{
        "PinID":0,
        "PinOwnerID":24400614
      },
      "TargetPinAddress":{
        "PinID":977249482,
        "PinOwnerID":582733710
      },
      "ConnectionType":0,
      "ConnectedWireIndex":-1,
      "ConnectedWireSegmentIndex":-1,
      "Points":[{"x":0.0,"y":0.0},{"x":0.0,"y":0.0}]
    },
    {
      "SourcePinAddress":{
        "PinID":0,
        "PinOwnerID":574029422
      },
      "TargetPinAddress":{
        "PinID":643740030,
        "PinOwnerID":1121101806
      },
      "ConnectionType":0,
      "ConnectedWireIndex":-1,
      "ConnectedWireSegmentIndex":-1,
      "Points":[{"x":0.0,"y":0.0},{"x":0.0,"y":0.0}]
    },
    {
      "SourcePinAddress":{
        "PinID":0,
        "PinOwnerID":1933987713
      },
      "TargetPinAddress":{
        "PinID":977249482,
        "PinOwnerID":1121101806
      },
      "ConnectionType":0,
      "ConnectedWireIndex":-1,
      "ConnectedWireSegmentIndex":-1,
      "Points":[{"x":0.0,"y":0.0},{"x":0.0,"y":0.0}]
    },
    {
      "SourcePinAddress":{
        "PinID":0,
        "PinOwnerID":10626218
      },
      "TargetPinAddress":{
        "PinID":643740030,
        "PinOwnerID":898457300
      },
      "ConnectionType":0,
      "ConnectedWireIndex":-1,
      "ConnectedWireSegmentIndex":-1,
      "Points":[{"x":0.0,"y":0.0},{"x":0.0,"y":0.0}]
    },
    {
      "SourcePinAddress":{
        "PinID":0,
        "PinOwnerID":166927238
      },
      "TargetPinAddress":{
        "PinID":977249482,
        "PinOwnerID":898457300
      },
      "ConnectionType":0,
      "ConnectedWireIndex":-1,
      "ConnectedWireSegmentIndex":-1,
      "Points":[{"x":0.0,"y":0.0},{"x":0.0,"y":0.0}]
    },
    {
      "SourcePinAddress":{
        "PinID":0,
        "PinOwnerID":1322951763
      },
      "TargetPinAddress":{
        "PinID":643740030,
        "PinOwnerID":811787751
      },
      "ConnectionType":0,
      "ConnectedWireIndex":-1,
      "ConnectedWireSegmentIndex":-1,
      "Points":[{"x":0.0,"y":0.0},{"x":0.0,"y":0.0}]
    },
    {
      "SourcePinAddress":{
        "PinID":0,
        "PinOwnerID":861207914
      },
      "TargetPinAddress":{
        "PinID":977249482,
        "PinOwnerID":811787751
      },
      "ConnectionType":0,
      "ConnectedWireIndex":-1,
      "ConnectedWireSegmentIndex":-1,
      "Points":[{"x":0.0,"y":0.0},{"x":0.0,"y":0.0}]
    }
  ],
  "Displays": null
}