{
  "DLSVersion": "2.1.6",
  "Name": "OR",
  "NameLocation": 0,
  "ChipType": 0,
  "Size": {
    "x": 0.425,
    "y": 0.5
  },
  "Colour": {
    "r": 0.12005993,
    "g": 0.419390619,
    "b": 0.5288355,
    "a": 1
  },
  "InputPins":[
    {
      "Name":"IN",
      "ID":977249482,
      "Position":{
        "x":-8.90124,
        "y":0.34568
      },
      "BitCount":1,
      "Colour":0,
      "ValueDisplayMode":0
    },
    {
      "Name":"IN",
      "ID":643740030,
      "Position":{
        "x":-8.88889,
        "y":-1.92593
      },
      "BitCount":1,
      "Colour":0,
      "ValueDisplayMode":0
    }
  ],
  "OutputPins":[
    {
      "Name":"OUT",
      "ID":1686933192,
      "Position":{
        "x":8.88272,
        "y":-0.5679
      },
      "BitCount":1,
      "Colour":0,
      "ValueDisplayMode":0
    }
  ],
  "SubChips":[
    {
      "Name":"NOT",
      "ID":1010246608,
      "Label":"",
      "Position":{
        "x":-4.76543,
        "y":-1.1358
      },
      "OutputPinColourInfo":[{"PinColour":0,"PinID":329703237}],
      "InternalData":null
    },
    {
      "Name":"NOT",
      "ID":1905079658,
      "Label":"",
      "Position":{
        "x":-4.77778,
        "y":-0.34568
      },
      "OutputPinColourInfo":[{"PinColour":0,"PinID":329703237}],
      "InternalData":null
    },
    {
      "Name":"NAND",
      "ID":1660487037,
      "Label":"",
      "Position":{
        "x":-2.60494,
        "y":-0.74074
      },
      "OutputPinColourInfo":[{"PinColour":0,"PinID":2}],
      "InternalData":null
    }
  ],
  "Wires":[
    {
      "SourcePinAddress":{
        "PinID":0,
        "PinOwnerID":977249482
      },
      "TargetPinAddress":{
        "PinID":592835066,
        "PinOwnerID":1905079658
      },
      "ConnectionType":0,
      "ConnectedWireIndex":-1,
      "ConnectedWireSegmentIndex":-1,
      "Points":[{"x":0.0,"y":0.0},{"x":0.0,"y":0.0}]
    },
    {
      "SourcePinAddress":{
        "PinID":0,
        "PinOwnerID":643740030
      },
      "TargetPinAddress":{
        "PinID":592835066,
        "PinOwnerID":1010246608
      },
      "ConnectionType":0,
      "ConnectedWireIndex":-1,
      "ConnectedWireSegmentIndex":-1,
      "Points":[{"x":0.0,"y":0.0},{"x":0.0,"y":0.0}]
    },
    {
      "SourcePinAddress":{
        "PinID":329703237,
        "PinOwnerID":1905079658
      },
      "TargetPinAddress":{
        "PinID":0,
        "PinOwnerID":1660487037
      },
      "ConnectionType":0,
      "ConnectedWireIndex":-1,
      "ConnectedWireSegmentIndex":-1,
      "Points":[{"x":0.0,"y":0.0},{"x":0.0,"y":0.0}]
    },
    {
      "SourcePinAddress":{
        "PinID":329703237,
        "PinOwnerID":1010246608
      },
      "TargetPinAddress":{
        "PinID":1,
        "PinOwnerID":1660487037
      },
      "ConnectionType":0,
      "ConnectedWireIndex":-1,
      "ConnectedWireSegmentIndex":-1,
      "Points":[{"x":0.0,"y":0.0},{"x":0.0,"y":0.0}]
    },
    {
      "SourcePinAddress":{
        "PinID":2,
        "PinOwnerID":1660487037
      },
      "TargetPinAddress":{
        "PinID":0,
        "PinOwnerID":1686933192
      },
      "ConnectionType":0,
      "ConnectedWireIndex":-1,
      "ConnectedWireSegmentIndex":-1,
      "Points":[{"x":0.0,"y":0.0},{"x":0.0,"y":0.0}]
    }
  ],
  "Displays": null
}