{
  "DLSVersion": "2.1.6",
  "Name": "RP ADDER",
  "NameLocation": 0,
  "ChipType": 0,
  "Size": {
    "x": 1.025,
    "y": 2.25
  },
  "Colour": {
    "r": 0.5588388,
    "g": 0.1920478,
    "b": 0.129395574,
    "a": 1
  },
  "InputPins":[
    {
      "Name":"A3",
      "ID":271959078,
      "Position":{
        "x":-8.92593,
        "y":3.69136
      },
      "BitCount":1,
      "Colour":0,
      "ValueDisplayMode":0
    },
    {
      "Name":"A2",
      "ID":565061291,
      "Position":{
        "x":-8.90124,
        "y":3.18518
      },
      "BitCount":1,
      "Colour":0,
      "ValueDisplayMode":0
    },
    {
      "Name":"A1",
      "ID":270699534,
      "Position":{
        "x":-8.88889,
        "y":2.45679
      },
      "BitCount":1,
      "Colour":0,
      "ValueDisplayMode":0
    },
    {
      "Name":"A0",
      "ID":1006121700,
      "Position":{
        "x":-8.83951,
        "y":1.92593
      },
      "BitCount":1,
      "Colour":0,
      "ValueDisplayMode":0
    },
    {
      "Name":"B3",
      "ID":1791504816,
      "Position":{
        "x":-8.95062,
        "y":0.53086
      },
      "BitCount":1,
      "Colour":0,
      "ValueDisplayMode":0
    },
    {
      "Name":"B2",
      "ID":1675619274,
      "Position":{
        "x":-8.93827,
        "y":-0.14815
      },
      "BitCount":1,
      "Colour":0,
      "ValueDisplayMode":0
    },
    {
      "Name":"B1",
      "ID":837874400,
      "Position":{
        "x":-8.88889,
        "y":-0.67901
      },
      "BitCount":1,
      "Colour":0,
      "ValueDisplayMode":0
    },
    {
      "Name":"B0",
      "ID":1727459797,
      "Position":{
        "x":-8.87654,
        "y":-1.32099
      },
      "BitCount":1,
      "Colour":0,
      "ValueDisplayMode":0
    },
    {
      "Name":"CIN",
      "ID":1172401749,
      "Position":{
        "x":-8.88889,
        "y":-2.30864
      },
      "BitCount":1,
      "Colour":0,
      "ValueDisplayMode":0
    }
  ],
  "OutputPins":[
    {
      "Name":"CARRY",
      "ID":1465023680,
      "Position":{
        "x":8.88272,
        "y":3.23457
      },
      "BitCount":1,
      "Colour":0,
      "ValueDisplayMode":0
    },
    {
      "Name":"D3",
      "ID":2064048675,
      "Position":{
        "x":8.88272,
        "y":1.81481
      },
      "BitCount":1,
      "Colour":0,
      "ValueDisplayMode":0
    },
    {
      "Name":"D2",
      "ID":1968386399,
      "Position":{
        "x":8.88272,
        "y":0.55556
      },
      "BitCount":1,
      "Colour":0,
      "ValueDisplayMode":0
    },
    {
      "Name":"D1",
      "ID":2083528427,
      "Position":{
        "x":8.88272,
        "y":-0.59259
      },
      "BitCount":1,
      "Colour":0,
      "ValueDisplayMode":0
    },
    {
      "Name":"D0",
      "ID":761792802,
      "Position":{
        "x":8.88272,
        "y":-1.74074
      },
      "BitCount":1,
      "Colour":0,
      "ValueDisplayMode":0
    }
  ],
  "SubChips":[
    {
      "Name":"FULL ADDER",
      "ID":234119455,
      "Label":"",
      "Position":{
        "x":-3.75926,
        "y":-1.74074
      },
      "OutputPinColourInfo":[{"PinColour":0,"PinID":836107614},{"PinColour":0,"PinID":1462983759}],
      "InternalData":null
    },
    {
      "Name":"FULL ADDER",
      "ID":1069483866,
      "Label":"",
      "Position":{
        "x":-3.77161,
        "y":-0.25926
      },
      "OutputPinColourInfo":[{"PinColour":0,"PinID":836107614},{"PinColour":0,"PinID":1462983759}],
      "InternalData":null
    },
    {
      "Name":"FULL ADDER",
      "ID":1529558241,
      "Label":"",
      "Position":{
        "x":-3.7963,
        "y":1.18519
      },
      "OutputPinColourInfo":[{"PinColour":0,"PinID":836107614},{"PinColour":0,"PinID":1462983759}],
      "InternalData":null
    },
    {
      "Name":"FULL ADDER",
      "ID":742655054,
      "Label":"",
      "Position":{
        "x":-3.7716,
        "y":2.7037
      },
      "OutputPinColourInfo":[{"PinColour":0,"PinID":836107614},{"PinColour":0,"PinID":1462983759}],
      "InternalData":null
    }
  ],
  "Wires":[
    {
      "SourcePinAddress":{
        "PinID":0,
        "PinOwnerID":1172401749
      },
      "TargetPinAddress":{
        "PinID":1169837477,
        "PinOwnerID":234119455
      },
      "ConnectionType":0,
      "ConnectedWireIndex":-1,
      "ConnectedWireSegmentIndex":-1,
      "Points":[{"x":0.0,"y":0.0},{"x":0.0,"y":0.0}]
    },
    {
      "SourcePinAddress":{
        "PinID":0,
        "PinOwnerID":1727459797
      },
      "TargetPinAddress":{
        "PinID":1857494502,
        "PinOwnerID":234119455
      },
      "ConnectionType":0,
      "ConnectedWireIndex":-1,
      "ConnectedWireSegmentIndex":-1,
      "Points":[{"x":0.0,"y":0.0},{"x":0.0,"y":0.0}]
    },
    {
      "SourcePinAddress":{
        "PinID":0,
        "PinOwnerID":1006121700
      },
      "TargetPinAddress":{
        "PinID":481740599,
        "PinOwnerID":234119455
      },
      "ConnectionType":0,
      "ConnectedWireIndex":-1,
      "ConnectedWireSegmentIndex":-1,
      "Points":[{"x":0.0,"y":0.0},{"x":0.0,"y":0.0}]
    },
    {
      "SourcePinAddress":{
        "PinID":0,
        "PinOwnerID":1675619274
      },
      "TargetPinAddress":{
        "PinID":1857494502,
        "PinOwnerID":1529558241
      },
      "ConnectionType":0,
      "ConnectedWireIndex":-1,
      "ConnectedWireSegmentIndex":-1,
      "Points":[{"x":0.0,"y":0.0},{"x":0.0,"y":0.0}]
    },
    {
      "SourcePinAddress":{
        "PinID":0,
        "PinOwnerID":1791504816
      },
      "TargetPinAddress":{
        "PinID":1857494502,
        "PinOwnerID":742655054
      },
      "ConnectionType":0,
      "ConnectedWireIndex":-1,
      "ConnectedWireSegmentIndex":-1,
      "Points":[{"x":0.0,"y":0.0},{"x":0.0,"y":0.0}]
    },
    {
      "SourcePinAddress":{
        "PinID":0,
        "PinOwnerID":271959078
      },
      "TargetPinAddress":{
        "PinID":481740599,
        "PinOwnerID":742655054
      },
      "ConnectionType":0,
      "ConnectedWireIndex":-1,
      "ConnectedWireSegmentIndex":-1,
      "Points":[{"x":0.0,"y":0.0},{"x":0.0,"y":0.0}]
    },
    {
      "SourcePinAddress":{
        "PinID":0,
        "PinOwnerID":565061291
      },
      "TargetPinAddress":{
        "PinID":481740599,
        "PinOwnerID":1529558241
      },
      "ConnectionType":0,
      "ConnectedWireIndex":-1,
      "ConnectedWireSegmentIndex":-1,
      "Points":[{"x":0.0,"y":0.0},{"x":0.0,"y":0.0}]
    },
    {
      "SourcePinAddress":{
        "PinID":0,
        "PinOwnerID":270699534
      },
      "TargetPinAddress":{
        "PinID":481740599,
        "PinOwnerID":1069483866
      },
      "ConnectionType":0,
      "ConnectedWireIndex":-1,
      "ConnectedWireSegmentIndex":-1,
      "Points":[{"x":0.0,"y":0.0},{"x":0.0,"y":0.0}]
    },
    {
      "SourcePinAddress":{
        "PinID":0,
        "PinOwnerID":837874400
      },
      "TargetPinAddress":{
        "PinID":1857494502,
        "PinOwnerID":1069483866
      },
      "ConnectionType":0,
      "ConnectedWireIndex":-1,
      "ConnectedWireSegmentIndex":-1,
      "Points":[{"x":0.0,"y":0.0},{"x":0.0,"y":0.0}]
    },
    {
      "SourcePinAddress":{
        "PinID":1462983759,
        "PinOwnerID":234119455
      },
      "TargetPinAddress":{
        "PinID":1169837477,
        "PinOwnerID":1069483866
      },
      "ConnectionType":0,
      "ConnectedWireIndex":-1,
      "ConnectedWireSegmentIndex":-1,
      "Points":[{"x":0.0,"y":0.0},{"x":-2.83951,"y":-2.0},{"x":-2.79012,"y":-2.83951},{"x":-4.95062,"y":-2.80247},{"x":-4.98765,"y":-0.50617},{"x":0.0,"y":0.0}]
    },
    {
      "SourcePinAddress":{
        "PinID":1462983759,
        "PinOwnerID":1529558241
      },
      "TargetPinAddress":{
        "PinID":1169837477,
        "PinOwnerID":742655054
      },
      "ConnectionType":0,
      "ConnectedWireIndex":-1,
      "ConnectedWireSegmentIndex":-1,
      "Points":[{"x":0.0,"y":0.0},{"x":-2.82716,"y":0.93827},{"x":-2.82716,"y":0.41975},{"x":-4.69136,"y":0.48148},{"x":-4.74074,"y":2.34568},{"x":0.0,"y":0.0}]
    },
    {
      "SourcePinAddress":{
        "PinID":1462983759,
        "PinOwnerID":1069483866
      },
      "TargetPinAddress":{
        "PinID":1169837477,
        "PinOwnerID":1529558241
      },
      "ConnectionType":0,
      "ConnectedWireIndex":-1,
      "ConnectedWireSegmentIndex":-1,
      "Points":[{"x":0.0,"y":0.0},{"x":-2.61728,"y":-0.51852},{"x":-2.64198,"y":-1.09877},{"x":-4.55556,"y":-1.06173},{"x":-4.61728,"y":0.90123},{"x":0.0,"y":0.0}]
    },
    {
      "SourcePinAddress":{
        "PinID":836107614,
        "PinOwnerID":234119455
      },
      "TargetPinAddress":{
        "PinID":0,
        "PinOwnerID":761792802
      },
      "ConnectionType":0,
      "ConnectedWireIndex":-1,
      "ConnectedWireSegmentIndex":-1,
      "Points":[{"x":0.0,"y":0.0},{"x":0.0,"y":0.0}]
    },
    {
      "SourcePinAddress":{
        "PinID":836107614,
        "PinOwnerID":1069483866
      },
      "TargetPinAddress":{
        "PinID":0,
        "PinOwnerID":2083528427
      },
      "ConnectionType":0,
      "ConnectedWireIndex":-1,
      "ConnectedWireSegmentIndex":-1,
      "Points":[{"x":0.0,"y":0.0},{"x":0.0,"y":0.0}]
    },
    {
      "SourcePinAddress":{
        "PinID":836107614,
        "PinOwnerID":1529558241
      },
      "TargetPinAddress":{
        "PinID":0,
        "PinOwnerID":1968386399
      },
      "ConnectionType":0,
      "ConnectedWireIndex":-1,
      "ConnectedWireSegmentIndex":-1,
      "Points":[{"x":0.0,"y":0.0},{"x":0.0,"y":0.0}]
    },
    {
      "SourcePinAddress":{
        "PinID":836107614,
        "PinOwnerID":742655054
      },
      "TargetPinAddress":{
        "PinID":0,
        "PinOwnerID":2064048675
      },
      "ConnectionType":0,
      "ConnectedWireIndex":-1,
      "ConnectedWireSegmentIndex":-1,
      "Points":[{"x":0.0,"y":0.0},{"x":0.0,"y":0.0}]
    },
    {
      "SourcePinAddress":{
        "PinID":1462983759,
        "PinOwnerID":742655054
      },
      "TargetPinAddress":{
        "PinID":0,
        "PinOwnerID":1465023680
      },
      "ConnectionType":0,
      "ConnectedWireIndex":-1,
      "ConnectedWireSegmentIndex":-1,
      "Points":[{"x":0.0,"y":0.0},{"x":0.0,"y":0.0}]
    }
  ],
  "Displays": null
}