{
  "DLSVersion": "2.1.6",
  "Name": "SHIFT",
  "NameLocation": 0,
  "ChipType": 0,
  "Size": {
    "x": 1.025,
    "y": 2.5
  },
  "Colour": {
    "r": 0.6384457,
    "g": 0.366426349,
    "b": 0.4839136,
    "a": 1
  },
  "InputPins":[
    {
      "Name":"A3",
      "ID":550570479,
      "Position":{
        "x":-14.61796,
        "y":6.71973
      },
      "BitCount":1,
      "Colour":0,
      "ValueDisplayMode":0
    },
    {
      "Name":"A2",
      "ID":2003096443,
      "Position":{
        "x":-14.61796,
        "y":6.13468
      },
      "BitCount":1,
      "Colour":0,
      "ValueDisplayMode":0
    },
    {
      "Name":"A1",
      "ID":1183218378,
      "Position":{
        "x":-14.61796,
        "y":5.56634
      },
      "BitCount":1,
      "Colour":0,
      "ValueDisplayMode":0
    },
    {
      "Name":"A0",
      "ID":1756394920,
      "Position":{
        "x":-14.61796,
        "y":4.98128
      },
      "BitCount":1,
      "Colour":0,
      "ValueDisplayMode":0
    },
    {
      "Name":"B3",
      "ID":1240331379,
      "Position":{
        "x":-14.61796,
        "y":1.40408
      },
      "BitCount":1,
      "Colour":0,
      "ValueDisplayMode":0
    },
    {
      "Name":"B2",
      "ID":1938692933,
      "Position":{
        "x":-14.61796,
        "y":0.86917
      },
      "BitCount":1,
      "Colour":0,
      "ValueDisplayMode":0
    },
    {
      "Name":"B1",
      "ID":881603083,
      "Position":{
        "x":-14.61796,
        "y":0.31755
      },
      "BitCount":1,
      "Colour":0,
      "ValueDisplayMode":0
    },
    {
      "Name":"B0",
      "ID":90248477,
      "Position":{
        "x":-14.61796,
        "y":-0.21736
      },
      "BitCount":1,
      "Colour":0,
      "ValueDisplayMode":0
    },
    {
      "Name":"SHIFT DOWN",
      "ID":208144847,
      "Position":{
        "x":-14.61796,
        "y":-1.22249
      },
      "BitCount":1,
      "Colour":0,
      "ValueDisplayMode":0
    },
    {
      "Name":"FLOW",
      "ID":364823570,
      "Position":{
        "x":-14.40367,
        "y":-6.00305
      },
      "BitCount":1,
      "Colour":0,
      "ValueDisplayMode":0
    }
  ],
  "OutputPins":[
    {
      "Name":"D3",
      "ID":83607915,
      "Position":{
        "x":11.86125,
        "y":3.28977
      },
      "BitCount":1,
      "Colour":0,
      "ValueDisplayMode":0
    },
    {
      "Name":"D2",
      "ID":36221815,
      "Position":{
        "x":11.83475,
        "y":2.65386
      },
      "BitCount":1,
      "Colour":0,
      "ValueDisplayMode":0
    },
    {
      "Name":"D1",
      "ID":1058707858,
      "Position":{
        "x":11.88774,
        "y":1.99146
      },
      "BitCount":1,
      "Colour":0,
      "ValueDisplayMode":0
    },
    {
      "Name":"D0",
      "ID":688080210,
      "Position":{
        "x":11.96724,
        "y":1.38205
      },
      "BitCount":1,
      "Colour":0,
      "ValueDisplayMode":0
    }
  ],
  "SubChips":[
    {
      "Name":"UP DOWN SHIFT",
      "ID":797258220,
      "Label":"",
      "Position":{
        "x":-8.61938,
        "y":5.02061
      },
      "OutputPinColourInfo":[{"PinColour":0,"PinID":1096973195},{"PinColour":0,"PinID":1249444172},{"PinColour":0,"PinID":299378625},{"PinColour":0,"PinID":1013635797}],
      "InternalData":null
    },
    {
      "Name":"UP DOWN SHIFT",
      "ID":59965905,
      "Label":"",
      "Position":{
        "x":-4.86512,
        "y":4.89231
      },
      "OutputPinColourInfo":[{"PinColour":0,"PinID":1096973195},{"PinColour":0,"PinID":1249444172},{"PinColour":0,"PinID":299378625},{"PinColour":0,"PinID":1013635797}],
      "InternalData":null
    },
    {
      "Name":"UP DOWN SHIFT",
      "ID":2087893390,
      "Label":"",
      "Position":{
        "x":-0.94029,
        "y":4.90433
      },
      "OutputPinColourInfo":[{"PinColour":0,"PinID":1096973195},{"PinColour":0,"PinID":1249444172},{"PinColour":0,"PinID":299378625},{"PinColour":0,"PinID":1013635797}],
      "InternalData":null
    },
    {
      "Name":"UP DOWN SHIFT",
      "ID":1243515820,
      "Label":"",
      "Position":{
        "x":2.55763,
        "y":4.90091
      },
      "OutputPinColourInfo":[{"PinColour":0,"PinID":1096973195},{"PinColour":0,"PinID":1249444172},{"PinColour":0,"PinID":299378625},{"PinColour":0,"PinID":1013635797}],
      "InternalData":null
    },
    {
      "Name":"NOT",
      "ID":2014235499,
      "Label":"",
      "Position":{
        "x":-11.10763,
        "y":2.85836
      },
      "OutputPinColourInfo":[{"PinColour":0,"PinID":329703237}],
      "InternalData":null
    },
    {
      "Name":"AND 4",
      "ID":21894025,
      "Label":"",
      "Position":{
        "x":-9.33678,
        "y":0.60012
      },
      "OutputPinColourInfo":[{"PinColour":0,"PinID":1601937676}],
      "InternalData":null
    },
    {
      "Name":"AND 4",
      "ID":1453970648,
      "Label":"",
      "Position":{
        "x":-9.13897,
        "y":-1.73116
      },
      "OutputPinColourInfo":[{"PinColour":0,"PinID":1601937676}],
      "InternalData":null
    },
    {
      "Name":"AND 4",
      "ID":217987176,
      "Label":"",
      "Position":{
        "x":-8.96593,
        "y":-4.01682
      },
      "OutputPinColourInfo":[{"PinColour":0,"PinID":1601937676}],
      "InternalData":null
    },
    {
      "Name":"NOT",
      "ID":1474640130,
      "Label":"",
      "Position":{
        "x":-11.16304,
        "y":0.40753
      },
      "OutputPinColourInfo":[{"PinColour":0,"PinID":329703237}],
      "InternalData":null
    },
    {
      "Name":"NOT",
      "ID":1377496183,
      "Label":"",
      "Position":{
        "x":-11.21842,
        "y":0.9103
      },
      "OutputPinColourInfo":[{"PinColour":0,"PinID":329703237}],
      "InternalData":null
    },
    {
      "Name":"NOT",
      "ID":448431485,
      "Label":"",
      "Position":{
        "x":-11.19627,
        "y":1.41306
      },
      "OutputPinColourInfo":[{"PinColour":0,"PinID":329703237}],
      "InternalData":null
    },
    {
      "Name":"NOT",
      "ID":1342646971,
      "Label":"",
      "Position":{
        "x":-10.92694,
        "y":-0.80742
      },
      "OutputPinColourInfo":[{"PinColour":0,"PinID":329703237}],
      "InternalData":null
    },
    {
      "Name":"NOT",
      "ID":40938951,
      "Label":"",
      "Position":{
        "x":-11.44417,
        "y":-3.39915
      },
      "OutputPinColourInfo":[{"PinColour":0,"PinID":329703237}],
      "InternalData":null
    },
    {
      "Name":"NOT",
      "ID":1518076908,
      "Label":"",
      "Position":{
        "x":-10.8556,
        "y":-1.30019
      },
      "OutputPinColourInfo":[{"PinColour":0,"PinID":329703237}],
      "InternalData":null
    },
    {
      "Name":"NOT",
      "ID":1513358074,
      "Label":"",
      "Position":{
        "x":-10.94478,
        "y":-2.1619
      },
      "OutputPinColourInfo":[{"PinColour":0,"PinID":329703237}],
      "InternalData":null
    },
    {
      "Name":"NOT",
      "ID":1767447618,
      "Label":"",
      "Position":{
        "x":-11.42719,
        "y":-3.85546
      },
      "OutputPinColourInfo":[{"PinColour":0,"PinID":329703237}],
      "InternalData":null
    },
    {
      "Name":"OR 3",
      "ID":1872806116,
      "Label":"",
      "Position":{
        "x":-6.20133,
        "y":-1.78622
      },
      "OutputPinColourInfo":[{"PinColour":0,"PinID":787439702}],
      "InternalData":null
    },
    {
      "Name":"NOT",
      "ID":604237493,
      "Label":"",
      "Position":{
        "x":-4.71728,
        "y":-1.77838
      },
      "OutputPinColourInfo":[{"PinColour":0,"PinID":329703237}],
      "InternalData":null
    },
    {
      "Name":"BUFFER",
      "ID":835556621,
      "Label":"",
      "Position":{
        "x":-5.94014,
        "y":7.60433
      },
      "OutputPinColourInfo":[{"PinColour":0,"PinID":1452807932},{"PinColour":0,"PinID":226763273},{"PinColour":0,"PinID":296717527},{"PinColour":0,"PinID":1357541311}],
      "InternalData":null
    },
    {
      "Name":"BUFFER",
      "ID":1550903526,
      "Label":"",
      "Position":{
        "x":-2.58282,
        "y":7.67103
      },
      "OutputPinColourInfo":[{"PinColour":0,"PinID":1452807932},{"PinColour":0,"PinID":226763273},{"PinColour":0,"PinID":296717527},{"PinColour":0,"PinID":1357541311}],
      "InternalData":null
    },
    {
      "Name":"BUFFER",
      "ID":1397680817,
      "Label":"",
      "Position":{
        "x":1.08577,
        "y":7.7155
      },
      "OutputPinColourInfo":[{"PinColour":0,"PinID":1452807932},{"PinColour":0,"PinID":226763273},{"PinColour":0,"PinID":296717527},{"PinColour":0,"PinID":1357541311}],
      "InternalData":null
    },
    {
      "Name":"BUFFER",
      "ID":1643738424,
      "Label":"",
      "Position":{
        "x":6.19957,
        "y":4.98073
      },
      "OutputPinColourInfo":[{"PinColour":0,"PinID":1452807932},{"PinColour":0,"PinID":226763273},{"PinColour":0,"PinID":296717527},{"PinColour":0,"PinID":1357541311}],
      "InternalData":null
    },
    {
      "Name":"BUS-1",
      "ID":495348413,
      "Label":"",
      "Position":{
        "x":-12.35877,
        "y":10.11831
      },
      "OutputPinColourInfo":null,
      "InternalData":[371740648,0]
    },
    {
      "Name":"BUS-TERMINUS-1",
      "ID":371740648,
      "Label":"",
      "Position":{
        "x":-5.52908,
        "y":-3.77943
      },
      "OutputPinColourInfo":null,
      "InternalData":[495348413,1]
    },
    {
      "Name":"BUS-1",
      "ID":985738049,
      "Label":"",
      "Position":{
        "x":-5.53748,
        "y":-4.15348
      },
      "OutputPinColourInfo":null,
      "InternalData":[1750018438,0]
    },
    {
      "Name":"BUS-TERMINUS-1",
      "ID":1750018438,
      "Label":"",
      "Position":{
        "x":-12.3524,
        "y":10.56093
      },
      "OutputPinColourInfo":null,
      "InternalData":[985738049,1]
    },
    {
      "Name":"BUS-1",
      "ID":665290054,
      "Label":"",
      "Position":{
        "x":-5.56563,
        "y":-4.54748
      },
      "OutputPinColourInfo":null,
      "InternalData":[2076201569,0]
    },
    {
      "Name":"BUS-TERMINUS-1",
      "ID":2076201569,
      "Label":"",
      "Position":{
        "x":-12.38055,
        "y":11.01121
      },
      "OutputPinColourInfo":null,
      "InternalData":[665290054,1]
    },
    {
      "Name":"BUS-1",
      "ID":1726020616,
      "Label":"",
      "Position":{
        "x":-5.53748,
        "y":-4.94148
      },
      "OutputPinColourInfo":null,
      "InternalData":[1253843647,0]
    },
    {
      "Name":"BUS-TERMINUS-1",
      "ID":1253843647,
      "Label":"",
      "Position":{
        "x":-12.3524,
        "y":11.48964
      },
      "OutputPinColourInfo":null,
      "InternalData":[1726020616,1]
    },
    {
      "Name":"BUFFER",
      "ID":1306425156,
      "Label":"",
      "Position":{
        "x":-11.83691,
        "y":7.66903
      },
      "OutputPinColourInfo":[{"PinColour":0,"PinID":1452807932},{"PinColour":0,"PinID":226763273},{"PinColour":0,"PinID":296717527},{"PinColour":0,"PinID":1357541311}],
      "InternalData":null
    },
    {
      "Name":"OR",
      "ID":1129714740,
      "Label":"",
      "Position":{
        "x":-5.30815,
        "y":-2.37846
      },
      "OutputPinColourInfo":[{"PinColour":0,"PinID":1686933192}],
      "InternalData":null
    }
  ],
  "Wires":[
    {
      "SourcePinAddress":{
        "PinID":1096973195,
        "PinOwnerID":797258220
      },
      "TargetPinAddress":{
        "PinID":1562534174,
        "PinOwnerID":59965905
      },
      "ConnectionType":0,
      "ConnectedWireIndex":-1,
      "ConnectedWireSegmentIndex":-1,
      "Points":[{"x":0.0,"y":0.0},{"x":0.0,"y":0.0}]
    },
    {
      "SourcePinAddress":{
        "PinID":1249444172,
        "PinOwnerID":797258220
      },
      "TargetPinAddress":{
        "PinID":152654686,
        "PinOwnerID":59965905
      },
      "ConnectionType":0,
      "ConnectedWireIndex":-1,
      "ConnectedWireSegmentIndex":-1,
      "Points":[{"x":0.0,"y":0.0},{"x":0.0,"y":0.0}]
    },
    {
      "SourcePinAddress":{
        "PinID":299378625,
        "PinOwnerID":797258220
      },
      "TargetPinAddress":{
        "PinID":1669155460,
        "PinOwnerID":59965905
      },
      "ConnectionType":0,
      "ConnectedWireIndex":-1,
      "ConnectedWireSegmentIndex":-1,
      "Points":[{"x":0.0,"y":0.0},{"x":0.0,"y":0.0}]
    },
    {
      "SourcePinAddress":{
        "PinID":1013635797,
        "PinOwnerID":797258220
      },
      "TargetPinAddress":{
        "PinID":2075257181,
        "PinOwnerID":59965905
      },
      "ConnectionType":0,
      "ConnectedWireIndex":-1,
      "ConnectedWireSegmentIndex":-1,
      "Points":[{"x":0.0,"y":0.0},{"x":0.0,"y":0.0}]
    },
    {
      "SourcePinAddress":{
        "PinID":1096973195,
        "PinOwnerID":59965905
      },
      "TargetPinAddress":{
        "PinID":1562534174,
        "PinOwnerID":2087893390
      },
      "ConnectionType":0,
      "ConnectedWireIndex":-1,
      "ConnectedWireSegmentIndex":-1,
      "Points":[{"x":0.0,"y":0.0},{"x":0.0,"y":0.0}]
    },
    {
      "SourcePinAddress":{
        "PinID":1249444172,
        "PinOwnerID":59965905
      },
      "TargetPinAddress":{
        "PinID":152654686,
        "PinOwnerID":2087893390
      },
      "ConnectionType":0,
      "ConnectedWireIndex":-1,
      "ConnectedWireSegmentIndex":-1,
      "Points":[{"x":0.0,"y":0.0},{"x":0.0,"y":0.0}]
    },
    {
      "SourcePinAddress":{
        "PinID":299378625,
        "PinOwnerID":59965905
      },
      "TargetPinAddress":{
        "PinID":1669155460,
        "PinOwnerID":2087893390
      },
      "ConnectionType":0,
      "ConnectedWireIndex":-1,
      "ConnectedWireSegmentIndex":-1,
      "Points":[{"x":0.0,"y":0.0},{"x":0.0,"y":0.0}]
    },
    {
      "SourcePinAddress":{
        "PinID":1013635797,
        "PinOwnerID":59965905
      },
      "TargetPinAddress":{
        "PinID":2075257181,
        "PinOwnerID":2087893390
      },
      "ConnectionType":0,
      "ConnectedWireIndex":-1,
      "ConnectedWireSegmentIndex":-1,
      "Points":[{"x":0.0,"y":0.0},{"x":0.0,"y":0.0}]
    },
    {
      "SourcePinAddress":{
        "PinID":1096973195,
        "PinOwnerID":2087893390
      },
      "TargetPinAddress":{
        "PinID":1562534174,
        "PinOwnerID":1243515820
      },
      "ConnectionType":0,
      "ConnectedWireIndex":-1,
      "ConnectedWireSegmentIndex":-1,
      "Points":[{"x":0.0,"y":0.0},{"x":0.0,"y":0.0}]
    },
    {
      "SourcePinAddress":{
        "PinID":1249444172,
        "PinOwnerID":2087893390
      },
      "TargetPinAddress":{
        "PinID":152654686,
        "PinOwnerID":1243515820
      },
      "ConnectionType":0,
      "ConnectedWireIndex":-1,
      "ConnectedWireSegmentIndex":-1,
      "Points":[{"x":0.0,"y":0.0},{"x":0.0,"y":0.0}]
    },
    {
      "SourcePinAddress":{
        "PinID":299378625,
        "PinOwnerID":2087893390
      },
      "TargetPinAddress":{
        "PinID":1669155460,
        "PinOwnerID":1243515820
      },
      "ConnectionType":0,
      "ConnectedWireIndex":-1,
      "ConnectedWireSegmentIndex":-1,
      "Points":[{"x":0.0,"y":0.0},{"x":0.0,"y":0.0}]
    },
    {
      "SourcePinAddress":{
        "PinID":1013635797,
        "PinOwnerID":2087893390
      },
      "TargetPinAddress":{
        "PinID":2075257181,
        "PinOwnerID":1243515820
      },
      "ConnectionType":0,
      "ConnectedWireIndex":-1,
      "ConnectedWireSegmentIndex":-1,
      "Points":[{"x":0.0,"y":0.0},{"x":0.0,"y":0.0}]
    },
    {
      "SourcePinAddress":{
        "PinID":0,
        "PinOwnerID":1756394920
      },
      "TargetPinAddress":{
        "PinID":2075257181,
        "PinOwnerID":797258220
      },
      "ConnectionType":0,
      "ConnectedWireIndex":-1,
      "ConnectedWireSegmentIndex":-1,
      "Points":[{"x":0.0,"y":0.0},{"x":0.0,"y":0.0}]
    },
    {
      "SourcePinAddress":{
        "PinID":0,
        "PinOwnerID":1183218378
      },
      "TargetPinAddress":{
        "PinID":1669155460,
        "PinOwnerID":797258220
      },
      "ConnectionType":0,
      "ConnectedWireIndex":-1,
      "ConnectedWireSegmentIndex":-1,
      "Points":[{"x":0.0,"y":0.0},{"x":0.0,"y":0.0}]
    },
    {
      "SourcePinAddress":{
        "PinID":0,
        "PinOwnerID":2003096443
      },
      "TargetPinAddress":{
        "PinID":152654686,
        "PinOwnerID":797258220
      },
      "ConnectionType":0,
      "ConnectedWireIndex":-1,
      "ConnectedWireSegmentIndex":-1,
      "Points":[{"x":0.0,"y":0.0},{"x":0.0,"y":0.0}]
    },
    {
      "SourcePinAddress":{
        "PinID":0,
        "PinOwnerID":550570479
      },
      "TargetPinAddress":{
        "PinID":1562534174,
        "PinOwnerID":797258220
      },
      "ConnectionType":0,
      "ConnectedWireIndex":-1,
      "ConnectedWireSegmentIndex":-1,
      "Points":[{"x":0.0,"y":0.0},{"x":0.0,"y":0.0}]
    },
    {
      "SourcePinAddress":{
        "PinID":0,
        "PinOwnerID":208144847
      },
      "TargetPinAddress":{
        "PinID":592835066,
        "PinOwnerID":2014235499
      },
      "ConnectionType":0,
      "ConnectedWireIndex":-1,
      "ConnectedWireSegmentIndex":-1,
      "Points":[{"x":0.0,"y":0.0},{"x":-13.70529,"y":-1.31547},{"x":-13.57213,"y":2.83163},{"x":0.0,"y":0.0}]
    },
    {
      "SourcePinAddress":{
        "PinID":329703237,
        "PinOwnerID":2014235499
      },
      "TargetPinAddress":{
        "PinID":526764071,
        "PinOwnerID":1243515820
      },
      "ConnectionType":0,
      "ConnectedWireIndex":-1,
      "ConnectedWireSegmentIndex":-1,
      "Points":[{"x":0.0,"y":0.0},{"x":1.61316,"y":2.54076},{"x":1.61316,"y":4.56338},{"x":0.0,"y":0.0}]
    },
    {
      "SourcePinAddress":{
        "PinID":329703237,
        "PinOwnerID":2014235499
      },
      "TargetPinAddress":{
        "PinID":526764071,
        "PinOwnerID":2087893390
      },
      "ConnectionType":1,
      "ConnectedWireIndex":17,
      "ConnectedWireSegmentIndex":0,
      "Points":[{"x":-2.14845,"y":2.63693},{"x":-2.09776,"y":4.51324},{"x":0.0,"y":0.0}]
    },
    {
      "SourcePinAddress":{
        "PinID":329703237,
        "PinOwnerID":2014235499
      },
      "TargetPinAddress":{
        "PinID":526764071,
        "PinOwnerID":59965905
      },
      "ConnectionType":1,
      "ConnectedWireIndex":17,
      "ConnectedWireSegmentIndex":0,
      "Points":[{"x":-6.12594,"y":2.73861},{"x":-6.09286,"y":4.49652},{"x":0.0,"y":0.0}]
    },
    {
      "SourcePinAddress":{
        "PinID":329703237,
        "PinOwnerID":2014235499
      },
      "TargetPinAddress":{
        "PinID":526764071,
        "PinOwnerID":797258220
      },
      "ConnectionType":1,
      "ConnectedWireIndex":17,
      "ConnectedWireSegmentIndex":0,
      "Points":[{"x":-9.92138,"y":2.83564},{"x":-9.93752,"y":4.68039},{"x":0.0,"y":0.0}]
    },
    {
      "SourcePinAddress":{
        "PinID":0,
        "PinOwnerID":208144847
      },
      "TargetPinAddress":{
        "PinID":1191484681,
        "PinOwnerID":1243515820
      },
      "ConnectionType":0,
      "ConnectedWireIndex":-1,
      "ConnectedWireSegmentIndex":-1,
      "Points":[{"x":0.0,"y":0.0},{"x":-13.57213,"y":-1.2584},{"x":-13.43897,"y":3.05991},{"x":-11.76491,"y":3.17405},{"x":2.00803,"y":2.90773},{"x":0.0,"y":0.0}]
    },
    {
      "SourcePinAddress":{
        "PinID":0,
        "PinOwnerID":208144847
      },
      "TargetPinAddress":{
        "PinID":1191484681,
        "PinOwnerID":2087893390
      },
      "ConnectionType":1,
      "ConnectedWireIndex":21,
      "ConnectedWireSegmentIndex":3,
      "Points":[{"x":-1.71439,"y":2.97971},{"x":0.0,"y":0.0}]
    },
    {
      "SourcePinAddress":{
        "PinID":0,
        "PinOwnerID":208144847
      },
      "TargetPinAddress":{
        "PinID":1191484681,
        "PinOwnerID":59965905
      },
      "ConnectionType":1,
      "ConnectedWireIndex":21,
      "ConnectedWireSegmentIndex":3,
      "Points":[{"x":-5.65954,"y":3.05599},{"x":0.0,"y":0.0}]
    },
    {
      "SourcePinAddress":{
        "PinID":0,
        "PinOwnerID":208144847
      },
      "TargetPinAddress":{
        "PinID":1191484681,
        "PinOwnerID":797258220
      },
      "ConnectionType":1,
      "ConnectedWireIndex":21,
      "ConnectedWireSegmentIndex":3,
      "Points":[{"x":-9.42042,"y":3.12872},{"x":0.0,"y":0.0}]
    },
    {
      "SourcePinAddress":{
        "PinID":329703237,
        "PinOwnerID":448431485
      },
      "TargetPinAddress":{
        "PinID":1765119423,
        "PinOwnerID":21894025
      },
      "ConnectionType":0,
      "ConnectedWireIndex":-1,
      "ConnectedWireSegmentIndex":-1,
      "Points":[{"x":0.0,"y":0.0},{"x":0.0,"y":0.0}]
    },
    {
      "SourcePinAddress":{
        "PinID":329703237,
        "PinOwnerID":1377496183
      },
      "TargetPinAddress":{
        "PinID":988593347,
        "PinOwnerID":21894025
      },
      "ConnectionType":0,
      "ConnectedWireIndex":-1,
      "ConnectedWireSegmentIndex":-1,
      "Points":[{"x":0.0,"y":0.0},{"x":0.0,"y":0.0}]
    },
    {
      "SourcePinAddress":{
        "PinID":329703237,
        "PinOwnerID":1474640130
      },
      "TargetPinAddress":{
        "PinID":515115463,
        "PinOwnerID":21894025
      },
      "ConnectionType":0,
      "ConnectedWireIndex":-1,
      "ConnectedWireSegmentIndex":-1,
      "Points":[{"x":0.0,"y":0.0},{"x":0.0,"y":0.0}]
    },
    {
      "SourcePinAddress":{
        "PinID":0,
        "PinOwnerID":90248477
      },
      "TargetPinAddress":{
        "PinID":106823064,
        "PinOwnerID":21894025
      },
      "ConnectionType":0,
      "ConnectedWireIndex":-1,
      "ConnectedWireSegmentIndex":-1,
      "Points":[{"x":0.0,"y":0.0},{"x":0.0,"y":0.0}]
    },
    {
      "SourcePinAddress":{
        "PinID":0,
        "PinOwnerID":881603083
      },
      "TargetPinAddress":{
        "PinID":592835066,
        "PinOwnerID":1474640130
      },
      "ConnectionType":0,
      "ConnectedWireIndex":-1,
      "ConnectedWireSegmentIndex":-1,
      "Points":[{"x":0.0,"y":0.0},{"x":0.0,"y":0.0}]
    },
    {
      "SourcePinAddress":{
        "PinID":0,
        "PinOwnerID":1938692933
      },
      "TargetPinAddress":{
        "PinID":592835066,
        "PinOwnerID":1377496183
      },
      "ConnectionType":0,
      "ConnectedWireIndex":-1,
      "ConnectedWireSegmentIndex":-1,
      "Points":[{"x":0.0,"y":0.0},{"x":0.0,"y":0.0}]
    },
    {
      "SourcePinAddress":{
        "PinID":0,
        "PinOwnerID":1240331379
      },
      "TargetPinAddress":{
        "PinID":592835066,
        "PinOwnerID":448431485
      },
      "ConnectionType":0,
      "ConnectedWireIndex":-1,
      "ConnectedWireSegmentIndex":-1,
      "Points":[{"x":0.0,"y":0.0},{"x":0.0,"y":0.0}]
    },
    {
      "SourcePinAddress":{
        "PinID":329703237,
        "PinOwnerID":1342646971
      },
      "TargetPinAddress":{
        "PinID":1765119423,
        "PinOwnerID":1453970648
      },
      "ConnectionType":0,
      "ConnectedWireIndex":-1,
      "ConnectedWireSegmentIndex":-1,
      "Points":[{"x":0.0,"y":0.0},{"x":0.0,"y":0.0}]
    },
    {
      "SourcePinAddress":{
        "PinID":329703237,
        "PinOwnerID":1518076908
      },
      "TargetPinAddress":{
        "PinID":988593347,
        "PinOwnerID":1453970648
      },
      "ConnectionType":0,
      "ConnectedWireIndex":-1,
      "ConnectedWireSegmentIndex":-1,
      "Points":[{"x":0.0,"y":0.0},{"x":0.0,"y":0.0}]
    },
    {
      "SourcePinAddress":{
        "PinID":329703237,
        "PinOwnerID":1513358074
      },
      "TargetPinAddress":{
        "PinID":106823064,
        "PinOwnerID":1453970648
      },
      "ConnectionType":0,
      "ConnectedWireIndex":-1,
      "ConnectedWireSegmentIndex":-1,
      "Points":[{"x":0.0,"y":0.0},{"x":0.0,"y":0.0}]
    },
    {
      "SourcePinAddress":{
        "PinID":329703237,
        "PinOwnerID":40938951
      },
      "TargetPinAddress":{
        "PinID":1765119423,
        "PinOwnerID":217987176
      },
      "ConnectionType":0,
      "ConnectedWireIndex":-1,
      "ConnectedWireSegmentIndex":-1,
      "Points":[{"x":0.0,"y":0.0},{"x":0.0,"y":0.0}]
    },
    {
      "SourcePinAddress":{
        "PinID":329703237,
        "PinOwnerID":1767447618
      },
      "TargetPinAddress":{
        "PinID":988593347,
        "PinOwnerID":217987176
      },
      "ConnectionType":0,
      "ConnectedWireIndex":-1,
      "ConnectedWireSegmentIndex":-1,
      "Points":[{"x":0.0,"y":0.0},{"x":0.0,"y":0.0}]
    },
    {
      "SourcePinAddress":{
        "PinID":0,
        "PinOwnerID":90248477
      },
      "TargetPinAddress":{
        "PinID":106823064,
        "PinOwnerID":217987176
      },
      "ConnectionType":1,
      "ConnectedWireIndex":28,
      "ConnectedWireSegmentIndex":0,
      "Points":[{"x":-13.30073,"y":-0.1559},{"x":-13.12155,"y":-4.46186},{"x":0.0,"y":0.0}]
    },
    {
      "SourcePinAddress":{
        "PinID":0,
        "PinOwnerID":881603083
      },
      "TargetPinAddress":{
        "PinID":515115463,
        "PinOwnerID":217987176
      },
      "ConnectionType":1,
      "ConnectedWireIndex":29,
      "ConnectedWireSegmentIndex":0,
      "Points":[{"x":-13.13905,"y":0.34479},{"x":-12.9967,"y":-4.30135},{"x":0.0,"y":0.0}]
    },
    {
      "SourcePinAddress":{
        "PinID":0,
        "PinOwnerID":881603083
      },
      "TargetPinAddress":{
        "PinID":515115463,
        "PinOwnerID":1453970648
      },
      "ConnectionType":1,
      "ConnectedWireIndex":38,
      "ConnectedWireSegmentIndex":0,
      "Points":[{"x":-13.0688,"y":-1.9482},{"x":0.0,"y":0.0}]
    },
    {
      "SourcePinAddress":{
        "PinID":0,
        "PinOwnerID":90248477
      },
      "TargetPinAddress":{
        "PinID":592835066,
        "PinOwnerID":1513358074
      },
      "ConnectionType":1,
      "ConnectedWireIndex":37,
      "ConnectedWireSegmentIndex":0,
      "Points":[{"x":-13.21434,"y":-2.23185},{"x":0.0,"y":0.0}]
    },
    {
      "SourcePinAddress":{
        "PinID":0,
        "PinOwnerID":1938692933
      },
      "TargetPinAddress":{
        "PinID":592835066,
        "PinOwnerID":1767447618
      },
      "ConnectionType":1,
      "ConnectedWireIndex":30,
      "ConnectedWireSegmentIndex":0,
      "Points":[{"x":-13.01445,"y":0.8841},{"x":-12.80051,"y":-3.89113},{"x":0.0,"y":0.0}]
    },
    {
      "SourcePinAddress":{
        "PinID":0,
        "PinOwnerID":1938692933
      },
      "TargetPinAddress":{
        "PinID":592835066,
        "PinOwnerID":1518076908
      },
      "ConnectionType":1,
      "ConnectedWireIndex":41,
      "ConnectedWireSegmentIndex":0,
      "Points":[{"x":-12.91237,"y":-1.3944},{"x":0.0,"y":0.0}]
    },
    {
      "SourcePinAddress":{
        "PinID":0,
        "PinOwnerID":1240331379
      },
      "TargetPinAddress":{
        "PinID":592835066,
        "PinOwnerID":40938951
      },
      "ConnectionType":1,
      "ConnectedWireIndex":31,
      "ConnectedWireSegmentIndex":0,
      "Points":[{"x":-12.83612,"y":1.40798},{"x":-12.58648,"y":-3.44525},{"x":0.0,"y":0.0}]
    },
    {
      "SourcePinAddress":{
        "PinID":0,
        "PinOwnerID":1240331379
      },
      "TargetPinAddress":{
        "PinID":592835066,
        "PinOwnerID":1342646971
      },
      "ConnectionType":1,
      "ConnectedWireIndex":43,
      "ConnectedWireSegmentIndex":0,
      "Points":[{"x":-12.72054,"y":-0.83901},{"x":0.0,"y":0.0}]
    },
    {
      "SourcePinAddress":{
        "PinID":1601937676,
        "PinOwnerID":21894025
      },
      "TargetPinAddress":{
        "PinID":1116892438,
        "PinOwnerID":1872806116
      },
      "ConnectionType":0,
      "ConnectedWireIndex":-1,
      "ConnectedWireSegmentIndex":-1,
      "Points":[{"x":0.0,"y":0.0},{"x":0.0,"y":0.0}]
    },
    {
      "SourcePinAddress":{
        "PinID":1601937676,
        "PinOwnerID":1453970648
      },
      "TargetPinAddress":{
        "PinID":851630336,
        "PinOwnerID":1872806116
      },
      "ConnectionType":0,
      "ConnectedWireIndex":-1,
      "ConnectedWireSegmentIndex":-1,
      "Points":[{"x":0.0,"y":0.0},{"x":0.0,"y":0.0}]
    },
    {
      "SourcePinAddress":{
        "PinID":1601937676,
        "PinOwnerID":217987176
      },
      "TargetPinAddress":{
        "PinID":1042965712,
        "PinOwnerID":1872806116
      },
      "ConnectionType":0,
      "ConnectedWireIndex":-1,
      "ConnectedWireSegmentIndex":-1,
      "Points":[{"x":0.0,"y":0.0},{"x":0.0,"y":0.0}]
    },
    {
      "SourcePinAddress":{
        "PinID":1096973195,
        "PinOwnerID":797258220
      },
      "TargetPinAddress":{
        "PinID":1612656153,
        "PinOwnerID":835556621
      },
      "ConnectionType":1,
      "ConnectedWireIndex":0,
      "ConnectedWireSegmentIndex":0,
      "Points":[{"x":-7.6952,"y":5.63068},{"x":-7.71885,"y":8.09347},{"x":0.0,"y":0.0}]
    },
    {
      "SourcePinAddress":{
        "PinID":1249444172,
        "PinOwnerID":797258220
      },
      "TargetPinAddress":{
        "PinID":1957625802,
        "PinOwnerID":835556621
      },
      "ConnectionType":1,
      "ConnectedWireIndex":1,
      "ConnectedWireSegmentIndex":0,
      "Points":[{"x":-7.43,"y":5.23751},{"x":-7.49651,"y":7.82666},{"x":0.0,"y":0.0}]
    },
    {
      "SourcePinAddress":{
        "PinID":299378625,
        "PinOwnerID":797258220
      },
      "TargetPinAddress":{
        "PinID":2097091608,
        "PinOwnerID":835556621
      },
      "ConnectionType":1,
      "ConnectedWireIndex":2,
      "ConnectedWireSegmentIndex":0,
      "Points":[{"x":-7.13996,"y":4.88197},{"x":-7.29641,"y":7.60433},{"x":0.0,"y":0.0}]
    },
    {
      "SourcePinAddress":{
        "PinID":1013635797,
        "PinOwnerID":797258220
      },
      "TargetPinAddress":{
        "PinID":1308145196,
        "PinOwnerID":835556621
      },
      "ConnectionType":1,
      "ConnectedWireIndex":3,
      "ConnectedWireSegmentIndex":0,
      "Points":[{"x":-6.93971,"y":4.55192},{"x":-7.0963,"y":7.29305},{"x":0.0,"y":0.0}]
    },
    {
      "SourcePinAddress":{
        "PinID":1601937676,
        "PinOwnerID":21894025
      },
      "TargetPinAddress":{
        "PinID":584552999,
        "PinOwnerID":835556621
      },
      "ConnectionType":1,
      "ConnectedWireIndex":45,
      "ConnectedWireSegmentIndex":0,
      "Points":[{"x":-8.4311,"y":0.17738},{"x":-6.62939,"y":1.66788},{"x":-6.87396,"y":7.07071},{"x":0.0,"y":0.0}]
    },
    {
      "SourcePinAddress":{
        "PinID":1096973195,
        "PinOwnerID":59965905
      },
      "TargetPinAddress":{
        "PinID":1612656153,
        "PinOwnerID":1550903526
      },
      "ConnectionType":1,
      "ConnectedWireIndex":4,
      "ConnectedWireSegmentIndex":0,
      "Points":[{"x":-3.85008,"y":5.51903},{"x":-3.91686,"y":8.24911},{"x":0.0,"y":0.0}]
    },
    {
      "SourcePinAddress":{
        "PinID":1249444172,
        "PinOwnerID":59965905
      },
      "TargetPinAddress":{
        "PinID":1957625802,
        "PinOwnerID":1550903526
      },
      "ConnectionType":1,
      "ConnectedWireIndex":5,
      "ConnectedWireSegmentIndex":0,
      "Points":[{"x":-3.69603,"y":5.13659},{"x":-3.73899,"y":8.00454},{"x":0.0,"y":0.0}]
    },
    {
      "SourcePinAddress":{
        "PinID":299378625,
        "PinOwnerID":59965905
      },
      "TargetPinAddress":{
        "PinID":2097091608,
        "PinOwnerID":1550903526
      },
      "ConnectionType":1,
      "ConnectedWireIndex":6,
      "ConnectedWireSegmentIndex":0,
      "Points":[{"x":-3.49429,"y":4.7797},{"x":-3.56111,"y":7.75996},{"x":0.0,"y":0.0}]
    },
    {
      "SourcePinAddress":{
        "PinID":1013635797,
        "PinOwnerID":59965905
      },
      "TargetPinAddress":{
        "PinID":1308145196,
        "PinOwnerID":1550903526
      },
      "ConnectionType":1,
      "ConnectedWireIndex":7,
      "ConnectedWireSegmentIndex":0,
      "Points":[{"x":-3.29857,"y":4.44697},{"x":-3.44994,"y":7.47092},{"x":0.0,"y":0.0}]
    },
    {
      "SourcePinAddress":{
        "PinID":1601937676,
        "PinOwnerID":1453970648
      },
      "TargetPinAddress":{
        "PinID":584552999,
        "PinOwnerID":1550903526
      },
      "ConnectionType":1,
      "ConnectedWireIndex":46,
      "ConnectedWireSegmentIndex":0,
      "Points":[{"x":-7.60661,"y":-1.75937},{"x":-2.9608,"y":1.46777},{"x":0.0,"y":0.0}]
    },
    {
      "SourcePinAddress":{
        "PinID":1096973195,
        "PinOwnerID":2087893390
      },
      "TargetPinAddress":{
        "PinID":1612656153,
        "PinOwnerID":1397680817
      },
      "ConnectionType":1,
      "ConnectedWireIndex":8,
      "ConnectedWireSegmentIndex":0,
      "Points":[{"x":-0.04813,"y":5.52893},{"x":-0.11486,"y":8.24911},{"x":0.0,"y":0.0}]
    },
    {
      "SourcePinAddress":{
        "PinID":1249444172,
        "PinOwnerID":2087893390
      },
      "TargetPinAddress":{
        "PinID":1957625802,
        "PinOwnerID":1397680817
      },
      "ConnectionType":1,
      "ConnectedWireIndex":9,
      "ConnectedWireSegmentIndex":0,
      "Points":[{"x":0.06277,"y":5.13963},{"x":-0.00369,"y":8.049},{"x":0.0,"y":0.0}]
    },
    {
      "SourcePinAddress":{
        "PinID":299378625,
        "PinOwnerID":2087893390
      },
      "TargetPinAddress":{
        "PinID":2097091608,
        "PinOwnerID":1397680817
      },
      "ConnectionType":1,
      "ConnectedWireIndex":10,
      "ConnectedWireSegmentIndex":0,
      "Points":[{"x":0.2664,"y":4.78065},{"x":0.12971,"y":7.7822},{"x":0.0,"y":0.0}]
    },
    {
      "SourcePinAddress":{
        "PinID":1013635797,
        "PinOwnerID":2087893390
      },
      "TargetPinAddress":{
        "PinID":1308145196,
        "PinOwnerID":1397680817
      },
      "ConnectionType":1,
      "ConnectedWireIndex":11,
      "ConnectedWireSegmentIndex":0,
      "Points":[{"x":0.39893,"y":4.43629},{"x":0.24088,"y":7.42645},{"x":0.0,"y":0.0}]
    },
    {
      "SourcePinAddress":{
        "PinID":1601937676,
        "PinOwnerID":217987176
      },
      "TargetPinAddress":{
        "PinID":584552999,
        "PinOwnerID":1397680817
      },
      "ConnectionType":1,
      "ConnectedWireIndex":47,
      "ConnectedWireSegmentIndex":0,
      "Points":[{"x":-7.36586,"y":-2.84291},{"x":1.01907,"y":-2.5788},{"x":0.0,"y":0.0}]
    },
    {
      "SourcePinAddress":{
        "PinID":1096973195,
        "PinOwnerID":1243515820
      },
      "TargetPinAddress":{
        "PinID":1612656153,
        "PinOwnerID":1643738424
      },
      "ConnectionType":0,
      "ConnectedWireIndex":-1,
      "ConnectedWireSegmentIndex":-1,
      "Points":[{"x":0.0,"y":0.0},{"x":0.0,"y":0.0}]
    },
    {
      "SourcePinAddress":{
        "PinID":1249444172,
        "PinOwnerID":1243515820
      },
      "TargetPinAddress":{
        "PinID":1957625802,
        "PinOwnerID":1643738424
      },
      "ConnectionType":0,
      "ConnectedWireIndex":-1,
      "ConnectedWireSegmentIndex":-1,
      "Points":[{"x":0.0,"y":0.0},{"x":0.0,"y":0.0}]
    },
    {
      "SourcePinAddress":{
        "PinID":299378625,
        "PinOwnerID":1243515820
      },
      "TargetPinAddress":{
        "PinID":2097091608,
        "PinOwnerID":1643738424
      },
      "ConnectionType":0,
      "ConnectedWireIndex":-1,
      "ConnectedWireSegmentIndex":-1,
      "Points":[{"x":0.0,"y":0.0},{"x":0.0,"y":0.0}]
    },
    {
      "SourcePinAddress":{
        "PinID":1013635797,
        "PinOwnerID":1243515820
      },
      "TargetPinAddress":{
        "PinID":1308145196,
        "PinOwnerID":1643738424
      },
      "ConnectionType":0,
      "ConnectedWireIndex":-1,
      "ConnectedWireSegmentIndex":-1,
      "Points":[{"x":0.0,"y":0.0},{"x":0.0,"y":0.0}]
    },
    {
      "SourcePinAddress":{
        "PinID":329703237,
        "PinOwnerID":604237493
      },
      "TargetPinAddress":{
        "PinID":584552999,
        "PinOwnerID":1643738424
      },
      "ConnectionType":0,
      "ConnectedWireIndex":-1,
      "ConnectedWireSegmentIndex":-1,
      "Points":[{"x":0.0,"y":0.0},{"x":4.57649,"y":-1.53381},{"x":4.62096,"y":4.29148},{"x":0.0,"y":0.0}]
    },
    {
      "SourcePinAddress":{
        "PinID":1,
        "PinOwnerID":1726020616
      },
      "TargetPinAddress":{
        "PinID":0,
        "PinOwnerID":1253843647
      },
      "ConnectionType":0,
      "ConnectedWireIndex":-1,
      "ConnectedWireSegmentIndex":-1,
      "Points":[{"x":0.0,"y":0.0},{"x":10.07528,"y":-4.85705},{"x":10.13156,"y":11.57843},{"x":0.0,"y":0.0}]
    },
    {
      "SourcePinAddress":{
        "PinID":1,
        "PinOwnerID":665290054
      },
      "TargetPinAddress":{
        "PinID":0,
        "PinOwnerID":2076201569
      },
      "ConnectionType":0,
      "ConnectedWireIndex":-1,
      "ConnectedWireSegmentIndex":-1,
      "Points":[{"x":0.0,"y":0.0},{"x":9.79385,"y":-4.37862},{"x":9.79385,"y":11.35328},{"x":0.0,"y":0.0}]
    },
    {
      "SourcePinAddress":{
        "PinID":1,
        "PinOwnerID":985738049
      },
      "TargetPinAddress":{
        "PinID":0,
        "PinOwnerID":1750018438
      },
      "ConnectionType":0,
      "ConnectedWireIndex":-1,
      "ConnectedWireSegmentIndex":-1,
      "Points":[{"x":0.0,"y":0.0},{"x":9.42799,"y":-4.06905},{"x":9.42799,"y":10.93114},{"x":0.0,"y":0.0}]
    },
    {
      "SourcePinAddress":{
        "PinID":1,
        "PinOwnerID":495348413
      },
      "TargetPinAddress":{
        "PinID":0,
        "PinOwnerID":371740648
      },
      "ConnectionType":0,
      "ConnectedWireIndex":-1,
      "ConnectedWireSegmentIndex":-1,
      "Points":[{"x":0.0,"y":0.0},{"x":9.09027,"y":10.67785},{"x":8.9777,"y":-3.64691},{"x":0.0,"y":0.0}]
    },
    {
      "SourcePinAddress":{
        "PinID":1452807932,
        "PinOwnerID":1643738424
      },
      "TargetPinAddress":{
        "PinID":0,
        "PinOwnerID":1726020616
      },
      "ConnectionType":2,
      "ConnectedWireIndex":68,
      "ConnectedWireSegmentIndex":1,
      "Points":[{"x":0.0,"y":0.0},{"x":10.11084,"y":5.52757}]
    },
    {
      "SourcePinAddress":{
        "PinID":226763273,
        "PinOwnerID":1643738424
      },
      "TargetPinAddress":{
        "PinID":0,
        "PinOwnerID":665290054
      },
      "ConnectionType":2,
      "ConnectedWireIndex":69,
      "ConnectedWireSegmentIndex":1,
      "Points":[{"x":0.0,"y":0.0},{"x":9.79385,"y":5.13369}]
    },
    {
      "SourcePinAddress":{
        "PinID":296717527,
        "PinOwnerID":1643738424
      },
      "TargetPinAddress":{
        "PinID":0,
        "PinOwnerID":985738049
      },
      "ConnectionType":2,
      "ConnectedWireIndex":70,
      "ConnectedWireSegmentIndex":1,
      "Points":[{"x":0.0,"y":0.0},{"x":9.42799,"y":4.76783}]
    },
    {
      "SourcePinAddress":{
        "PinID":1357541311,
        "PinOwnerID":1643738424
      },
      "TargetPinAddress":{
        "PinID":0,
        "PinOwnerID":495348413
      },
      "ConnectionType":2,
      "ConnectedWireIndex":71,
      "ConnectedWireSegmentIndex":1,
      "Points":[{"x":0.0,"y":0.0},{"x":9.04073,"y":4.37378}]
    },
    {
      "SourcePinAddress":{
        "PinID":1452807932,
        "PinOwnerID":1397680817
      },
      "TargetPinAddress":{
        "PinID":0,
        "PinOwnerID":1726020616
      },
      "ConnectionType":2,
      "ConnectedWireIndex":68,
      "ConnectedWireSegmentIndex":2,
      "Points":[{"x":0.0,"y":0.0},{"x":1.60398,"y":11.54455}]
    },
    {
      "SourcePinAddress":{
        "PinID":226763273,
        "PinOwnerID":1397680817
      },
      "TargetPinAddress":{
        "PinID":0,
        "PinOwnerID":665290054
      },
      "ConnectionType":2,
      "ConnectedWireIndex":69,
      "ConnectedWireSegmentIndex":2,
      "Points":[{"x":0.0,"y":0.0},{"x":2.08268,"y":7.86356},{"x":1.99695,"y":11.23227}]
    },
    {
      "SourcePinAddress":{
        "PinID":296717527,
        "PinOwnerID":1397680817
      },
      "TargetPinAddress":{
        "PinID":0,
        "PinOwnerID":985738049
      },
      "ConnectionType":2,
      "ConnectedWireIndex":70,
      "ConnectedWireSegmentIndex":2,
      "Points":[{"x":0.0,"y":0.0},{"x":2.39225,"y":7.52584},{"x":2.33527,"y":10.80983}]
    },
    {
      "SourcePinAddress":{
        "PinID":1357541311,
        "PinOwnerID":1397680817
      },
      "TargetPinAddress":{
        "PinID":0,
        "PinOwnerID":495348413
      },
      "ConnectionType":2,
      "ConnectedWireIndex":71,
      "ConnectedWireSegmentIndex":0,
      "Points":[{"x":0.0,"y":0.0},{"x":2.8144,"y":7.24441},{"x":2.75574,"y":10.51156}]
    },
    {
      "SourcePinAddress":{
        "PinID":1452807932,
        "PinOwnerID":1550903526
      },
      "TargetPinAddress":{
        "PinID":0,
        "PinOwnerID":1726020616
      },
      "ConnectionType":2,
      "ConnectedWireIndex":68,
      "ConnectedWireSegmentIndex":2,
      "Points":[{"x":0.0,"y":0.0},{"x":-2.02653,"y":11.53013}]
    },
    {
      "SourcePinAddress":{
        "PinID":226763273,
        "PinOwnerID":1550903526
      },
      "TargetPinAddress":{
        "PinID":0,
        "PinOwnerID":665290054
      },
      "ConnectionType":2,
      "ConnectedWireIndex":69,
      "ConnectedWireSegmentIndex":2,
      "Points":[{"x":0.0,"y":0.0},{"x":-1.51962,"y":7.86356},{"x":-1.57766,"y":11.17679}]
    },
    {
      "SourcePinAddress":{
        "PinID":296717527,
        "PinOwnerID":1550903526
      },
      "TargetPinAddress":{
        "PinID":0,
        "PinOwnerID":985738049
      },
      "ConnectionType":2,
      "ConnectedWireIndex":70,
      "ConnectedWireSegmentIndex":2,
      "Points":[{"x":0.0,"y":0.0},{"x":-1.26633,"y":7.52584},{"x":-1.23921,"y":10.74869}]
    },
    {
      "SourcePinAddress":{
        "PinID":1357541311,
        "PinOwnerID":1550903526
      },
      "TargetPinAddress":{
        "PinID":0,
        "PinOwnerID":495348413
      },
      "ConnectionType":2,
      "ConnectedWireIndex":71,
      "ConnectedWireSegmentIndex":0,
      "Points":[{"x":0.0,"y":0.0},{"x":-1.04119,"y":7.18813},{"x":-0.98941,"y":10.41324}]
    },
    {
      "SourcePinAddress":{
        "PinID":1452807932,
        "PinOwnerID":835556621
      },
      "TargetPinAddress":{
        "PinID":0,
        "PinOwnerID":1726020616
      },
      "ConnectionType":2,
      "ConnectedWireIndex":68,
      "ConnectedWireSegmentIndex":2,
      "Points":[{"x":0.0,"y":0.0},{"x":-5.00934,"y":8.14499},{"x":-5.12214,"y":11.51783}]
    },
    {
      "SourcePinAddress":{
        "PinID":226763273,
        "PinOwnerID":835556621
      },
      "TargetPinAddress":{
        "PinID":0,
        "PinOwnerID":665290054
      },
      "ConnectionType":2,
      "ConnectedWireIndex":69,
      "ConnectedWireSegmentIndex":2,
      "Points":[{"x":0.0,"y":0.0},{"x":-4.7842,"y":7.77913},{"x":-4.78526,"y":11.127}]
    },
    {
      "SourcePinAddress":{
        "PinID":296717527,
        "PinOwnerID":835556621
      },
      "TargetPinAddress":{
        "PinID":0,
        "PinOwnerID":985738049
      },
      "ConnectionType":2,
      "ConnectedWireIndex":70,
      "ConnectedWireSegmentIndex":2,
      "Points":[{"x":0.0,"y":0.0},{"x":-4.53091,"y":7.46956},{"x":-4.47616,"y":10.69333}]
    },
    {
      "SourcePinAddress":{
        "PinID":1357541311,
        "PinOwnerID":835556621
      },
      "TargetPinAddress":{
        "PinID":0,
        "PinOwnerID":495348413
      },
      "ConnectionType":2,
      "ConnectedWireIndex":71,
      "ConnectedWireSegmentIndex":0,
      "Points":[{"x":0.0,"y":0.0},{"x":-4.16505,"y":7.15998},{"x":-4.2275,"y":10.32823}]
    },
    {
      "SourcePinAddress":{
        "PinID":1,
        "PinOwnerID":495348413
      },
      "TargetPinAddress":{
        "PinID":0,
        "PinOwnerID":688080210
      },
      "ConnectionType":1,
      "ConnectedWireIndex":71,
      "ConnectedWireSegmentIndex":1,
      "Points":[{"x":9.01618,"y":1.24965},{"x":0.0,"y":0.0}]
    },
    {
      "SourcePinAddress":{
        "PinID":1,
        "PinOwnerID":1726020616
      },
      "TargetPinAddress":{
        "PinID":0,
        "PinOwnerID":83607915
      },
      "ConnectionType":1,
      "ConnectedWireIndex":68,
      "ConnectedWireSegmentIndex":1,
      "Points":[{"x":10.10327,"y":3.31621},{"x":0.0,"y":0.0}]
    },
    {
      "SourcePinAddress":{
        "PinID":1,
        "PinOwnerID":665290054
      },
      "TargetPinAddress":{
        "PinID":0,
        "PinOwnerID":36221815
      },
      "ConnectionType":1,
      "ConnectedWireIndex":69,
      "ConnectedWireSegmentIndex":1,
      "Points":[{"x":9.79385,"y":2.57438},{"x":0.0,"y":0.0}]
    },
    {
      "SourcePinAddress":{
        "PinID":1,
        "PinOwnerID":985738049
      },
      "TargetPinAddress":{
        "PinID":0,
        "PinOwnerID":1058707858
      },
      "ConnectionType":1,
      "ConnectedWireIndex":70,
      "ConnectedWireSegmentIndex":1,
      "Points":[{"x":9.42799,"y":1.88548},{"x":0.0,"y":0.0}]
    },
    {
      "SourcePinAddress":{
        "PinID":0,
        "PinOwnerID":364823570
      },
      "TargetPinAddress":{
        "PinID":584552999,
        "PinOwnerID":1306425156
      },
      "ConnectionType":0,
      "ConnectedWireIndex":-1,
      "ConnectedWireSegmentIndex":-1,
      "Points":[{"x":0.0,"y":0.0},{"x":-11.94796,"y":-5.97464},{"x":-12.03342,"y":-5.20551},{"x":-18.78471,"y":-5.09156},{"x":-19.04109,"y":7.01518},{"x":0.0,"y":0.0}]
    },
    {
      "SourcePinAddress":{
        "PinID":0,
        "PinOwnerID":550570479
      },
      "TargetPinAddress":{
        "PinID":1612656153,
        "PinOwnerID":1306425156
      },
      "ConnectionType":1,
      "ConnectedWireIndex":15,
      "ConnectedWireSegmentIndex":0,
      "Points":[{"x":-13.13928,"y":6.55008},{"x":-13.23288,"y":8.24936},{"x":0.0,"y":0.0}]
    },
    {
      "SourcePinAddress":{
        "PinID":0,
        "PinOwnerID":2003096443
      },
      "TargetPinAddress":{
        "PinID":1957625802,
        "PinOwnerID":1306425156
      },
      "ConnectionType":1,
      "ConnectedWireIndex":14,
      "ConnectedWireSegmentIndex":0,
      "Points":[{"x":-12.93205,"y":5.98475},{"x":-13.13478,"y":7.96732},{"x":0.0,"y":0.0}]
    },
    {
      "SourcePinAddress":{
        "PinID":0,
        "PinOwnerID":1183218378
      },
      "TargetPinAddress":{
        "PinID":2097091608,
        "PinOwnerID":1306425156
      },
      "ConnectionType":1,
      "ConnectedWireIndex":13,
      "ConnectedWireSegmentIndex":0,
      "Points":[{"x":-12.69392,"y":5.45927},{"x":-12.90179,"y":7.64849},{"x":0.0,"y":0.0}]
    },
    {
      "SourcePinAddress":{
        "PinID":0,
        "PinOwnerID":1756394920
      },
      "TargetPinAddress":{
        "PinID":1308145196,
        "PinOwnerID":1306425156
      },
      "ConnectionType":1,
      "ConnectedWireIndex":12,
      "ConnectedWireSegmentIndex":0,
      "Points":[{"x":-12.47297,"y":4.95538},{"x":-12.77917,"y":7.46456},{"x":0.0,"y":0.0}]
    },
    {
      "SourcePinAddress":{
        "PinID":1452807932,
        "PinOwnerID":1306425156
      },
      "TargetPinAddress":{
        "PinID":0,
        "PinOwnerID":1726020616
      },
      "ConnectionType":2,
      "ConnectedWireIndex":68,
      "ConnectedWireSegmentIndex":2,
      "Points":[{"x":0.0,"y":0.0},{"x":-11.24331,"y":11.49351}]
    },
    {
      "SourcePinAddress":{
        "PinID":226763273,
        "PinOwnerID":1306425156
      },
      "TargetPinAddress":{
        "PinID":0,
        "PinOwnerID":665290054
      },
      "ConnectionType":2,
      "ConnectedWireIndex":69,
      "ConnectedWireSegmentIndex":2,
      "Points":[{"x":0.0,"y":0.0},{"x":-10.80394,"y":7.81801},{"x":-10.83754,"y":11.03307}]
    },
    {
      "SourcePinAddress":{
        "PinID":296717527,
        "PinOwnerID":1306425156
      },
      "TargetPinAddress":{
        "PinID":0,
        "PinOwnerID":985738049
      },
      "ConnectionType":2,
      "ConnectedWireIndex":70,
      "ConnectedWireSegmentIndex":2,
      "Points":[{"x":0.0,"y":0.0},{"x":-10.21234,"y":7.49685},{"x":-10.26283,"y":10.59436}]
    },
    {
      "SourcePinAddress":{
        "PinID":1357541311,
        "PinOwnerID":1306425156
      },
      "TargetPinAddress":{
        "PinID":0,
        "PinOwnerID":495348413
      },
      "ConnectionType":2,
      "ConnectedWireIndex":71,
      "ConnectedWireSegmentIndex":0,
      "Points":[{"x":0.0,"y":0.0},{"x":-9.87428,"y":7.09118},{"x":-9.94084,"y":10.17824}]
    },
    {
      "SourcePinAddress":{
        "PinID":787439702,
        "PinOwnerID":1872806116
      },
      "TargetPinAddress":{
        "PinID":977249482,
        "PinOwnerID":1129714740
      },
      "ConnectionType":0,
      "ConnectedWireIndex":-1,
      "ConnectedWireSegmentIndex":-1,
      "Points":[{"x":0.0,"y":0.0},{"x":-5.57458,"y":-2.13646},{"x":0.0,"y":0.0}]
    },
    {
      "SourcePinAddress":{
        "PinID":1686933192,
        "PinOwnerID":1129714740
      },
      "TargetPinAddress":{
        "PinID":592835066,
        "PinOwnerID":604237493
      },
      "ConnectionType":0,
      "ConnectedWireIndex":-1,
      "ConnectedWireSegmentIndex":-1,
      "Points":[{"x":0.0,"y":0.0},{"x":0.0,"y":0.0}]
    },
    {
      "SourcePinAddress":{
        "PinID":0,
        "PinOwnerID":364823570
      },
      "TargetPinAddress":{
        "PinID":643740030,
        "PinOwnerID":1129714740
      },
      "ConnectionType":1,
      "ConnectedWireIndex":92,
      "ConnectedWireSegmentIndex":1,
      "Points":[{"x":-12.00881,"y":-5.42702},{"x":-7.10157,"y":-5.31773},{"x":-6.56162,"y":-2.47399},{"x":0.0,"y":0.0}]
    }
  ],
  "Displays": null
}