{
  "DLSVersion": "2.1.6",
  "Name": "Sign Conv",
  "NameLocation": 0,
  "ChipType": 0,
  "Size": {
    "x": 1.025,
    "y": 1.25
  },
  "Colour": {
    "r": 0.398223668,
    "g": 0.7400323,
    "b": 0.06475153,
    "a": 1
  },
  "InputPins":[
    {
      "Name":"A3",
      "ID":1257358748,
      "Position":{
        "x":-10.5528,
        "y":1.02401
      },
      "BitCount":1,
      "Colour":0,
      "ValueDisplayMode":0
    },
    {
      "Name":"A2",
      "ID":301589737,
      "Position":{
        "x":-10.5528,
        "y":-0.28347
      },
      "BitCount":1,
      "Colour":0,
      "ValueDisplayMode":0
    },
    {
      "Name":"A1",
      "ID":845527334,
      "Position":{
        "x":-10.5528,
        "y":-1.61429
      },
      "BitCount":1,
      "Colour":0,
      "ValueDisplayMode":0
    },
    {
      "Name":"A0",
      "ID":546247664,
      "Position":{
        "x":-10.62167,
        "y":-3.99537
      },
      "BitCount":1,
      "Colour":0,
      "ValueDisplayMode":0
    }
  ],
  "OutputPins":[
    {
      "Name":"NEG",
      "ID":1511199624,
      "Position":{
        "x":6.25175,
        "y":1.12907
      },
      "BitCount":1,
      "Colour":0,
      "ValueDisplayMode":0
    },
    {
      "Name":"M3",
      "ID":1988762961,
      "Position":{
        "x":6.30684,
        "y":-0.99046
      },
      "BitCount":1,
      "Colour":0,
      "ValueDisplayMode":0
    },
    {
      "Name":"M2",
      "ID":966748674,
      "Position":{
        "x":6.30684,
        "y":-1.95939
      },
      "BitCount":1,
      "Colour":0,
      "ValueDisplayMode":0
    },
    {
      "Name":"M1",
      "ID":839966700,
      "Position":{
        "x":6.30684,
        "y":-2.82326
      },
      "BitCount":1,
      "Colour":0,
      "ValueDisplayMode":0
    },
    {
      "Name":"M0",
      "ID":2138775096,
      "Position":{
        "x":6.30684,
        "y":-3.95563
      },
      "BitCount":1,
      "Colour":0,
      "ValueDisplayMode":0
    }
  ],
  "SubChips":[
    {
      "Name":"XOR",
      "ID":1714544210,
      "Label":"",
      "Position":{
        "x":0.69662,
        "y":-1.45333
      },
      "OutputPinColourInfo":[{"PinColour":0,"PinID":1205674528}],
      "InternalData":null
    },
    {
      "Name":"XOR",
      "ID":512759074,
      "Label":"",
      "Position":{
        "x":-1.61718,
        "y":-1.0677
      },
      "OutputPinColourInfo":[{"PinColour":0,"PinID":1205674528}],
      "InternalData":null
    },
    {
      "Name":"AND 3",
      "ID":2143296723,
      "Label":"",
      "Position":{
        "x":-1.65849,
        "y":-1.89405
      },
      "OutputPinColourInfo":[{"PinColour":0,"PinID":736417241}],
      "InternalData":null
    },
    {
      "Name":"NOT",
      "ID":610565971,
      "Label":"",
      "Position":{
        "x":-3.33875,
        "y":-2.19705
      },
      "OutputPinColourInfo":[{"PinColour":0,"PinID":329703237}],
      "InternalData":null
    },
    {
      "Name":"NOT",
      "ID":1435544342,
      "Label":"",
      "Position":{
        "x":-3.31121,
        "y":-1.74255
      },
      "OutputPinColourInfo":[{"PinColour":0,"PinID":329703237}],
      "InternalData":null
    },
    {
      "Name":"AND",
      "ID":1265609414,
      "Label":"",
      "Position":{
        "x":-1.43813,
        "y":0.86047
      },
      "OutputPinColourInfo":[{"PinColour":0,"PinID":1834173622}],
      "InternalData":null
    },
    {
      "Name":"AND",
      "ID":2024326752,
      "Label":"",
      "Position":{
        "x":-1.45191,
        "y":-0.08984
      },
      "OutputPinColourInfo":[{"PinColour":0,"PinID":1834173622}],
      "InternalData":null
    },
    {
      "Name":"NOT",
      "ID":2032068195,
      "Label":"",
      "Position":{
        "x":-2.93935,
        "y":0.73651
      },
      "OutputPinColourInfo":[{"PinColour":0,"PinID":329703237}],
      "InternalData":null
    },
    {
      "Name":"NOT",
      "ID":1405814528,
      "Label":"",
      "Position":{
        "x":-2.93935,
        "y":0.19938
      },
      "OutputPinColourInfo":[{"PinColour":0,"PinID":329703237}],
      "InternalData":null
    },
    {
      "Name":"NOT",
      "ID":2064077234,
      "Label":"",
      "Position":{
        "x":-2.93935,
        "y":-0.25511
      },
      "OutputPinColourInfo":[{"PinColour":0,"PinID":329703237}],
      "InternalData":null
    },
    {
      "Name":"AND",
      "ID":1241573908,
      "Label":"",
      "Position":{
        "x":0.14571,
        "y":0.18561
      },
      "OutputPinColourInfo":[{"PinColour":0,"PinID":1834173622}],
      "InternalData":null
    },
    {
      "Name":"XOR",
      "ID":631321481,
      "Label":"",
      "Position":{
        "x":-3.97229,
        "y":-2.99586
      },
      "OutputPinColourInfo":[{"PinColour":0,"PinID":1205674528}],
      "InternalData":null
    },
    {
      "Name":"XOR",
      "ID":76647145,
      "Label":"",
      "Position":{
        "x":0.97207,
        "y":-3.27131
      },
      "OutputPinColourInfo":[{"PinColour":0,"PinID":1205674528}],
      "InternalData":null
    },
    {
      "Name":"AND",
      "ID":707257935,
      "Label":"",
      "Position":{
        "x":-3.98606,
        "y":-3.62251
      },
      "OutputPinColourInfo":[{"PinColour":0,"PinID":1834173622}],
      "InternalData":null
    },
    {
      "Name":"NOT",
      "ID":2100226502,
      "Label":"",
      "Position":{
        "x":-4.96392,
        "y":-3.71892
      },
      "OutputPinColourInfo":[{"PinColour":0,"PinID":329703237}],
      "InternalData":null
    }
  ],
  "Wires":[
    {
      "SourcePinAddress":{
        "PinID":0,
        "PinOwnerID":546247664
      },
      "TargetPinAddress":{
        "PinID":0,
        "PinOwnerID":2138775096
      },
      "ConnectionType":0,
      "ConnectedWireIndex":-1,
      "ConnectedWireSegmentIndex":-1,
      "Points":[{"x":0.0,"y":0.0},{"x":0.0,"y":0.0}]
    },
    {
      "SourcePinAddress":{
        "PinID":0,
        "PinOwnerID":1257358748
      },
      "TargetPinAddress":{
        "PinID":0,
        "PinOwnerID":1511199624
      },
      "ConnectionType":0,
      "ConnectedWireIndex":-1,
      "ConnectedWireSegmentIndex":-1,
      "Points":[{"x":0.0,"y":0.0},{"x":-5.17114,"y":0.97794},{"x":-5.21784,"y":1.35088},{"x":0.0,"y":0.0}]
    },
    {
      "SourcePinAddress":{
        "PinID":329703237,
        "PinOwnerID":1435544342
      },
      "TargetPinAddress":{
        "PinID":1053466565,
        "PinOwnerID":2143296723
      },
      "ConnectionType":0,
      "ConnectedWireIndex":-1,
      "ConnectedWireSegmentIndex":-1,
      "Points":[{"x":0.0,"y":0.0},{"x":0.0,"y":0.0}]
    },
    {
      "SourcePinAddress":{
        "PinID":329703237,
        "PinOwnerID":610565971
      },
      "TargetPinAddress":{
        "PinID":1236949195,
        "PinOwnerID":2143296723
      },
      "ConnectionType":0,
      "ConnectedWireIndex":-1,
      "ConnectedWireSegmentIndex":-1,
      "Points":[{"x":0.0,"y":0.0},{"x":0.0,"y":0.0}]
    },
    {
      "SourcePinAddress":{
        "PinID":0,
        "PinOwnerID":1257358748
      },
      "TargetPinAddress":{
        "PinID":241641952,
        "PinOwnerID":2143296723
      },
      "ConnectionType":0,
      "ConnectedWireIndex":-1,
      "ConnectedWireSegmentIndex":-1,
      "Points":[{"x":0.0,"y":0.0},{"x":0.0,"y":0.0}]
    },
    {
      "SourcePinAddress":{
        "PinID":0,
        "PinOwnerID":546247664
      },
      "TargetPinAddress":{
        "PinID":592835066,
        "PinOwnerID":610565971
      },
      "ConnectionType":0,
      "ConnectedWireIndex":-1,
      "ConnectedWireSegmentIndex":-1,
      "Points":[{"x":0.0,"y":0.0},{"x":0.0,"y":0.0}]
    },
    {
      "SourcePinAddress":{
        "PinID":0,
        "PinOwnerID":845527334
      },
      "TargetPinAddress":{
        "PinID":592835066,
        "PinOwnerID":1435544342
      },
      "ConnectionType":0,
      "ConnectedWireIndex":-1,
      "ConnectedWireSegmentIndex":-1,
      "Points":[{"x":0.0,"y":0.0},{"x":0.0,"y":0.0}]
    },
    {
      "SourcePinAddress":{
        "PinID":736417241,
        "PinOwnerID":2143296723
      },
      "TargetPinAddress":{
        "PinID":676270038,
        "PinOwnerID":1714544210
      },
      "ConnectionType":0,
      "ConnectedWireIndex":-1,
      "ConnectedWireSegmentIndex":-1,
      "Points":[{"x":0.0,"y":0.0},{"x":0.0,"y":0.0}]
    },
    {
      "SourcePinAddress":{
        "PinID":0,
        "PinOwnerID":301589737
      },
      "TargetPinAddress":{
        "PinID":676270038,
        "PinOwnerID":512759074
      },
      "ConnectionType":0,
      "ConnectedWireIndex":-1,
      "ConnectedWireSegmentIndex":-1,
      "Points":[{"x":0.0,"y":0.0},{"x":0.0,"y":0.0}]
    },
    {
      "SourcePinAddress":{
        "PinID":0,
        "PinOwnerID":1257358748
      },
      "TargetPinAddress":{
        "PinID":1741978370,
        "PinOwnerID":512759074
      },
      "ConnectionType":0,
      "ConnectedWireIndex":-1,
      "ConnectedWireSegmentIndex":-1,
      "Points":[{"x":0.0,"y":0.0},{"x":0.0,"y":0.0}]
    },
    {
      "SourcePinAddress":{
        "PinID":1205674528,
        "PinOwnerID":512759074
      },
      "TargetPinAddress":{
        "PinID":1741978370,
        "PinOwnerID":1714544210
      },
      "ConnectionType":0,
      "ConnectedWireIndex":-1,
      "ConnectedWireSegmentIndex":-1,
      "Points":[{"x":0.0,"y":0.0},{"x":0.0,"y":0.0}]
    },
    {
      "SourcePinAddress":{
        "PinID":1205674528,
        "PinOwnerID":1714544210
      },
      "TargetPinAddress":{
        "PinID":0,
        "PinOwnerID":966748674
      },
      "ConnectionType":0,
      "ConnectedWireIndex":-1,
      "ConnectedWireSegmentIndex":-1,
      "Points":[{"x":0.0,"y":0.0},{"x":0.0,"y":0.0}]
    },
    {
      "SourcePinAddress":{
        "PinID":1834173622,
        "PinOwnerID":1265609414
      },
      "TargetPinAddress":{
        "PinID":1479226400,
        "PinOwnerID":1265609414
      },
      "ConnectionType":0,
      "ConnectedWireIndex":-1,
      "ConnectedWireSegmentIndex":-1,
      "Points":[{"x":0.0,"y":0.0},{"x":0.0,"y":0.0}]
    },
    {
      "SourcePinAddress":{
        "PinID":329703237,
        "PinOwnerID":1405814528
      },
      "TargetPinAddress":{
        "PinID":1479226400,
        "PinOwnerID":2024326752
      },
      "ConnectionType":0,
      "ConnectedWireIndex":-1,
      "ConnectedWireSegmentIndex":-1,
      "Points":[{"x":0.0,"y":0.0},{"x":0.0,"y":0.0}]
    },
    {
      "SourcePinAddress":{
        "PinID":329703237,
        "PinOwnerID":2064077234
      },
      "TargetPinAddress":{
        "PinID":267671138,
        "PinOwnerID":2024326752
      },
      "ConnectionType":0,
      "ConnectedWireIndex":-1,
      "ConnectedWireSegmentIndex":-1,
      "Points":[{"x":0.0,"y":0.0},{"x":0.0,"y":0.0}]
    },
    {
      "SourcePinAddress":{
        "PinID":0,
        "PinOwnerID":546247664
      },
      "TargetPinAddress":{
        "PinID":592835066,
        "PinOwnerID":2064077234
      },
      "ConnectionType":0,
      "ConnectedWireIndex":-1,
      "ConnectedWireSegmentIndex":-1,
      "Points":[{"x":0.0,"y":0.0},{"x":0.0,"y":0.0}]
    },
    {
      "SourcePinAddress":{
        "PinID":0,
        "PinOwnerID":845527334
      },
      "TargetPinAddress":{
        "PinID":592835066,
        "PinOwnerID":1405814528
      },
      "ConnectionType":0,
      "ConnectedWireIndex":-1,
      "ConnectedWireSegmentIndex":-1,
      "Points":[{"x":0.0,"y":0.0},{"x":0.0,"y":0.0}]
    },
    {
      "SourcePinAddress":{
        "PinID":0,
        "PinOwnerID":301589737
      },
      "TargetPinAddress":{
        "PinID":592835066,
        "PinOwnerID":2032068195
      },
      "ConnectionType":0,
      "ConnectedWireIndex":-1,
      "ConnectedWireSegmentIndex":-1,
      "Points":[{"x":0.0,"y":0.0},{"x":0.0,"y":0.0}]
    },
    {
      "SourcePinAddress":{
        "PinID":329703237,
        "PinOwnerID":2032068195
      },
      "TargetPinAddress":{
        "PinID":267671138,
        "PinOwnerID":1265609414
      },
      "ConnectionType":0,
      "ConnectedWireIndex":-1,
      "ConnectedWireSegmentIndex":-1,
      "Points":[{"x":0.0,"y":0.0},{"x":0.0,"y":0.0}]
    },
    {
      "SourcePinAddress":{
        "PinID":0,
        "PinOwnerID":1257358748
      },
      "TargetPinAddress":{
        "PinID":1479226400,
        "PinOwnerID":1265609414
      },
      "ConnectionType":1,
      "ConnectedWireIndex":1,
      "ConnectedWireSegmentIndex":0,
      "Points":[{"x":-5.17114,"y":0.97794},{"x":0.0,"y":0.0}]
    },
    {
      "SourcePinAddress":{
        "PinID":1834173622,
        "PinOwnerID":1265609414
      },
      "TargetPinAddress":{
        "PinID":1479226400,
        "PinOwnerID":1241573908
      },
      "ConnectionType":0,
      "ConnectedWireIndex":-1,
      "ConnectedWireSegmentIndex":-1,
      "Points":[{"x":0.0,"y":0.0},{"x":0.0,"y":0.0}]
    },
    {
      "SourcePinAddress":{
        "PinID":1834173622,
        "PinOwnerID":2024326752
      },
      "TargetPinAddress":{
        "PinID":267671138,
        "PinOwnerID":1241573908
      },
      "ConnectionType":0,
      "ConnectedWireIndex":-1,
      "ConnectedWireSegmentIndex":-1,
      "Points":[{"x":0.0,"y":0.0},{"x":0.0,"y":0.0}]
    },
    {
      "SourcePinAddress":{
        "PinID":1834173622,
        "PinOwnerID":1241573908
      },
      "TargetPinAddress":{
        "PinID":0,
        "PinOwnerID":1988762961
      },
      "ConnectionType":0,
      "ConnectedWireIndex":-1,
      "ConnectedWireSegmentIndex":-1,
      "Points":[{"x":0.0,"y":0.0},{"x":0.0,"y":0.0}]
    },
    {
      "SourcePinAddress":{
        "PinID":0,
        "PinOwnerID":1257358748
      },
      "TargetPinAddress":{
        "PinID":1741978370,
        "PinOwnerID":631321481
      },
      "ConnectionType":0,
      "ConnectedWireIndex":-1,
      "ConnectedWireSegmentIndex":-1,
      "Points":[{"x":0.0,"y":0.0},{"x":0.0,"y":0.0}]
    },
    {
      "SourcePinAddress":{
        "PinID":0,
        "PinOwnerID":845527334
      },
      "TargetPinAddress":{
        "PinID":676270038,
        "PinOwnerID":631321481
      },
      "ConnectionType":0,
      "ConnectedWireIndex":-1,
      "ConnectedWireSegmentIndex":-1,
      "Points":[{"x":0.0,"y":0.0},{"x":0.0,"y":0.0}]
    },
    {
      "SourcePinAddress":{
        "PinID":0,
        "PinOwnerID":546247664
      },
      "TargetPinAddress":{
        "PinID":592835066,
        "PinOwnerID":2100226502
      },
      "ConnectionType":0,
      "ConnectedWireIndex":-1,
      "ConnectedWireSegmentIndex":-1,
      "Points":[{"x":0.0,"y":0.0},{"x":0.0,"y":0.0}]
    },
    {
      "SourcePinAddress":{
        "PinID":329703237,
        "PinOwnerID":2100226502
      },
      "TargetPinAddress":{
        "PinID":267671138,
        "PinOwnerID":707257935
      },
      "ConnectionType":0,
      "ConnectedWireIndex":-1,
      "ConnectedWireSegmentIndex":-1,
      "Points":[{"x":0.0,"y":0.0},{"x":0.0,"y":0.0}]
    },
    {
      "SourcePinAddress":{
        "PinID":0,
        "PinOwnerID":1257358748
      },
      "TargetPinAddress":{
        "PinID":1479226400,
        "PinOwnerID":707257935
      },
      "ConnectionType":0,
      "ConnectedWireIndex":-1,
      "ConnectedWireSegmentIndex":-1,
      "Points":[{"x":0.0,"y":0.0},{"x":0.0,"y":0.0}]
    },
    {
      "SourcePinAddress":{
        "PinID":1834173622,
        "PinOwnerID":707257935
      },
      "TargetPinAddress":{
        "PinID":676270038,
        "PinOwnerID":76647145
      },
      "ConnectionType":0,
      "ConnectedWireIndex":-1,
      "ConnectedWireSegmentIndex":-1,
      "Points":[{"x":0.0,"y":0.0},{"x":0.0,"y":0.0}]
    },
    {
      "SourcePinAddress":{
        "PinID":1205674528,
        "PinOwnerID":631321481
      },
      "TargetPinAddress":{
        "PinID":1741978370,
        "PinOwnerID":76647145
      },
      "ConnectionType":0,
      "ConnectedWireIndex":-1,
      "ConnectedWireSegmentIndex":-1,
      "Points":[{"x":0.0,"y":0.0},{"x":0.0,"y":0.0}]
    },
    {
      "SourcePinAddress":{
        "PinID":1205674528,
        "PinOwnerID":76647145
      },
      "TargetPinAddress":{
        "PinID":0,
        "PinOwnerID":839966700
      },
      "ConnectionType":0,
      "ConnectedWireIndex":-1,
      "ConnectedWireSegmentIndex":-1,
      "Points":[{"x":0.0,"y":0.0},{"x":0.0,"y":0.0}]
    }
  ],
  "Displays": null
}