{
  "DLSVersion": "2.1.6",
  "Name": "UP DOWN SHIFT",
  "NameLocation": 0,
  "ChipType": 0,
  "Size": {
    "x": 1.25,
    "y": 1.5
  },
  "Colour": {
    "r": 0.592645466,
    "g": 0.4580727,
    "b": 0.519847751,
    "a": 1
  },
  "InputPins":[
    {
      "Name":"A3",
      "ID":1562534174,
      "Position":{
        "x":-8.88889,
        "y":2.53086
      },
      "BitCount":1,
      "Colour":0,
      "ValueDisplayMode":0
    },
    {
      "Name":"A2",
      "ID":152654686,
      "Position":{
        "x":-8.88889,
        "y":1.83951
      },
      "BitCount":1,
      "Colour":0,
      "ValueDisplayMode":0
    },
    {
      "Name":"A1",
      "ID":1669155460,
      "Position":{
        "x":-8.88889,
        "y":1.1358
      },
      "BitCount":1,
      "Colour":0,
      "ValueDisplayMode":0
    },
    {
      "Name":"A0",
      "ID":2075257181,
      "Position":{
        "x":-8.88889,
        "y":0.51852
      },
      "BitCount":1,
      "Colour":0,
      "ValueDisplayMode":0
    },
    {
      "Name":"SHIFT UP",
      "ID":526764071,
      "Position":{
        "x":-8.88889,
        "y":-2.33333
      },
      "BitCount":1,
      "Colour":0,
      "ValueDisplayMode":0
    },
    {
      "Name":"SHIFT DOWN",
      "ID":1191484681,
      "Position":{
        "x":-8.88889,
        "y":-3.50617
      },
      "BitCount":1,
      "Colour":0,
      "ValueDisplayMode":0
    }
  ],
  "OutputPins":[
    {
      "Name":"D3",
      "ID":1096973195,
      "Position":{
        "x":8.88272,
        "y":0.72839
      },
      "BitCount":1,
      "Colour":0,
      "ValueDisplayMode":0
    },
    {
      "Name":"D2",
      "ID":1249444172,
      "Position":{
        "x":8.88272,
        "y":-0.06173
      },
      "BitCount":1,
      "Colour":0,
      "ValueDisplayMode":0
    },
    {
      "Name":"D1",
      "ID":299378625,
      "Position":{
        "x":8.88272,
        "y":-0.82716
      },
      "BitCount":1,
      "Colour":0,
      "ValueDisplayMode":0
    },
    {
      "Name":"D0",
      "ID":1013635797,
      "Position":{
        "x":8.88272,
        "y":-1.50617
      },
      "BitCount":1,
      "Colour":0,
      "ValueDisplayMode":0
    }
  ],
  "SubChips":[
    {
      "Name":"AND",
      "ID":1786860740,
      "Label":"",
      "Position":{
        "x":-2.30864,
        "y":2.34568
      },
      "OutputPinColourInfo":[{"PinColour":0,"PinID":1834173622}],
      "InternalData":null
    },
    {
      "Name":"AND",
      "ID":635779210,
      "Label":"",
      "Position":{
        "x":-2.30864,
        "y":1.71568
      },
      "OutputPinColourInfo":[{"PinColour":0,"PinID":1834173622}],
      "InternalData":null
    },
    {
      "Name":"AND",
      "ID":654802663,
      "Label":"",
      "Position":{
        "x":-2.30864,
        "y":1.08568
      },
      "OutputPinColourInfo":[{"PinColour":0,"PinID":1834173622}],
      "InternalData":null
    },
    {
      "Name":"AND",
      "ID":1171264208,
      "Label":"",
      "Position":{
        "x":-2.30864,
        "y":0.45568
      },
      "OutputPinColourInfo":[{"PinColour":0,"PinID":1834173622}],
      "InternalData":null
    },
    {
      "Name":"AND",
      "ID":473070301,
      "Label":"",
      "Position":{
        "x":-0.02469,
        "y":-1.40741
      },
      "OutputPinColourInfo":[{"PinColour":0,"PinID":1834173622}],
      "InternalData":null
    },
    {
      "Name":"AND",
      "ID":2125510759,
      "Label":"",
      "Position":{
        "x":-0.02469,
        "y":-2.03741
      },
      "OutputPinColourInfo":[{"PinColour":0,"PinID":1834173622}],
      "InternalData":null
    },
    {
      "Name":"AND",
      "ID":795674256,
      "Label":"",
      "Position":{
        "x":-0.02469,
        "y":-2.66741
      },
      "OutputPinColourInfo":[{"PinColour":0,"PinID":1834173622}],
      "InternalData":null
    },
    {
      "Name":"AND",
      "ID":1775249099,
      "Label":"",
      "Position":{
        "x":-0.02469,
        "y":-3.29741
      },
      "OutputPinColourInfo":[{"PinColour":0,"PinID":1834173622}],
      "InternalData":null
    },
    {
      "Name":"OR",
      "ID":161384133,
      "Label":"",
      "Position":{
        "x":4.14815,
        "y":0.59259
      },
      "OutputPinColourInfo":[{"PinColour":0,"PinID":1686933192}],
      "InternalData":null
    },
    {
      "Name":"OR",
      "ID":319239832,
      "Label":"",
      "Position":{
        "x":4.14815,
        "y":-0.03741
      },
      "OutputPinColourInfo":[{"PinColour":0,"PinID":1686933192}],
      "InternalData":null
    },
    {
      "Name":"OR",
      "ID":1638282714,
      "Label":"",
      "Position":{
        "x":4.14815,
        "y":-0.66741
      },
      "OutputPinColourInfo":[{"PinColour":0,"PinID":1686933192}],
      "InternalData":null
    },
    {
      "Name":"OR",
      "ID":1190029232,
      "Label":"",
      "Position":{
        "x":4.14815,
        "y":-1.29741
      },
      "OutputPinColourInfo":[{"PinColour":0,"PinID":1686933192}],
      "InternalData":null
    }
  ],
  "Wires":[
    {
      "SourcePinAddress":{
        "PinID":0,
        "PinOwnerID":1562534174
      },
      "TargetPinAddress":{
        "PinID":1479226400,
        "PinOwnerID":1786860740
      },
      "ConnectionType":0,
      "ConnectedWireIndex":-1,
      "ConnectedWireSegmentIndex":-1,
      "Points":[{"x":0.0,"y":0.0},{"x":0.0,"y":0.0}]
    },
    {
      "SourcePinAddress":{
        "PinID":0,
        "PinOwnerID":152654686
      },
      "TargetPinAddress":{
        "PinID":1479226400,
        "PinOwnerID":635779210
      },
      "ConnectionType":0,
      "ConnectedWireIndex":-1,
      "ConnectedWireSegmentIndex":-1,
      "Points":[{"x":0.0,"y":0.0},{"x":0.0,"y":0.0}]
    },
    {
      "SourcePinAddress":{
        "PinID":0,
        "PinOwnerID":1669155460
      },
      "TargetPinAddress":{
        "PinID":1479226400,
        "PinOwnerID":654802663
      },
      "ConnectionType":0,
      "ConnectedWireIndex":-1,
      "ConnectedWireSegmentIndex":-1,
      "Points":[{"x":0.0,"y":0.0},{"x":0.0,"y":0.0}]
    },
    {
      "SourcePinAddress":{
        "PinID":0,
        "PinOwnerID":2075257181
      },
      "TargetPinAddress":{
        "PinID":1479226400,
        "PinOwnerID":1171264208
      },
      "ConnectionType":0,
      "ConnectedWireIndex":-1,
      "ConnectedWireSegmentIndex":-1,
      "Points":[{"x":0.0,"y":0.0},{"x":0.0,"y":0.0}]
    },
    {
      "SourcePinAddress":{
        "PinID":0,
        "PinOwnerID":526764071
      },
      "TargetPinAddress":{
        "PinID":267671138,
        "PinOwnerID":1786860740
      },
      "ConnectionType":0,
      "ConnectedWireIndex":-1,
      "ConnectedWireSegmentIndex":-1,
      "Points":[{"x":0.0,"y":0.0},{"x":-2.87654,"y":-2.44444},{"x":-2.82716,"y":2.27161},{"x":0.0,"y":0.0}]
    },
    {
      "SourcePinAddress":{
        "PinID":0,
        "PinOwnerID":526764071
      },
      "TargetPinAddress":{
        "PinID":267671138,
        "PinOwnerID":635779210
      },
      "ConnectionType":1,
      "ConnectedWireIndex":4,
      "ConnectedWireSegmentIndex":1,
      "Points":[{"x":-2.83414,"y":1.60514},{"x":0.0,"y":0.0}]
    },
    {
      "SourcePinAddress":{
        "PinID":0,
        "PinOwnerID":526764071
      },
      "TargetPinAddress":{
        "PinID":267671138,
        "PinOwnerID":654802663
      },
      "ConnectionType":1,
      "ConnectedWireIndex":4,
      "ConnectedWireSegmentIndex":1,
      "Points":[{"x":-2.84047,"y":1.00014},{"x":0.0,"y":0.0}]
    },
    {
      "SourcePinAddress":{
        "PinID":0,
        "PinOwnerID":526764071
      },
      "TargetPinAddress":{
        "PinID":267671138,
        "PinOwnerID":1171264208
      },
      "ConnectionType":1,
      "ConnectedWireIndex":4,
      "ConnectedWireSegmentIndex":1,
      "Points":[{"x":-2.84694,"y":0.38292},{"x":0.0,"y":0.0}]
    },
    {
      "SourcePinAddress":{
        "PinID":0,
        "PinOwnerID":2075257181
      },
      "TargetPinAddress":{
        "PinID":1479226400,
        "PinOwnerID":1775249099
      },
      "ConnectionType":1,
      "ConnectedWireIndex":3,
      "ConnectedWireSegmentIndex":0,
      "Points":[{"x":-3.82715,"y":0.56696},{"x":-3.80247,"y":-3.09877},{"x":0.0,"y":0.0}]
    },
    {
      "SourcePinAddress":{
        "PinID":0,
        "PinOwnerID":1669155460
      },
      "TargetPinAddress":{
        "PinID":1479226400,
        "PinOwnerID":795674256
      },
      "ConnectionType":1,
      "ConnectedWireIndex":2,
      "ConnectedWireSegmentIndex":0,
      "Points":[{"x":-3.72853,"y":1.19549},{"x":-3.69136,"y":-2.55556},{"x":0.0,"y":0.0}]
    },
    {
      "SourcePinAddress":{
        "PinID":0,
        "PinOwnerID":152654686
      },
      "TargetPinAddress":{
        "PinID":1479226400,
        "PinOwnerID":2125510759
      },
      "ConnectionType":1,
      "ConnectedWireIndex":1,
      "ConnectedWireSegmentIndex":0,
      "Points":[{"x":-3.65432,"y":1.84046},{"x":-3.59259,"y":-1.80247},{"x":0.0,"y":0.0}]
    },
    {
      "SourcePinAddress":{
        "PinID":0,
        "PinOwnerID":1562534174
      },
      "TargetPinAddress":{
        "PinID":1479226400,
        "PinOwnerID":473070301
      },
      "ConnectionType":1,
      "ConnectedWireIndex":0,
      "ConnectedWireSegmentIndex":0,
      "Points":[{"x":-3.53047,"y":2.48073},{"x":-3.48148,"y":-1.22222},{"x":0.0,"y":0.0}]
    },
    {
      "SourcePinAddress":{
        "PinID":0,
        "PinOwnerID":1191484681
      },
      "TargetPinAddress":{
        "PinID":267671138,
        "PinOwnerID":1775249099
      },
      "ConnectionType":0,
      "ConnectedWireIndex":-1,
      "ConnectedWireSegmentIndex":-1,
      "Points":[{"x":0.0,"y":0.0},{"x":0.0,"y":0.0}]
    },
    {
      "SourcePinAddress":{
        "PinID":0,
        "PinOwnerID":1191484681
      },
      "TargetPinAddress":{
        "PinID":267671138,
        "PinOwnerID":473070301
      },
      "ConnectionType":1,
      "ConnectedWireIndex":12,
      "ConnectedWireSegmentIndex":0,
      "Points":[{"x":-0.72845,"y":-3.42676},{"x":-0.75309,"y":-1.53086},{"x":0.0,"y":0.0}]
    },
    {
      "SourcePinAddress":{
        "PinID":0,
        "PinOwnerID":1191484681
      },
      "TargetPinAddress":{
        "PinID":267671138,
        "PinOwnerID":2125510759
      },
      "ConnectionType":1,
      "ConnectedWireIndex":13,
      "ConnectedWireSegmentIndex":0,
      "Points":[{"x":-0.74523,"y":-2.13586},{"x":0.0,"y":0.0}]
    },
    {
      "SourcePinAddress":{
        "PinID":0,
        "PinOwnerID":1191484681
      },
      "TargetPinAddress":{
        "PinID":267671138,
        "PinOwnerID":795674256
      },
      "ConnectionType":1,
      "ConnectedWireIndex":13,
      "ConnectedWireSegmentIndex":0,
      "Points":[{"x":-0.73673,"y":-2.78991},{"x":0.0,"y":0.0}]
    },
    {
      "SourcePinAddress":{
        "PinID":1834173622,
        "PinOwnerID":635779210
      },
      "TargetPinAddress":{
        "PinID":643740030,
        "PinOwnerID":161384133
      },
      "ConnectionType":0,
      "ConnectedWireIndex":-1,
      "ConnectedWireSegmentIndex":-1,
      "Points":[{"x":0.0,"y":0.0},{"x":0.0,"y":0.0}]
    },
    {
      "SourcePinAddress":{
        "PinID":1834173622,
        "PinOwnerID":654802663
      },
      "TargetPinAddress":{
        "PinID":643740030,
        "PinOwnerID":319239832
      },
      "ConnectionType":0,
      "ConnectedWireIndex":-1,
      "ConnectedWireSegmentIndex":-1,
      "Points":[{"x":0.0,"y":0.0},{"x":0.0,"y":0.0}]
    },
    {
      "SourcePinAddress":{
        "PinID":1834173622,
        "PinOwnerID":1171264208
      },
      "TargetPinAddress":{
        "PinID":643740030,
        "PinOwnerID":1638282714
      },
      "ConnectionType":0,
      "ConnectedWireIndex":-1,
      "ConnectedWireSegmentIndex":-1,
      "Points":[{"x":0.0,"y":0.0},{"x":0.0,"y":0.0}]
    },
    {
      "SourcePinAddress":{
        "PinID":1834173622,
        "PinOwnerID":473070301
      },
      "TargetPinAddress":{
        "PinID":977249482,
        "PinOwnerID":319239832
      },
      "ConnectionType":0,
      "ConnectedWireIndex":-1,
      "ConnectedWireSegmentIndex":-1,
      "Points":[{"x":0.0,"y":0.0},{"x":0.0,"y":0.0}]
    },
    {
      "SourcePinAddress":{
        "PinID":1834173622,
        "PinOwnerID":2125510759
      },
      "TargetPinAddress":{
        "PinID":977249482,
        "PinOwnerID":1638282714
      },
      "ConnectionType":0,
      "ConnectedWireIndex":-1,
      "ConnectedWireSegmentIndex":-1,
      "Points":[{"x":0.0,"y":0.0},{"x":0.0,"y":0.0}]
    },
    {
      "SourcePinAddress":{
        "PinID":1834173622,
        "PinOwnerID":795674256
      },
      "TargetPinAddress":{
        "PinID":977249482,
        "PinOwnerID":1190029232
      },
      "ConnectionType":0,
      "ConnectedWireIndex":-1,
      "ConnectedWireSegmentIndex":-1,
      "Points":[{"x":0.0,"y":0.0},{"x":0.0,"y":0.0}]
    },
    {
      "SourcePinAddress":{
        "PinID":1686933192,
        "PinOwnerID":161384133
      },
      "TargetPinAddress":{
        "PinID":0,
        "PinOwnerID":1096973195
      },
      "ConnectionType":0,
      "ConnectedWireIndex":-1,
      "ConnectedWireSegmentIndex":-1,
      "Points":[{"x":0.0,"y":0.0},{"x":0.0,"y":0.0}]
    },
    {
      "SourcePinAddress":{
        "PinID":1686933192,
        "PinOwnerID":319239832
      },
      "TargetPinAddress":{
        "PinID":0,
        "PinOwnerID":1249444172
      },
      "ConnectionType":0,
      "ConnectedWireIndex":-1,
      "ConnectedWireSegmentIndex":-1,
      "Points":[{"x":0.0,"y":0.0},{"x":0.0,"y":0.0}]
    },
    {
      "SourcePinAddress":{
        "PinID":1686933192,
        "PinOwnerID":1638282714
      },
      "TargetPinAddress":{
        "PinID":0,
        "PinOwnerID":299378625
      },
      "ConnectionType":0,
      "ConnectedWireIndex":-1,
      "ConnectedWireSegmentIndex":-1,
      "Points":[{"x":0.0,"y":0.0},{"x":0.0,"y":0.0}]
    },
    {
      "SourcePinAddress":{
        "PinID":1686933192,
        "PinOwnerID":1190029232
      },
      "TargetPinAddress":{
        "PinID":0,
        "PinOwnerID":1013635797
      },
      "ConnectionType":0,
      "ConnectedWireIndex":-1,
      "ConnectedWireSegmentIndex":-1,
      "Points":[{"x":0.0,"y":0.0},{"x":0.0,"y":0.0}]
    }
  ],
  "Displays": null
}