{
  "DLSVersion": "2.1.6",
  "Name": "UP DOWN CTR",
  "NameLocation": 0,
  "ChipType": 0,
  "Size": {
    "x": 1.25,
    "y": 1.0
  },
  "Colour": {
    "r": 0.847633541,
    "g": 0.480201334,
    "b": 0.72846204,
    "a": 1
  },
  "InputPins":[
    {
      "Name":"UP",
      "ID":991476933,
      "Position":{
        "x":-9.75245,
        "y":0.32298
      },
      "BitCount":1,
      "Colour":0,
      "ValueDisplayMode":0
    },
    {
      "Name":"DWN",
      "ID":1469145527,
      "Position":{
        "x":-9.74338,
        "y":-0.13968
      },
      "BitCount":1,
      "Colour":0,
      "ValueDisplayMode":0
    },
    {
      "Name":"RST",
      "ID":1891579979,
      "Position":{
        "x":-9.74338,
        "y":-0.68079
      },
      "BitCount":1,
      "Colour":0,
      "ValueDisplayMode":0
    },
    {
      "Name":"CLK",
      "ID":748548963,
      "Position":{
        "x":-9.72968,
        "y":-1.2493
      },
      "BitCount":1,
      "Colour":0,
      "ValueDisplayMode":0
    }
  ],
  "OutputPins":[
    {
      "Name":"OUT",
      "ID":44777364,
      "Position":{
        "x":4.29139,
        "y":4.68628
      },
      "BitCount":1,
      "Colour":0,
      "ValueDisplayMode":0
    },
    {
      "Name":"OUT",
      "ID":497760434,
      "Position":{
        "x":4.29139,
        "y":4.15179
      },
      "BitCount":1,
      "Colour":0,
      "ValueDisplayMode":0
    },
    {
      "Name":"OUT",
      "ID":1222321048,
      "Position":{
        "x":4.32825,
        "y":3.58044
      },
      "BitCount":1,
      "Colour":0,
      "ValueDisplayMode":0
    },
    {
      "Name":"OUT",
      "ID":540619913,
      "Position":{
        "x":4.34668,
        "y":3.02751
      },
      "BitCount":1,
      "Colour":0,
      "ValueDisplayMode":0
    }
  ],
  "SubChips":[
    {
      "Name":"Arithmetic Unit",
      "ID":1126747931,
      "Label":"",
      "Position":{
        "x":-0.44812,
        "y":2.06609
      },
      "OutputPinColourInfo":[{"PinColour":0,"PinID":426483396},{"PinColour":0,"PinID":367722995},{"PinColour":0,"PinID":1040189176},{"PinColour":0,"PinID":2047237266},{"PinColour":0,"PinID":792021152}],
      "InternalData":null
    },
    {
      "Name":"4 BIT REG",
      "ID":1767342383,
      "Label":"",
      "Position":{
        "x":-2.99977,
        "y":3.46178
      },
      "OutputPinColourInfo":[{"PinColour":0,"PinID":13869904},{"PinColour":0,"PinID":1983872400},{"PinColour":0,"PinID":1893517814},{"PinColour":0,"PinID":1350937073}],
      "InternalData":null
    },
    {
      "Name":"OR 3",
      "ID":1615589590,
      "Label":"",
      "Position":{
        "x":-7.54114,
        "y":1.037
      },
      "OutputPinColourInfo":[{"PinColour":0,"PinID":787439702}],
      "InternalData":null
    },
    {
      "Name":"OR",
      "ID":575987900,
      "Label":"",
      "Position":{
        "x":-5.82302,
        "y":5.47101
      },
      "OutputPinColourInfo":[{"PinColour":0,"PinID":1686933192}],
      "InternalData":null
    },
    {
      "Name":"OR",
      "ID":1322636041,
      "Label":"",
      "Position":{
        "x":-5.85051,
        "y":4.85236
      },
      "OutputPinColourInfo":[{"PinColour":0,"PinID":1686933192}],
      "InternalData":null
    },
    {
      "Name":"OR",
      "ID":1879108708,
      "Label":"",
      "Position":{
        "x":-5.82302,
        "y":4.2887
      },
      "OutputPinColourInfo":[{"PinColour":0,"PinID":1686933192}],
      "InternalData":null
    },
    {
      "Name":"OR",
      "ID":2047597849,
      "Label":"",
      "Position":{
        "x":-5.83676,
        "y":3.72504
      },
      "OutputPinColourInfo":[{"PinColour":0,"PinID":1686933192}],
      "InternalData":null
    },
    {
      "Name":"OR",
      "ID":609800731,
      "Label":"",
      "Position":{
        "x":-5.89175,
        "y":3.10639
      },
      "OutputPinColourInfo":[{"PinColour":0,"PinID":1686933192}],
      "InternalData":null
    }
  ],
  "Wires":[
    {
      "SourcePinAddress":{
        "PinID":0,
        "PinOwnerID":1891579979
      },
      "TargetPinAddress":{
        "PinID":1042965712,
        "PinOwnerID":1615589590
      },
      "ConnectionType":0,
      "ConnectedWireIndex":-1,
      "ConnectedWireSegmentIndex":-1,
      "Points":[{"x":0.0,"y":0.0},{"x":-8.35209,"y":-0.69549},{"x":-8.37052,"y":0.76054},{"x":0.0,"y":0.0}]
    },
    {
      "SourcePinAddress":{
        "PinID":0,
        "PinOwnerID":1469145527
      },
      "TargetPinAddress":{
        "PinID":526896816,
        "PinOwnerID":1126747931
      },
      "ConnectionType":0,
      "ConnectedWireIndex":-1,
      "ConnectedWireSegmentIndex":-1,
      "Points":[{"x":0.0,"y":0.0},{"x":-1.80918,"y":-0.12414},{"x":-1.80918,"y":0.72367},{"x":0.0,"y":0.0}]
    },
    {
      "SourcePinAddress":{
        "PinID":0,
        "PinOwnerID":991476933
      },
      "TargetPinAddress":{
        "PinID":426625479,
        "PinOwnerID":1126747931
      },
      "ConnectionType":0,
      "ConnectedWireIndex":-1,
      "ConnectedWireSegmentIndex":-1,
      "Points":[{"x":0.0,"y":0.0},{"x":-2.26995,"y":0.29977},{"x":-2.30681,"y":0.87112},{"x":0.0,"y":0.0}]
    },
    {
      "SourcePinAddress":{
        "PinID":0,
        "PinOwnerID":991476933
      },
      "TargetPinAddress":{
        "PinID":851630336,
        "PinOwnerID":1615589590
      },
      "ConnectionType":1,
      "ConnectedWireIndex":2,
      "ConnectedWireSegmentIndex":0,
      "Points":[{"x":-8.49965,"y":0.32125},{"x":-8.49954,"y":1.01857},{"x":0.0,"y":0.0}]
    },
    {
      "SourcePinAddress":{
        "PinID":0,
        "PinOwnerID":1469145527
      },
      "TargetPinAddress":{
        "PinID":1116892438,
        "PinOwnerID":1615589590
      },
      "ConnectionType":1,
      "ConnectedWireIndex":1,
      "ConnectedWireSegmentIndex":0,
      "Points":[{"x":-8.70224,"y":-0.13905},{"x":-8.68384,"y":1.29503},{"x":0.0,"y":0.0}]
    },
    {
      "SourcePinAddress":{
        "PinID":1350937073,
        "PinOwnerID":1767342383
      },
      "TargetPinAddress":{
        "PinID":0,
        "PinOwnerID":540619913
      },
      "ConnectionType":0,
      "ConnectedWireIndex":-1,
      "ConnectedWireSegmentIndex":-1,
      "Points":[{"x":0.0,"y":0.0},{"x":-2.26939,"y":2.81088},{"x":-2.30681,"y":4.35453},{"x":2.46675,"y":4.39139},{"x":2.50361,"y":2.95379},{"x":0.0,"y":0.0}]
    },
    {
      "SourcePinAddress":{
        "PinID":1893517814,
        "PinOwnerID":1767342383
      },
      "TargetPinAddress":{
        "PinID":0,
        "PinOwnerID":1222321048
      },
      "ConnectionType":0,
      "ConnectedWireIndex":-1,
      "ConnectedWireSegmentIndex":-1,
      "Points":[{"x":0.0,"y":0.0},{"x":-2.12278,"y":3.25069},{"x":-2.14093,"y":4.53883},{"x":2.63262,"y":4.55727},{"x":2.65105,"y":3.52514},{"x":0.0,"y":0.0}]
    },
    {
      "SourcePinAddress":{
        "PinID":1983872400,
        "PinOwnerID":1767342383
      },
      "TargetPinAddress":{
        "PinID":0,
        "PinOwnerID":497760434
      },
      "ConnectionType":0,
      "ConnectedWireIndex":-1,
      "ConnectedWireSegmentIndex":-1,
      "Points":[{"x":0.0,"y":0.0},{"x":-1.93843,"y":3.66003},{"x":-1.91977,"y":4.81529},{"x":2.74321,"y":4.81529},{"x":2.78007,"y":4.13336},{"x":0.0,"y":0.0}]
    },
    {
      "SourcePinAddress":{
        "PinID":13869904,
        "PinOwnerID":1767342383
      },
      "TargetPinAddress":{
        "PinID":0,
        "PinOwnerID":44777364
      },
      "ConnectionType":0,
      "ConnectedWireIndex":-1,
      "ConnectedWireSegmentIndex":-1,
      "Points":[{"x":0.0,"y":0.0},{"x":-1.73576,"y":4.08032},{"x":-1.73546,"y":4.98117},{"x":2.96438,"y":4.92588},{"x":2.94594,"y":4.66785},{"x":0.0,"y":0.0}]
    },
    {
      "SourcePinAddress":{
        "PinID":1350937073,
        "PinOwnerID":1767342383
      },
      "TargetPinAddress":{
        "PinID":1463258462,
        "PinOwnerID":1126747931
      },
      "ConnectionType":1,
      "ConnectedWireIndex":5,
      "ConnectedWireSegmentIndex":0,
      "Points":[{"x":-2.28407,"y":2.8127},{"x":0.0,"y":0.0}]
    },
    {
      "SourcePinAddress":{
        "PinID":1893517814,
        "PinOwnerID":1767342383
      },
      "TargetPinAddress":{
        "PinID":1599957694,
        "PinOwnerID":1126747931
      },
      "ConnectionType":1,
      "ConnectedWireIndex":6,
      "ConnectedWireSegmentIndex":0,
      "Points":[{"x":-2.14419,"y":3.25086},{"x":0.0,"y":0.0}]
    },
    {
      "SourcePinAddress":{
        "PinID":1983872400,
        "PinOwnerID":1767342383
      },
      "TargetPinAddress":{
        "PinID":464751950,
        "PinOwnerID":1126747931
      },
      "ConnectionType":1,
      "ConnectedWireIndex":7,
      "ConnectedWireSegmentIndex":0,
      "Points":[{"x":-1.93843,"y":3.66003},{"x":0.0,"y":0.0}]
    },
    {
      "SourcePinAddress":{
        "PinID":13869904,
        "PinOwnerID":1767342383
      },
      "TargetPinAddress":{
        "PinID":1776459928,
        "PinOwnerID":1126747931
      },
      "ConnectionType":1,
      "ConnectedWireIndex":8,
      "ConnectedWireSegmentIndex":0,
      "Points":[{"x":-1.75227,"y":4.08046},{"x":0.0,"y":0.0}]
    },
    {
      "SourcePinAddress":{
        "PinID":367722995,
        "PinOwnerID":1126747931
      },
      "TargetPinAddress":{
        "PinID":977249482,
        "PinOwnerID":575987900
      },
      "ConnectionType":0,
      "ConnectedWireIndex":-1,
      "ConnectedWireSegmentIndex":-1,
      "Points":[{"x":0.0,"y":0.0},{"x":0.94091,"y":2.7352},{"x":0.92716,"y":6.66707},{"x":-6.27669,"y":6.61208},{"x":-6.27669,"y":5.60849},{"x":0.0,"y":0.0}]
    },
    {
      "SourcePinAddress":{
        "PinID":1040189176,
        "PinOwnerID":1126747931
      },
      "TargetPinAddress":{
        "PinID":977249482,
        "PinOwnerID":1322636041
      },
      "ConnectionType":0,
      "ConnectedWireIndex":-1,
      "ConnectedWireSegmentIndex":-1,
      "Points":[{"x":0.0,"y":0.0},{"x":1.07839,"y":2.04781},{"x":0.9959,"y":6.91453},{"x":-6.37293,"y":6.83204},{"x":-6.34543,"y":4.97609},{"x":0.0,"y":0.0}]
    },
    {
      "SourcePinAddress":{
        "PinID":2047237266,
        "PinOwnerID":1126747931
      },
      "TargetPinAddress":{
        "PinID":977249482,
        "PinOwnerID":1879108708
      },
      "ConnectionType":0,
      "ConnectedWireIndex":-1,
      "ConnectedWireSegmentIndex":-1,
      "Points":[{"x":0.0,"y":0.0},{"x":1.20212,"y":1.36042},{"x":1.11963,"y":7.17574},{"x":-6.45541,"y":7.12075},{"x":-6.44167,"y":4.46742},{"x":0.0,"y":0.0}]
    },
    {
      "SourcePinAddress":{
        "PinID":792021152,
        "PinOwnerID":1126747931
      },
      "TargetPinAddress":{
        "PinID":977249482,
        "PinOwnerID":2047597849
      },
      "ConnectionType":0,
      "ConnectedWireIndex":-1,
      "ConnectedWireSegmentIndex":-1,
      "Points":[{"x":0.0,"y":0.0},{"x":1.33959,"y":0.72802},{"x":1.20212,"y":7.4507},{"x":-6.52415,"y":7.40945},{"x":-6.5379,"y":3.90376},{"x":0.0,"y":0.0}]
    },
    {
      "SourcePinAddress":{
        "PinID":1686933192,
        "PinOwnerID":575987900
      },
      "TargetPinAddress":{
        "PinID":217290371,
        "PinOwnerID":1767342383
      },
      "ConnectionType":0,
      "ConnectedWireIndex":-1,
      "ConnectedWireSegmentIndex":-1,
      "Points":[{"x":0.0,"y":0.0},{"x":0.0,"y":0.0}]
    },
    {
      "SourcePinAddress":{
        "PinID":1686933192,
        "PinOwnerID":1322636041
      },
      "TargetPinAddress":{
        "PinID":385223175,
        "PinOwnerID":1767342383
      },
      "ConnectionType":0,
      "ConnectedWireIndex":-1,
      "ConnectedWireSegmentIndex":-1,
      "Points":[{"x":0.0,"y":0.0},{"x":0.0,"y":0.0}]
    },
    {
      "SourcePinAddress":{
        "PinID":1686933192,
        "PinOwnerID":1879108708
      },
      "TargetPinAddress":{
        "PinID":464952480,
        "PinOwnerID":1767342383
      },
      "ConnectionType":0,
      "ConnectedWireIndex":-1,
      "ConnectedWireSegmentIndex":-1,
      "Points":[{"x":0.0,"y":0.0},{"x":0.0,"y":0.0}]
    },
    {
      "SourcePinAddress":{
        "PinID":1686933192,
        "PinOwnerID":2047597849
      },
      "TargetPinAddress":{
        "PinID":236702342,
        "PinOwnerID":1767342383
      },
      "ConnectionType":0,
      "ConnectedWireIndex":-1,
      "ConnectedWireSegmentIndex":-1,
      "Points":[{"x":0.0,"y":0.0},{"x":0.0,"y":0.0}]
    },
    {
      "SourcePinAddress":{
        "PinID":787439702,
        "PinOwnerID":1615589590
      },
      "TargetPinAddress":{
        "PinID":643740030,
        "PinOwnerID":609800731
      },
      "ConnectionType":0,
      "ConnectedWireIndex":-1,
      "ConnectedWireSegmentIndex":-1,
      "Points":[{"x":0.0,"y":0.0},{"x":-6.44167,"y":1.01672},{"x":-6.57914,"y":3.0514},{"x":0.0,"y":0.0}]
    },
    {
      "SourcePinAddress":{
        "PinID":1686933192,
        "PinOwnerID":609800731
      },
      "TargetPinAddress":{
        "PinID":1180692063,
        "PinOwnerID":1767342383
      },
      "ConnectionType":0,
      "ConnectedWireIndex":-1,
      "ConnectedWireSegmentIndex":-1,
      "Points":[{"x":0.0,"y":0.0},{"x":0.0,"y":0.0}]
    },
    {
      "SourcePinAddress":{
        "PinID":0,
        "PinOwnerID":748548963
      },
      "TargetPinAddress":{
        "PinID":674377508,
        "PinOwnerID":1767342383
      },
      "ConnectionType":0,
      "ConnectedWireIndex":-1,
      "ConnectedWireSegmentIndex":-1,
      "Points":[{"x":0.0,"y":0.0},{"x":-5.51756,"y":-1.2493},{"x":-5.53244,"y":2.85863},{"x":0.0,"y":0.0}]
    }
  ],
  "Displays": null
}