{
  "DLSVersion": "2.1.6",
  "Name": "XNOR",
  "NameLocation": 0,
  "ChipType": 0,
  "Size": {
    "x": 0.725,
    "y": 0.5
  },
  "Colour": {
    "r": 0.482899964,
    "g": 0.546197,
    "b": 0.302381516,
    "a": 1
  },
  "InputPins":[
    {
      "Name":"IN",
      "ID":1594264926,
      "Position":{
        "x":-11.69986,
        "y":2.92357
      },
      "BitCount":1,
      "Colour":0,
      "ValueDisplayMode":0
    },
    {
      "Name":"IN",
      "ID":1830648072,
      "Position":{
        "x":-11.68843,
        "y":1.89488
      },
      "BitCount":1,
      "Colour":0,
      "ValueDisplayMode":0
    }
  ],
  "OutputPins":[
    {
      "Name":"OUT",
      "ID":1556263247,
      "Position":{
        "x":-6.53354,
        "y":2.4778
      },
      "BitCount":1,
      "Colour":0,
      "ValueDisplayMode":0
    }
  ],
  "SubChips":[
    {
      "Name":"XOR",
      "ID":114512174,
      "Label":"",
      "Position":{
        "x":-9.5739,
        "y":2.50066
      },
      "OutputPinColourInfo":[{"PinColour":0,"PinID":1205674528}],
      "InternalData":null
    },
    {
      "Name":"NOT",
      "ID":1689995115,
      "Label":"",
      "Position":{
        "x":-8.47663,
        "y":2.45494
      },
      "OutputPinColourInfo":[{"PinColour":0,"PinID":329703237}],
      "InternalData":null
    }
  ],
  "Wires":[
    {
      "SourcePinAddress":{
        "PinID":1205674528,
        "PinOwnerID":114512174
      },
      "TargetPinAddress":{
        "PinID":592835066,
        "PinOwnerID":1689995115
      },
      "ConnectionType":0,
      "ConnectedWireIndex":-1,
      "ConnectedWireSegmentIndex":-1,
      "Points":[{"x":0.0,"y":0.0},{"x":0.0,"y":0.0}]
    },
    {
      "SourcePinAddress":{
        "PinID":329703237,
        "PinOwnerID":1689995115
      },
      "TargetPinAddress":{
        "PinID":0,
        "PinOwnerID":1556263247
      },
      "ConnectionType":0,
      "ConnectedWireIndex":-1,
      "ConnectedWireSegmentIndex":-1,
      "Points":[{"x":0.0,"y":0.0},{"x":0.0,"y":0.0}]
    },
    {
      "SourcePinAddress":{
        "PinID":0,
        "PinOwnerID":1594264926
      },
      "TargetPinAddress":{
        "PinID":1741978370,
        "PinOwnerID":114512174
      },
      "ConnectionType":0,
      "ConnectedWireIndex":-1,
      "ConnectedWireSegmentIndex":-1,
      "Points":[{"x":0.0,"y":0.0},{"x":0.0,"y":0.0}]
    },
    {
      "SourcePinAddress":{
        "PinID":0,
        "PinOwnerID":1830648072
      },
      "TargetPinAddress":{
        "PinID":676270038,
        "PinOwnerID":114512174
      },
      "ConnectionType":0,
      "ConnectedWireIndex":-1,
      "ConnectedWireSegmentIndex":-1,
      "Points":[{"x":0.0,"y":0.0},{"x":0.0,"y":0.0}]
    }
  ],
  "Displays": null
}