{
  "DLSVersion": "2.1.6",
  "Name": "XOR BITWISE",
  "NameLocation": 0,
  "ChipType": 0,
  "Size": {
    "x": 1.175,
    "y": 2.0
  },
  "Colour": {
    "r": 0.706938565,
    "g": 0.754033864,
    "b": 0.899386764,
    "a": 1
  },
  "InputPins":[
    {
      "Name":"IN",
      "ID":2089672050,
      "Position":{
        "x":-19.49409,
        "y":-4.23466
      },
      "BitCount":1,
      "Colour":0,
      "ValueDisplayMode":0
    },
    {
      "Name":"IN",
      "ID":383069277,
      "Position":{
        "x":-19.49409,
        "y":-4.72622
      },
      "BitCount":1,
      "Colour":0,
      "ValueDisplayMode":0
    },
    {
      "Name":"IN",
      "ID":103379285,
      "Position":{
        "x":-19.49409,
        "y":-5.3181
      },
      "BitCount":1,
      "Colour":0,
      "ValueDisplayMode":0
    },
    {
      "Name":"IN",
      "ID":1341596330,
      "Position":{
        "x":-19.49409,
        "y":-5.81969
      },
      "BitCount":1,
      "Colour":0,
      "ValueDisplayMode":0
    },
    {
      "Name":"IN",
      "ID":277182993,
      "Position":{
        "x":-19.49409,
        "y":-6.47176
      },
      "BitCount":1,
      "Colour":0,
      "ValueDisplayMode":0
    },
    {
      "Name":"IN",
      "ID":1050835335,
      "Position":{
        "x":-19.49409,
        "y":-6.99342
      },
      "BitCount":1,
      "Colour":0,
      "ValueDisplayMode":0
    },
    {
      "Name":"IN",
      "ID":1892616762,
      "Position":{
        "x":-19.49409,
        "y":-7.50504
      },
      "BitCount":1,
      "Colour":0,
      "ValueDisplayMode":0
    },
    {
      "Name":"IN",
      "ID":622645374,
      "Position":{
        "x":-19.49409,
        "y":-8.00663
      },
      "BitCount":1,
      "Colour":0,
      "ValueDisplayMode":0
    }
  ],
  "OutputPins":[
    {
      "Name":"OUT",
      "ID":398438587,
      "Position":{
        "x":-13.18407,
        "y":-5.05728
      },
      "BitCount":1,
      "Colour":0,
      "ValueDisplayMode":0
    },
    {
      "Name":"OUT",
      "ID":1898839939,
      "Position":{
        "x":-13.17404,
        "y":-5.57893
      },
      "BitCount":1,
      "Colour":0,
      "ValueDisplayMode":0
    },
    {
      "Name":"OUT",
      "ID":1240310560,
      "Position":{
        "x":-13.14394,
        "y":-6.07049
      },
      "BitCount":1,
      "Colour":0,
      "ValueDisplayMode":0
    },
    {
      "Name":"OUT",
      "ID":1196446956,
      "Position":{
        "x":-13.09378,
        "y":-6.91316
      },
      "BitCount":1,
      "Colour":0,
      "ValueDisplayMode":0
    }
  ],
  "SubChips":[
    {
      "Name":"XOR",
      "ID":1719333300,
      "Label":"",
      "Position":{
        "x":-16.21392,
        "y":-5.52896
      },
      "OutputPinColourInfo":[{"PinColour":0,"PinID":1205674528}],
      "InternalData":null
    },
    {
      "Name":"XOR",
      "ID":402151365,
      "Label":"",
      "Position":{
        "x":-16.19863,
        "y":-6.19087
      },
      "OutputPinColourInfo":[{"PinColour":0,"PinID":1205674528}],
      "InternalData":null
    },
    {
      "Name":"XOR",
      "ID":726807225,
      "Label":"",
      "Position":{
        "x":-16.16854,
        "y":-4.93689
      },
      "OutputPinColourInfo":[{"PinColour":0,"PinID":1205674528}],
      "InternalData":null
    },
    {
      "Name":"XOR",
      "ID":1036170297,
      "Label":"",
      "Position":{
        "x":-16.21869,
        "y":-6.87304
      },
      "OutputPinColourInfo":[{"PinColour":0,"PinID":1205674528}],
      "InternalData":null
    }
  ],
  "Wires":[
    {
      "SourcePinAddress":{
        "PinID":0,
        "PinOwnerID":622645374
      },
      "TargetPinAddress":{
        "PinID":676270038,
        "PinOwnerID":1036170297
      },
      "ConnectionType":0,
      "ConnectedWireIndex":-1,
      "ConnectedWireSegmentIndex":-1,
      "Points":[{"x":0.0,"y":0.0},{"x":0.0,"y":0.0}]
    },
    {
      "SourcePinAddress":{
        "PinID":0,
        "PinOwnerID":1341596330
      },
      "TargetPinAddress":{
        "PinID":1741978370,
        "PinOwnerID":1036170297
      },
      "ConnectionType":0,
      "ConnectedWireIndex":-1,
      "ConnectedWireSegmentIndex":-1,
      "Points":[{"x":0.0,"y":0.0},{"x":0.0,"y":0.0}]
    },
    {
      "SourcePinAddress":{
        "PinID":0,
        "PinOwnerID":1892616762
      },
      "TargetPinAddress":{
        "PinID":676270038,
        "PinOwnerID":402151365
      },
      "ConnectionType":0,
      "ConnectedWireIndex":-1,
      "ConnectedWireSegmentIndex":-1,
      "Points":[{"x":0.0,"y":0.0},{"x":0.0,"y":0.0}]
    },
    {
      "SourcePinAddress":{
        "PinID":0,
        "PinOwnerID":103379285
      },
      "TargetPinAddress":{
        "PinID":1741978370,
        "PinOwnerID":402151365
      },
      "ConnectionType":0,
      "ConnectedWireIndex":-1,
      "ConnectedWireSegmentIndex":-1,
      "Points":[{"x":0.0,"y":0.0},{"x":0.0,"y":0.0}]
    },
    {
      "SourcePinAddress":{
        "PinID":0,
        "PinOwnerID":383069277
      },
      "TargetPinAddress":{
        "PinID":1741978370,
        "PinOwnerID":1719333300
      },
      "ConnectionType":0,
      "ConnectedWireIndex":-1,
      "ConnectedWireSegmentIndex":-1,
      "Points":[{"x":0.0,"y":0.0},{"x":0.0,"y":0.0}]
    },
    {
      "SourcePinAddress":{
        "PinID":0,
        "PinOwnerID":1050835335
      },
      "TargetPinAddress":{
        "PinID":676270038,
        "PinOwnerID":1719333300
      },
      "ConnectionType":0,
      "ConnectedWireIndex":-1,
      "ConnectedWireSegmentIndex":-1,
      "Points":[{"x":0.0,"y":0.0},{"x":0.0,"y":0.0}]
    },
    {
      "SourcePinAddress":{
        "PinID":0,
        "PinOwnerID":277182993
      },
      "TargetPinAddress":{
        "PinID":676270038,
        "PinOwnerID":726807225
      },
      "ConnectionType":0,
      "ConnectedWireIndex":-1,
      "ConnectedWireSegmentIndex":-1,
      "Points":[{"x":0.0,"y":0.0},{"x":0.0,"y":0.0}]
    },
    {
      "SourcePinAddress":{
        "PinID":0,
        "PinOwnerID":2089672050
      },
      "TargetPinAddress":{
        "PinID":1741978370,
        "PinOwnerID":726807225
      },
      "ConnectionType":0,
      "ConnectedWireIndex":-1,
      "ConnectedWireSegmentIndex":-1,
      "Points":[{"x":0.0,"y":0.0},{"x":0.0,"y":0.0}]
    },
    {
      "SourcePinAddress":{
        "PinID":1205674528,
        "PinOwnerID":726807225
      },
      "TargetPinAddress":{
        "PinID":0,
        "PinOwnerID":398438587
      },
      "ConnectionType":0,
      "ConnectedWireIndex":-1,
      "ConnectedWireSegmentIndex":-1,
      "Points":[{"x":0.0,"y":0.0},{"x":0.0,"y":0.0}]
    },
    {
      "SourcePinAddress":{
        "PinID":1205674528,
        "PinOwnerID":1719333300
      },
      "TargetPinAddress":{
        "PinID":0,
        "PinOwnerID":1898839939
      },
      "ConnectionType":0,
      "ConnectedWireIndex":-1,
      "ConnectedWireSegmentIndex":-1,
      "Points":[{"x":0.0,"y":0.0},{"x":0.0,"y":0.0}]
    },
    {
      "SourcePinAddress":{
        "PinID":1205674528,
        "PinOwnerID":402151365
      },
      "TargetPinAddress":{
        "PinID":0,
        "PinOwnerID":1240310560
      },
      "ConnectionType":0,
      "ConnectedWireIndex":-1,
      "ConnectedWireSegmentIndex":-1,
      "Points":[{"x":0.0,"y":0.0},{"x":0.0,"y":0.0}]
    },
    {
      "SourcePinAddress":{
        "PinID":1205674528,
        "PinOwnerID":1036170297
      },
      "TargetPinAddress":{
        "PinID":0,
        "PinOwnerID":1196446956
      },
      "ConnectionType":0,
      "ConnectedWireIndex":-1,
      "ConnectedWireSegmentIndex":-1,
      "Points":[{"x":0.0,"y":0.0},{"x":0.0,"y":0.0}]
    }
  ],
  "Displays": null
}