{
  "DLSVersion": "2.1.6",
  "Name": "XOR",
  "NameLocation": 0,
  "ChipType": 0,
  "Size": {
    "x": 0.725,
    "y": 0.5
  },
  "Colour": {
    "r": 0.407084644,
    "g": 0.2926827,
    "b": 0.9782361,
    "a": 1
  },
  "InputPins":[
    {
      "Name":"IN",
      "ID":1741978370,
      "Position":{
        "x":-8.88889,
        "y":1.22222
      },
      "BitCount":1,
      "Colour":0,
      "ValueDisplayMode":0
    },
    {
      "Name":"IN",
      "ID":676270038,
      "Position":{
        "x":-8.88889,
        "y":0.61728
      },
      "BitCount":1,
      "Colour":0,
      "ValueDisplayMode":0
    }
  ],
  "OutputPins":[
    {
      "Name":"OUT",
      "ID":1205674528,
      "Position":{
        "x":8.88272,
        "y":-0.037039999999999997
      },
      "BitCount":1,
      "Colour":0,
      "ValueDisplayMode":0
    }
  ],
  "SubChips":[
    {
      "Name":"AND",
      "ID":234891766,
      "Label":"",
      "Position":{
        "x":-4.46914,
        "y":1.07407
      },
      "OutputPinColourInfo":[{"PinColour":0,"PinID":1834173622}],
      "InternalData":null
    },
    {
      "Name":"AND",
      "ID":217384817,
      "Label":"",
      "Position":{
        "x":-4.49383,
        "y":-0.90123
      },
      "OutputPinColourInfo":[{"PinColour":0,"PinID":1834173622}],
      "InternalData":null
    },
    {
      "Name":"NOT",
      "ID":1767776568,
      "Label":"",
      "Position":{
        "x":-6.64198,
        "y":0.61728
      },
      "OutputPinColourInfo":[{"PinColour":0,"PinID":329703237}],
      "InternalData":null
    },
    {
      "Name":"OR",
      "ID":985484005,
      "Label":"",
      "Position":{
        "x":-2.76543,
        "y":-0.037039999999999997
      },
      "OutputPinColourInfo":[{"PinColour":0,"PinID":1686933192}],
      "InternalData":null
    },
    {
      "Name":"NOT",
      "ID":35664693,
      "Label":"",
      "Position":{
        "x":-5.55556,
        "y":-0.67901
      },
      "OutputPinColourInfo":[{"PinColour":0,"PinID":329703237}],
      "InternalData":null
    }
  ],
  "Wires":[
    {
      "SourcePinAddress":{
        "PinID":0,
        "PinOwnerID":1741978370
      },
      "TargetPinAddress":{
        "PinID":1479226400,
        "PinOwnerID":234891766
      },
      "ConnectionType":0,
      "ConnectedWireIndex":-1,
      "ConnectedWireSegmentIndex":-1,
      "Points":[{"x":0.0,"y":0.0},{"x":0.0,"y":0.0}]
    },
    {
      "SourcePinAddress":{
        "PinID":0,
        "PinOwnerID":676270038
      },
      "TargetPinAddress":{
        "PinID":592835066,
        "PinOwnerID":1767776568
      },
      "ConnectionType":0,
      "ConnectedWireIndex":-1,
      "ConnectedWireSegmentIndex":-1,
      "Points":[{"x":0.0,"y":0.0},{"x":0.0,"y":0.0}]
    },
    {
      "SourcePinAddress":{
        "PinID":329703237,
        "PinOwnerID":1767776568
      },
      "TargetPinAddress":{
        "PinID":267671138,
        "PinOwnerID":234891766
      },
      "ConnectionType":0,
      "ConnectedWireIndex":-1,
      "ConnectedWireSegmentIndex":-1,
      "Points":[{"x":0.0,"y":0.0},{"x":0.0,"y":0.0}]
    },
    {
      "SourcePinAddress":{
        "PinID":0,
        "PinOwnerID":676270038
      },
      "TargetPinAddress":{
        "PinID":267671138,
        "PinOwnerID":217384817
      },
      "ConnectionType":1,
      "ConnectedWireIndex":1,
      "ConnectedWireSegmentIndex":0,
      "Points":[{"x":-7.93827,"y":0.61728},{"x":-7.91358,"y":-1.11111},{"x":0.0,"y":0.0}]
    },
    {
      "SourcePinAddress":{
        "PinID":1834173622,
        "PinOwnerID":234891766
      },
      "TargetPinAddress":{
        "PinID":977249482,
        "PinOwnerID":985484005
      },
      "ConnectionType":0,
      "ConnectedWireIndex":-1,
      "ConnectedWireSegmentIndex":-1,
      "Points":[{"x":0.0,"y":0.0},{"x":-3.28395,"y":1.08642},{"x":-3.2963,"y":0.16049},{"x":0.0,"y":0.0}]
    },
    {
      "SourcePinAddress":{
        "PinID":1834173622,
        "PinOwnerID":217384817
      },
      "TargetPinAddress":{
        "PinID":643740030,
        "PinOwnerID":985484005
      },
      "ConnectionType":0,
      "ConnectedWireIndex":-1,
      "ConnectedWireSegmentIndex":-1,
      "Points":[{"x":0.0,"y":0.0},{"x":-3.23457,"y":-0.88889},{"x":-3.24691,"y":-0.14815},{"x":0.0,"y":0.0}]
    },
    {
      "SourcePinAddress":{
        "PinID":0,
        "PinOwnerID":1741978370
      },
      "TargetPinAddress":{
        "PinID":592835066,
        "PinOwnerID":35664693
      },
      "ConnectionType":1,
      "ConnectedWireIndex":0,
      "ConnectedWireSegmentIndex":0,
      "Points":[{"x":-7.33329,"y":1.21669},{"x":-7.23457,"y":-0.67901},{"x":0.0,"y":0.0}]
    },
    {
      "SourcePinAddress":{
        "PinID":329703237,
        "PinOwnerID":35664693
      },
      "TargetPinAddress":{
        "PinID":1479226400,
        "PinOwnerID":217384817
      },
      "ConnectionType":0,
      "ConnectedWireIndex":-1,
      "ConnectedWireSegmentIndex":-1,
      "Points":[{"x":0.0,"y":0.0},{"x":0.0,"y":0.0}]
    },
    {
      "SourcePinAddress":{
        "PinID":1686933192,
        "PinOwnerID":985484005
      },
      "TargetPinAddress":{
        "PinID":0,
        "PinOwnerID":1205674528
      },
      "ConnectionType":0,
      "ConnectedWireIndex":-1,
      "ConnectedWireSegmentIndex":-1,
      "Points":[{"x":0.0,"y":0.0},{"x":0.0,"y":0.0}]
    }
  ],
  "Displays": null
}