{
  "DLSVersion": "2.1.6",
  "Name": "BUS",
  "NameLocation": 0,
  "ChipType": 0,
  "Size": {
    "x": 0.575,
    "y": 1.0
  },
  "Colour": {
    "r": 0.218088061,
    "g": 0.2000702,
    "b": 0.6498094,
    "a": 1
  },
  "InputPins":[
    {
      "Name":"IN",
      "ID":119816915,
      "Position":{
        "x":-24.69424,
        "y":3.67723
      },
      "BitCount":1,
      "Colour":0,
      "ValueDisplayMode":0
    },
    {
      "Name":"IN",
      "ID":644248452,
      "Position":{
        "x":-24.69424,
        "y":2.95473
      },
      "BitCount":1,
      "Colour":0,
      "ValueDisplayMode":0
    },
    {
      "Name":"IN",
      "ID":1105291546,
      "Position":{
        "x":-24.69424,
        "y":2.25553
      },
      "BitCount":1,
      "Colour":0,
      "ValueDisplayMode":0
    },
    {
      "Name":"IN",
      "ID":824931690,
      "Position":{
        "x":-24.69424,
        "y":1.52525
      },
      "BitCount":1,
      "Colour":0,
      "ValueDisplayMode":0
    }
  ],
  "OutputPins":[
    {
      "Name":"OUT",
      "ID":346051591,
      "Position":{
        "x":-13.51093,
        "y":3.72385
      },
      "BitCount":1,
      "Colour":0,
      "ValueDisplayMode":0
    },
    {
      "Name":"OUT",
      "ID":2027626064,
      "Position":{
        "x":-13.51093,
        "y":3.24218
      },
      "BitCount":1,
      "Colour":0,
      "ValueDisplayMode":0
    },
    {
      "Name":"OUT",
      "ID":1431646006,
      "Position":{
        "x":-13.51093,
        "y":2.70612
      },
      "BitCount":1,
      "Colour":0,
      "ValueDisplayMode":0
    },
    {
      "Name":"OUT",
      "ID":694978971,
      "Position":{
        "x":-13.51093,
        "y":2.14676
      },
      "BitCount":1,
      "Colour":0,
      "ValueDisplayMode":0
    }
  ],
  "SubChips":[],
  "Wires":[
    {
      "SourcePinAddress":{
        "PinID":0,
        "PinOwnerID":824931690
      },
      "TargetPinAddress":{
        "PinID":0,
        "PinOwnerID":694978971
      },
      "ConnectionType":0,
      "ConnectedWireIndex":-1,
      "ConnectedWireSegmentIndex":-1,
      "Points":[{"x":0.0,"y":0.0},{"x":0.0,"y":0.0}]
    },
    {
      "SourcePinAddress":{
        "PinID":0,
        "PinOwnerID":1105291546
      },
      "TargetPinAddress":{
        "PinID":0,
        "PinOwnerID":1431646006
      },
      "ConnectionType":0,
      "ConnectedWireIndex":-1,
      "ConnectedWireSegmentIndex":-1,
      "Points":[{"x":0.0,"y":0.0},{"x":0.0,"y":0.0}]
    },
    {
      "SourcePinAddress":{
        "PinID":0,
        "PinOwnerID":644248452
      },
      "TargetPinAddress":{
        "PinID":0,
        "PinOwnerID":2027626064
      },
      "ConnectionType":0,
      "ConnectedWireIndex":-1,
      "ConnectedWireSegmentIndex":-1,
      "Points":[{"x":0.0,"y":0.0},{"x":0.0,"y":0.0}]
    },
    {
      "SourcePinAddress":{
        "PinID":0,
        "PinOwnerID":119816915
      },
      "TargetPinAddress":{
        "PinID":0,
        "PinOwnerID":346051591
      },
      "ConnectionType":0,
      "ConnectedWireIndex":-1,
      "ConnectedWireSegmentIndex":-1,
      "Points":[{"x":0.0,"y":0.0},{"x":0.0,"y":0.0}]
    }
  ],
  "Displays": null
}