{
  "ProjectName": "4 Bit",
  "DLSVersion_LastSaved": "2.1.6",
  "DLSVersion_EarliestCompatible": "2.0.0",
  "CreationTime": "2025-08-23T16:02:31.910+07:00",
  "LastSaveTime": "2025-08-24T14:56:19.456+07:00",
  "Prefs_MainPinNamesDisplayMode": 1,
  "Prefs_ChipPinNamesDisplayMode": 1,
  "Prefs_GridDisplayMode": 0,
  "Prefs_Snapping": 0,
  "Prefs_StraightWires": 0,
  "Prefs_SimPaused": false,
  "Prefs_SimTargetStepsPerSecond": 1000,
  "Prefs_SimStepsPerClockTick": 250,
  "AllCustomChipNames":[
    "NOT",
    "AND",
    "OR",
    "XOR",
    "FULL ADDER",
    "RP ADDER",
    "D LATCH",
    "NOR",
    "D FLIP FLOP",
    "1 BIT REG",
    "4 BIT REG",
    "ADD SUB",
    "7 SEG DRI",
    "OR 4",
    "OR 3",
    "OR 5",
    "AND 3",
    "BLANK NEG DRI",
    "BUFFER",
    "Arithmetic Unit",
    "UP DOWN SHIFT",
    "1x 4 bit RAM",
    "ALU",
    "CONTROL UNIT",
    "CPU",
    "Sign Conv",
    "LOOP4",
    "UP DOWN CTR",
    "EQUAL",
    "DIV",
    "OR BITWISE",
    "AND BITWISE",
    "COMPARATOR",
    "XNOR",
    "COMPARATOR 4 BIT",
    "AND 4",
    "SHIFT",
    "FLOW",
    "MUL",
    "MDU",
    "LOOP1",
    "ABS",
    "NOT BITWISE",
    "DIV SIGNED",
    "CONST",
    "XOR BITWISE",
    "Computer",
    "Encoder",
    "OR 8",
    "Encoder 3 BIT"
  ],
  "StarredList":[
    {
      "Name":"IN/OUT",
      "IsCollection":true
    },
    {
      "Name":"NAND",
      "IsCollection":false
    },
    {
      "Name":"NOT",
      "IsCollection":false
    },
    {
      "Name":"AND",
      "IsCollection":false
    },
    {
      "Name":"OR",
      "IsCollection":false
    },
    {
      "Name":"XOR",
      "IsCollection":false
    },
    {
      "Name":"FULL ADDER",
      "IsCollection":false
    },
    {
      "Name":"RP ADDER",
      "IsCollection":false
    },
    {
      "Name":"D LATCH",
      "IsCollection":false
    },
    {
      "Name":"NOR",
      "IsCollection":false
    },
    {
      "Name":"D FLIP FLOP",
      "IsCollection":false
    },
    {
      "Name":"1 BIT REG",
      "IsCollection":false
    },
    {
      "Name":"4 BIT REG",
      "IsCollection":false
    },
    {
      "Name":"ADD SUB",
      "IsCollection":false
    },
    {
      "Name":"7 SEG DRI",
      "IsCollection":false
    },
    {
      "Name":"OR 4",
      "IsCollection":false
    },
    {
      "Name":"OR 3",
      "IsCollection":false
    },
    {
      "Name":"OR 5",
      "IsCollection":false
    },
    {
      "Name":"AND 3",
      "IsCollection":false
    },
    {
      "Name":"7-SEGMENT",
      "IsCollection":false
    },
    {
      "Name":"BLANK NEG DRI",
      "IsCollection":false
    },
    {
      "Name":"3-STATE BUFFER",
      "IsCollection":false
    },
    {
      "Name":"BUFFER",
      "IsCollection":false
    },
    {
      "Name":"Arithmetic Unit",
      "IsCollection":false
    },
    {
      "Name":"UP DOWN SHIFT",
      "IsCollection":false
    },
    {
      "Name":"1x 4 bit RAM",
      "IsCollection":false
    },
    {
      "Name":"ALU",
      "IsCollection":false
    },
    {
      "Name":"BUS-1",
      "IsCollection":false
    },
    {
      "Name":"CONTROL UNIT",
      "IsCollection":false
    },
    {
      "Name":"CPU",
      "IsCollection":false
    },
    {
      "Name":"CLOCK",
      "IsCollection":false
    },
    {
      "Name":"Sign Conv",
      "IsCollection":false
    },
    {
      "Name":"LOOP4",
      "IsCollection":false
    },
    {
      "Name":"UP DOWN CTR",
      "IsCollection":false
    },
    {
      "Name":"EQUAL",
      "IsCollection":false
    },
    {
      "Name":"DIV",
      "IsCollection":false
    },
    {
      "Name":"OR BITWISE",
      "IsCollection":false
    },
    {
      "Name":"AND BITWISE",
      "IsCollection":false
    },
    {
      "Name":"COMPARATOR",
      "IsCollection":false
    },
    {
      "Name":"XNOR",
      "IsCollection":false
    },
    {
      "Name":"COMPARATOR 4 BIT",
      "IsCollection":false
    },
    {
      "Name":"AND 4",
      "IsCollection":false
    },
    {
      "Name":"SHIFT",
      "IsCollection":false
    },
    {
      "Name":"FLOW",
      "IsCollection":false
    },
    {
      "Name":"MUL",
      "IsCollection":false
    },
    {
      "Name":"MDU",
      "IsCollection":false
    },
    {
      "Name":"LOOP1",
      "IsCollection":false
    },
    {
      "Name":"ABS",
      "IsCollection":false
    },
    {
      "Name":"NOT BITWISE",
      "IsCollection":false
    },
    {
      "Name":"DIV SIGNED",
      "IsCollection":false
    },
    {
      "Name":"CONST",
      "IsCollection":false
    },
    {
      "Name":"XOR BITWISE",
      "IsCollection":false
    },
    {
      "Name":"Computer",
      "IsCollection":false
    },
    {
      "Name":"Encoder",
      "IsCollection":false
    },
    {
      "Name":"OR 8",
      "IsCollection":false
    },
    {
      "Name":"Encoder 3 BIT",
      "IsCollection":false
    }
  ],
  "ChipCollections":[
    {
      "Chips":["NAND","CLOCK","PULSE","KEY","3-STATE BUFFER"],
      "IsToggledOpen":true,
      "Name":"BASIC"
    },
    {
      "Chips":["IN-1","IN-4","IN-8","OUT-1","OUT-4","OUT-8"],
      "IsToggledOpen":false,
      "Name":"IN/OUT"
    },
    {
      "Chips":["1-4BIT","1-8BIT","4-8BIT","4-1BIT","8-4BIT","8-1BIT"],
      "IsToggledOpen":false,
      "Name":"MERGE/SPLIT"
    },
    {
      "Chips":["BUS-1","BUS-4","BUS-8"],
      "IsToggledOpen":true,
      "Name":"BUS"
    },
    {
      "Chips":["7-SEGMENT","DOT DISPLAY","RGB DISPLAY","LED"],
      "IsToggledOpen":false,
      "Name":"DISPLAY"
    },
    {
      "Chips":["ROM 256×16"],
      "IsToggledOpen":false,
      "Name":"MEMORY"
    },
    {
      "Chips":["BUZZER","NOT","AND","OR","XOR","FULL ADDER","RP ADDER","D LATCH","NOR","D FLIP FLOP","1 BIT REG","4 BIT REG","ADD SUB","7 SEG DRI","OR 4","OR 3","OR 5","AND 3","BLANK NEG DRI","BUFFER","Arithmetic Unit","UP DOWN SHIFT","1x 4 bit RAM","ALU","CONTROL UNIT","CPU","Sign Conv","LOOP4","UP DOWN CTR","EQUAL","DIV","OR BITWISE"],
      "IsToggledOpen":false,
      "Name":"OTHER"
    }
  ]
}